"type","question","options","answer"
"单选题","《政府采购代理机构管理暂行办法》所称 的政府采购代理机构是指0。","A. 集中采购机构和受采购人委托从事政府采购代理业务的社会中介机构
B. 集中米购机构
C. 集中采购机构以外、受采购人委托从事政府采购代理业务的社会中介机构
D. 受采购人委托从事政府采购代理业务的采购代理机构","C"
"单选题","各级人民政府0依法对采购代理机构从 事政府采购代理业务进行监督管理。","A. 监察部门
B. 纪检部门
C. 财政部门
D. 发展改革部门","C"
"单选题","政府采购代理机构实行0。","A. 资格认定管理
B. 名录登记管理
C. 名录准入管理
D. 资格审核管理","B"
"单选题","0依托中国政府采购网省级分网建立政 府采购代理机构名录。","A. 设区市财政部门
B. 市级财政部门
C. 省级财政部门
D. 财政部","C"
"单选题","政府采购代理机构名录信息0。","A. 省级区域肉共享无须向社会公开
B. 省级区域肉共享并向社会公开
C. 全国共享无须向社会公开
D. 全国共享并向社会公开","D"
"单选题","采购代理机构应当通过0省级分网填报 以下信息申请进入名录，并承诺对信息真 实性负责。","A. 资格认定管理地
B. 资格审核管理地
C. 工商登记注册地
D. 政府采购从业地","C"
"单选题","采购代理机构登记信息发生变更的，应当 在信息变更之日起0内自行更新。","A. 10个工作曰
B. 100
C. 7个工作日
D. 7曰","A"
"单选题","采购人应当根据项目特点、代理机构专业 领域和综合信用评价结果，从名录中（） 代理机构。","A. 摇号选择
B. 遽选
C. 抽签选择
D. 自主择优选择","D"
"单选题","采购文件的保存期限为从采购结束之日起 至少0。","A. 五年
B. 十年
C. 十五年
D. 二十年","C"
"单选题","下列哪一项不属于采购代理机构在中国政 府采购网省级分网进行名录登记时需要填 报的信息。0","A. 代理机构名称、统一社会信用代码、办公场所地址、联系电话等机构信息
B. 法定代表人及专职从业人员有效身份证明等个人信息；内部监督管理制度
C. 在自有场所组织评审工作的，应当提供评审场所地址、监控设备设施情况
D. 市级财政部口要求提供的其他材料","D"
"单选题","采购代理机构应当严格按照0依法依规开 展政府采购代理业务。","A. 按照委托代理协议的约定
B. 按照与采购人的口头约定
C. 按照采购代理机构负责人的要求
D. 按照采购监管机构的要求","A"
"单选题","采购代理机构（）在采购文件中明示代理费 用收取方式及标准，随中标、成交结果一 并公开本项目收费情况，包括具体收费标 准及收费金额等。","A. 可以
B. 应当
C. 需要
D. 视情况","B"
"单选题","对代理机构的监督检查结果应当在（） 以上 财政部口指定的政府采购信息发布媒体向 社会公开。","A. 省级
B. 设区市级
C. 市级
D. 县级","A"
"单选题","根据《政府采购代理机构管理暂行办法 »,采购代理机构在代理政府采购业务 时，下列哪项行为不属于应当追究法律责 任的违法行为？（）","A. 擅自变更采购文件或者采购结果的
B. 与采购人、供应商恶意串通的
C. 在采购过程中接受贿赂或者获取其他不正当利益的
D. 为了提高工作效率，将部分非核也辅助工作分包给其他具备资质的机构完成","D"
"单选题","0可根据《政府采购代理机构管理暂行办 法》规定制定具体实施办法。","A. 省级人民政府
B. 省级财政部门
C. 市级人民政府
D. 市级财政部门","B"
"单选题","关于采购代理机构的名录登记，以下说法 错误的是0。","A. 省级财政部门依托中国政府采购网省级分网建立政府采购代理机构名录
B. 登记信息发生变更的，代理机构应当在信息变更之日起10日肉自行更新
C. 代理机构登记信息不完整的，财政部门应当及时告知其完善登记资料
D. 代理机构登记信息完整清晰的，财政部门应当及时为其开通相关政府
采购管理交易系统信息发布、专家抽取等操作权限","B"
"单选题","代理机构登记信息不完整的，0应当及 时告知其完善登记资料","A. 中国政府采购网省级分网
B. 中国政府采购网
C. 财政部门
D. 监察部门","C"
"单选题","政府采购代理机构在其注册地省级行政区划以外从业的，应当向从业地财政部门申请开通政府采购管理交易系统相关操作权限，从业地财政部门 0。","A. 不得要求其重复提交登记材料
B. 可以要求其重新提交登记材料
C. 应当要求其在从业地设立分支机构
D. 可以要求其在从业地设立分支机构","A"
"单选题","采购代理机构注销时，应当向0移交档案。","A. 政府采购监管部门
B. 财政部门
C. 相关米购人
D. 相关供应商","C"
"单选题","采购代理机构注销时，应当0。","A. 销毁档案
B. 向相关采购人移交档案
C. 向相关行政主管部口移交档案
D. 及时向注册地所在设区的市级财政部口办理名录注销手续","B"
"单选题","采购代理机构注销时，应当及时向注册地 所在0办理名录注销手续。","A. 财政部
B. 省级财政部门
C. 市级财政部门
D. 县级财政部门","B"
"单选题","根据《政府采购代理机构管理暂行办法 »,采购代理机构代理政府采购业务，应当拥有不少于0熟悉政府采购法律法规、具备编制采购文件和组织采购活动等相应能力的专职从业人员。","A. 3名
B. 5名
C. 10名
D. 15名","B"
"单选题","有关政府采购代理费用，说法错误的是 0","A. 可以由中标供应商支付
B. 可以由成交供应商支付
C. 可以由采购人支付
D. 可以由采购监管部口支付","D"
"单选题","供应商可W在采购活动结束后0内，在 政府采购信用评价系统中记录代理机构的 职责履行情况。","A. 5曰
B. 5个工作日
C. 7曰
D. 7个工作日","B"
"单选题","某代理机构被所在地省级财政部口依法作出了 ""禁止其一年肉代理政府采购业务""的行政处罚。处罚决定下达时，该机构尚有呈个已签订委托代理协议的项目处于不同阶段：项目一未启动；项目二己完成需求沟通对接，采购文件己定稿；项目王己完成评审即将发布中标公告。根据《暂行办法》，该代理机构及采购人应如何处置这呈个项目？","A. 呈个项目均可由该代理机构继续执行完毕，以保障项目连续性和采购人利益
B. 项目一、二必须立即终止委托协议，项目三可由该代理机构负责完成后续蒂后下作
C. 项目一必须终止，项目二、兰因己开始执行，为减少损失，应继续由该机构完成
D. 所有项目必须立即全部终止，由采购人重新委托其他代理机构","B"
"单选题","某高校委托""致远代理公司""采购一批精 密实验设备，项目预算为1亿元（该地分 散采购限额标准为30万元）。双方在委托 协议中约定代理费为40万元。根据《暂行 办法》关于代理费用支付的规定，W下哪 种收费方案是明确合规的？","A. 根据谁委托，谁付费原则，代理费只能由高校直接从项目财政资金中
列支支付给致远公司
B. 代理费由中标供应商支付，且在招标文件中明确告知所有投标人，该40万元费用将包含在合同总价中，由中标供应商在领取中标通知书前一次性付清
C. 代理费由中标供应商支付，招标文件仅写明""代理费由中标人支付，
具体金额另行协商""，未明示标准
D. 为保障代理机构权益，协议约定无论项目是否成交，采购人均需支付
5万元基础服务费","B"
"单选题","根据《政府采购代理机构管理暂行办法 》，以下说法错误的是0。","A. 代理机构在其注册地省级行政区划以外从业的，应当向从业地财政部
门申请开通政府采购管理交易系统相关操作权限
B. 代理机构应当对名录登记中代理机构名称、统一社会信用代码、办公场
所地址、联系电话等机构信息的真实性负责
C. 代理机构应当根据从业地财政部门要求再次提交登记材料
D. 代理机构注销时，应当向相关采购人移交档案，并及时向注册地所在
省级财政部门办理名录注销手续","C"
"单选题","根据《政府采购代理机构管理暂行办法 »,有关采购代理机构代理政府采购业务 应当具备的条件，错误的是0。","A. 具有独立承担民事责任的能力
B. 建立完善的政府采购内部监督管理制度
C. 拥有不少于3名熟悉政府采购法律法规、具备编制采购文件和组织采购
活动等相应能力的专职从业人员
D. 具备独立办公场所和代理政府采购业务所必需的办公条件","C"
"单选题","根据《政府采购代理机构管理暂行办法 »,下列哪一项不属于采购人从名录中自 主择优选择政府采购代理机构的依据0。","A. 项目特点
B. 代理机构专业领域
C. 代理机构综合信用评价结果
D. 代理机构收费情况","D"
"单选题","根据《政府采购代理机构管理暂行办法»,采购代理机构代理政府采购业务，在自有场所组织评审工作的，应当具备必要的评审场地和录音录像等监控设备设施并符合0规定的标准。","A. 省级人民政府
B. 省级财政部n
C. 市级人民政府
D. 市级财政部0","A"
"多选题","根据《政府采购代理机构管理暂行办法 》，代理机构的名录登记信息包括（） 0","A. 代理机构名称、统一社会信用代码
B. 法定代表人及专职从业人员有效身份证明
C. 内部监督管理制度
D. 评审场所地址及监控设备设施情况
E. 办公场所地址、联系电话","ABCDE"
"多选题","代理机构在注册地省级行政区划W外从业 时，应当（）。","A. 向从业地财政部门申请开通操作权限
B. 向注册地财政部门申请开通操作权限
C. 从业地财政部门不得要求重复提交登记材料
D. 从业地财政部门可强制要求设立分支机构
E. 从业地财政部门不得强制要求设立分支机构","ACE"
"多选题","根据《政府采购代理机构管理暂行办法 》，代理机构代理政府采购业务应具备（ ) 0","A. 具有独立承担民事责任的能力
B. 拥有不少于5名专职从业人员
C. 具备独立办公场所
D. 在自有场所组织评审工作时，具备必要的评审场地和监控设备
E. 完善的政府采购肉部监督管理制度","ABCDE"
"多选题","根据《政府采购代理机构管理暂行办法 》，采购人选择代理机构时，应考虑（ )","A. 项目特点
B. 代理机构专业领域
C. 代理机构综合信用评价结果
D. 代理机构收费情况
E. 代理机构所有制形式","ABC"
"多选题","根据《政府采购代理机构管理暂行办法 》，代理机构在采购活动中应（）。","A. 全程录音录像
B. 录音录像应清晰可辨
C. 音像资料作为采购文件存档
D. 音像资料无需存档
E. 全程录音，无需录像，节省存储空间","ABC"
"多选题","根据《政府采购代理机构管理暂行办法 》，代理费用的支付方式包括（）。","A. 由中标供应商支付
B. 由成交供应商支付
C. 由采购人支付
D. 由采购监管部门支付
E. 由评审专家支付","ABC"
"多选题","代理机构实行名录登记管理，省级财政部 门不依托（）建立政府采购代理机构名录。","A. 中国政府采购网省级分网
B. 地方政务服务网
C. 财政部门内部系统
D. 第三方商业平台
E. 招标协会平台","BCDE"
"多选题","根据《政府采购代理机构管理暂行办法 》，以下不属于政府采购代理机构的是（ )","A. 行政机关
B. 社会中介机构
C. 事业单位
D. 国有企业
E. 军队采购处","ACDE"
"多选题","代理机构在采购活动结束后，供应商应在 ()内记录其职责履行情况。请选出错误 的选项。","A. 5个工作日
B. 7个工作日
C. 10个工作曰
D. 15个工作曰
E. 20个日历曰","BCDE"
"多选题","根据《政府采购代理机构管理暂行办法 》，代理机构在注销时应（）","A. 向相关采购人移交档案
B. 向注册地省级财政部口办理名录注销手续
C. 销毁所有档案
D. 无需移交档案
E. 向从业地县级以上财政部口办理名录注销手续","AB"
"多选题","根据《政府采购代理机构管理暂行办法 》，代理机构在采购活动中应（）。","A. 在采购文件中明示收费方式及标准
B. 随中标、成交结果一并公开收费情况
C. 无需公开收费情况
D. 由采购人决定是否公开收费情况
E. 可根据项目情况决定是否公开收费情况","AB"
"多选题","根据《政府采购代理机构管理暂行办法 »,财政部门对代理机构的监督检查方式 包括（）。","A. 定向抽查
B. 不定向抽查
C. 重点检查
D. 定期检查
E. 区域检查","AB"
"多选题","根据《政府采购代理机构管理暂行办法 》，代理机构在采购活动中应（）。","A. 及时答复供应商质疑
B. 配合财政部门处理投诉
C. 无需答复供应商质疑
D. 仅向采购人通报质疑情况
E. 及时答复供应商的询问","ABE"
"多选题","根据《政府采购代理机构管理暂行办法 》，代理机构在采购活动中应（）。","A. 依法编制采购文件
B. 依法发布信息公告发布
C. 依法抽取评审专家
D. 依法组织评审会议
E. 根据委托协议，协助采购人组织验收","ABODE"
"多选题","政府采购项目，代理机构在采购活动中应 ()C","A. 依法收取保证金
B. 及时退还保证金
C. 不得收取保证金
D. 无需根据委托代理协议或采购人的意见，完全由代理决定是否收取保证金
E. 可根据自己喜好，设定保证金金额","AB"
"多选题","根据《政府采购代理机构管理暂行办法 》，代理机构在保存采购文件时应注意（ )C","A. 不得伪造、变造、隐匿或销毁采购文件
B. 采购文件保存期限至少为十五年
C. 可采用电子档案方式保存
D. 电子档案需符合相关法律法规要求
E. 敏感项目，档案保存期限可以缩短至五年","ABCD"
"多选题","政府采购代理机构实行名录登记管理，省 级财政部门建立的名录具有哪些特征？（ )","A. 依托中国政府采购网省级分网建立
B. 名录信息全国共享
C. 名录信息向社会公开
D. 仅在省级行政区域内有效
E. 依托中国招标与采购网建立","ABC"
"多选题","代理机构应当在采购文件中明示代理服务 费的肉容包括（）","A. 代理费用收取方式
B. 代理费用收取标准
C. 采购项目预算金额
D. 评审专家名单
E. 预缴存的相关规定","AB"
"多选题","任何单位和个人不得W ()等方式干预采 购人自行选择代理机构。","A. 摇号
B. 抽签
C. 遗选
D. 比选
E. 所有选项都符合","ABCDE"
"多选题","代理机构受采购人委托办理采购事宜，应 当与采购人签订委托代理协议，明确（） 等具体事项，约定双方权利义务。","A. 采购代理范围、权限、期限、档案保存
B. 代理费用收取方式及标准
C. 协议解除及终止
D. 违约责任
E. 档案保存责任","ABCDE"
"多选题","有关采购代理机构代理采购人开展政府采 购业务的权利依据，错误的是（）。","A. 按照与采购人的口头约定
B. 按照采购代理机构负责人的要求
C. 按照采购监管机构的要求
D. 按照预算主管部门的要求
E. 按照双方签订的委托代理协议","ABCD"
"多选题","财政部门负责组织开展代理机构综合信用 评价工作。（）根据代理机构的从业情况 对代理机构的代理活动进行综合信用评价","A. 采购人
B. 供应商
C. 评审专家
D. 财政部门
E. 监察部门","ABC"
"多选题","根据《政府采购代理机构管理暂行办法 》，下列属于监督检查肉容的是（）。","A. 代理机构名录信息的真实性
B. 委托代理协议的签订和执行情况
C. 采购文件编制与发售、评审组织、信息公告发布、评审专家抽取及评价情况
D. 保证金收取及退还情况，中标或者成交供应商的通知情况
E. 受托签订政府采购合同、协助采购人组织验收情况","ABCDE"
"多选题","根据《政府采购代理机构管理暂行办法 》，下列属于监督检查肉容的是（）。","A. 受托签iT政府采购合同、协助采购人组织验收情况
B. 答复供应商质疑、配合财政部口处理投诉情况
C. 档案管理情况
D. 保证金收取及退还情况，中标或者成交供应商的通知情况
E. 供应商提供虚假材料谋取中标的情况","ABCD"
"多选题","代理机构E在代理政府采购项目过程中， 出现下行为，其中违反《政府采购代理 机构管理暂行办法》的有（）","A. 在自有场所组织评审，但未配备录音录像监控设备
B. 代理费用由中标供应商支付，但未在采购文件中明示收取标准
C. 因办公场所搬迁，在信息变更后15个工作日内更新名录登记信息
D. 接受采购人委托后，未签巧书面委托代理协议即开展采购活动
E. 采用电子档案方式保存采购文件，该电子档案符合《中华人民共和国
电子签名法》要求","ABCD"
"多选题","采购人拟委托代理机构代理一项政府采购 项目，下列关于代理机构选择及委托代理 协议的表述，符合规定的有（）","A. 采购人应从省级财政部口建立的代理机构名录中选择代理机构
B. 采购人可根据项目特点和代理机构综合信用评价结果择优选择
C. 某行业主管部口要求该行业内采购人必须通过摇号方式选择代理机
构，该要求符合规定
D. 委托代理协议应明确代理费用收取方式及标准、违约责任等事项
E. 委托代理协议可约定由采购人负责保存采购文件，保存期限为自采购
结束之日起10年","ABD"
"多选题","代理机构D因违法违规被财政部口处以禁 止代理政府采购业务的处罚，关于其已签 iT的委托代理协议处理，下列做法正确的 有（）","A. 所有已签订协议的项目均应立即终止
B. 尚未开始执行的项目，应及时终止委托代理协议
C. 己经开始执行且确因客观原因无法终止的项目，应妥善做好善后工作
D. 己经开始执行的项目，无论何种情况均需终止
E. 可与采购人协商延续部分紧急项目的代理协议","BC"
"多选题","某财政部门在对代理机构C进行监督检查 时，发现以下情形，其中属于监督检查法 定肉容的有（）","A. C机构名录中记载的办公场所地址与实际办公地址不一致
B. C机构与采购人签iT的委托代理协议中未明确档案保存责任
C. C机构在评审活动中未按规定全程录音录像
D. C机构未在采购文件中公开代理费用收取标准
E. C机构从业人员中熟悉政府采购法律法规的专职人员仅5名","ABCD"
"多选题","代理机构B受采购人委托代理一项政府采 购项目，关于代理费用及采购文件保存的 相关规定，下列表述正确的有（）","A. 代理费用可由采购人支付，也可由中标供应商支付，若由中标供应商
支付，其报价应包含该费用
B. 若代理费用超过分散采购限额标准，可以由中标、成交供应商支付，
也可由采购人支付
C. 采购文件保存期限为采购结束之日起至少十五年，仅可采用纸质档案方式保存
D. 若委托代理协议约定由財几构保存采购文件，其不得伪造、变造采购文件
E. B机构应在采购文件中明示代理费用收取方式及标准，并随中标结果公开具体收费金额","ADE"
"多选题","某政府采购代理机构A在工商登记注册地 为甲省，拟在乙省承接一项政府采购代理 业务。关于A机构在乙省从业的相关要 求，下列说法正确的有（）","A. 需向乙省财政部门申请开通政府采购管理交易系统相关操作权限
B. 应在乙省设立分支机构后，方可申请开通操作权限
C. 无需向乙省财政部门重复提交名录登记材料
D. 需在信息变更后10个工作日内更新乙省财政部门留存的登记信息
E. 乙省财政部门可要求其补充提交部分与甲省登记内容不一致的材料","AC"
"判断题","代理机构的名录登记、从业管理、信用评 价及监督检查适用《政府采购代理机构管 理暂行办法》。()","A. 对
B. 错","A"
"判断题","代理机构应当通过工商登记注册地中国政 府采购网省级分网填报名录登记信息申请 进入名录，并承诺对信息真实性负责。 ()","A. 对
B. 错","A"
"判断题","代理机构登记信息发生变更的，应当在信 息变更之日起7个工作日内自行更新。 ()","A. 对
B. 错","B"
"判断题","代理机构受采购人委托办理采购事宜，应 当与采购人签iT委托代理协议，明确采购 代理范围、权限、期限、档案保存、代理 费用收取方式及标准、协议解除及终止、 违约责任等具体事项，约定双方权利义务 ()","A. 对
B. 错","A"
"判断题","代理机构应当严格按照委托代理协议的约 定依法依规开展政府采购代理业务，相关 开标及评审活动应当全程录音录像。()","A. 对
B. 错","A"
"判断题","代理费用可以由中标、成交供应商支付， 也可由采购人支付。（）","A. 对
B. 错","A"
"判断题","财政部门负责组织开展代理机构综合信用 评价工作，综合信用评价结果应当全国共旱。()","A. 对
B. 错","A"
"判断题","财政部n应当建立健全定向抽查和不定向 抽查相结合的随机抽查机制。()","A. 对
B. 错","A"
"判断题","采购代理机构代理政府采购业务时，应具 备不少于10名熟悉政府采购法律法规的专 职从业人员。()","A. 对
B. 错","B"
"判断题","各级人民政府依法对代理机构从事政府采 购代理业务进行监督管理。()","A. 对
B. 错","B"
"判断题","代理机构在其注册地省级行政区划以外从 业的，应当向从业地财政部口申请开通政 府采购管理交易系统相关操作权限。()","A. 对
B. 错","A"
"判断题","采购人应当根据项目特点、代理机构专业 领域和综合信用评价结果，从名录中自主 择优选择代理机构。()","A. 对
B. 错","A"
"判断题","代理费用超过分散采购限额标准的，原则 上由采购人支付。（）","A. 对
B. 错","B"
"判断题","采购文件的保存期限为从采购结束之日起 至少二十年。()","A. 对
B. 错","B"
"判断题","采购人、评审专家应当在采购活动或评审 活动结束后7个工作日肉，在政府采购信 用评价系统中记录代理机构的职责履行情况。0","A. 对
B. 错","B"
"判断题","对代理机构的监督检查结果应当在市级以上财政部门指定的政府采购信息发布媒体向社会公开。()","A. 对
B. 错","B"
"判断题","代理机构在采购活动中应在采购文件中明 示收费方式及标准，随中标、成交结果一 并公开收费情况。()","A. 对
B. 错","A"
"判断题","政府采购代理机构的名录登记管理由省级 人民政府负责。（）","A. 对
B. 错","B"
"判断题","采购代理机构注销时，应当向财政部门移 交档案。()","A. 对
B. 错","B"
"判断题","采购代理机构在自有场所组织评审工作 时，应具备的监控设备设施应符合省级财 政部门规定的标准。()","A. 对
B. 错","B"
"判断题","供应商可以在采购活动结束后5个工作日 内，在政府采购信用评价系统中记录代理 机构的职责履行情况。()","A. 对
B. 错","A"
"判断题","财政部门对代理机构的监督检查结果应在 市级以上财政部门指定的媒体上公开。 ()","A. 对
B. 错","B"
"判断题","受到财政部门禁止代理政府采购业务处罚的代理机构，己经签订委托代理协议但尚未开始执行的项目，应当及时终止委托代理协议。()","A. 对
B. 错","A"
"判断题","政府采购行业协会按照依法制定的章程开 展活动，加强代理机构行业自律。()","A. 对
B. 错","A"
"判断题","""迅捷代理公司""仅有3名专职员工，为满足法定人数要求，长期借用其关联公司2名员工的社保和执业资格进行名录登记。在一次代理项目结束后，它将该项目的全部采购文件电子扫描件存档，并以此为由，销毁了所有纸质原始文件。上述两种行为均违反了行业惯例，应当及时纠正。这个结论对吗？","A. 对
B. 错","A"
"判断题","某代理机构接受采购人委托，在代理服务期间，发现采购人提出的采购需求存在明显倾向性。该代理机构反复建议后采购人仍不修改，代理机构最终按照采购人的意见编制并发布了采购文件。后因采购需求违法受到供应商质疑投诉，代理机构称其是""按采购人要求执行""，应当由采购人承担责任，代理机构无责。该说法对吗？","A. 对
B. 错","B"
"判断题","代理机构在注册地省级行政区划以外从业时，应当向注册地财政部门申请开通操作权限。（）","A. 对
B. 错","B"
"判断题","采购人选择代理机构时，应考虑项目特点 、代理机构专业领域、代理机构综合信用 评价结果、代理机构收费情况。()","A. 对
B. 错","B"
"判断题","采购文件应当采用电子档案方式保存。()","A. 对
B. 错","B"
"判断题","财政部门工作人员在代理机构管理中存在 滥用职权、玩忽职守、询私舞弊等违法违 纪行为的，依照《中华人民共和国政府采 购法》《中华人民共和国公务员法》《中 华人民共和国行政监察法》《中华人民共 和国政府采购法实施条例》等国家有关规 定追究相关责任；涉嫌犯罪的，依法移送 司法机关处理。","A. 对
B. 错","A"
"单选题","某采购人自主择优选择1家代理机构代理业务， 须在系统中上传什么？","A. 单位介绍信
B. 法定代表人授权
C. 单位内控领导小组会议纪要
D. 代理机构推荐函","C"
"单选题","综合评价的核心和基础是哪一项？","A. 业绩评价
B. 诚信评价
C. 专业知识评价
D. 企业基本情况","B"
"单选题","对应行政处罚警告以下（不含）及责令整改的情 形（可免于扣分或首次免于扣分的除外），诚信 扣多少分？","A. 5分
B. 10分
C. 15分
D. 20分","B"
"单选题","当诚信评价扣分达到多少分时，系统对该代理机 构标注为“较大失信企业”？","A. 5分
B. 10分
C. 15分
D. 20分","C"
"单选题","当诚信评价扣分达到或超过多少分时，系统对该 代理机构标注为“严重失信企业”？","A. 10分
B. 15分
C. 20分
D. 30分","D"
"单选题","诚信扣分期限内再次出现诚信扣分情况，所扣分 值如何计算？","A. 累计计算
B. 翻倍
C. 按原分值计算
D. 清零后重新计算","B"
"单选题","每年1月1日至12月31日期间，没有承接代理政府 采购项目的，业绩评价扣多少分（当年7月1日之 后备案的除外）？","A. 5分
B. 10分
C. 15分
D. 20分","B"
"单选题","业绩评价分达到多少分时，系统将自动暂停代理 机构系统账号操作权限？","A. -10分
B. -20分
C. -30分
D. -40分","B"
"单选题","当代理机构业绩评价分为负数时，每承接完成1 个政府采购项目加多少分，直至业绩分归0？","A. 1分
B. 2分
C. 3分
D. 4分","B"
"单选题","《福建省政府采购代理机构执业综合评价规则 （2024版）》的有效期为多久？","A. 1年
B. 2年
C. 3年
D. 4年","C"
"单选题","所有代理机构的诚信评价基础分均为多少分？","A. 40分
B. 50分
C. 60分
D. 70分","B"
"单选题","代理机构业绩评价的满分是多少分？","A. 20分
B. 25分
C. 30分
D. 35分","B"
"单选题","代理机构专业知识评价的满分是多少分？","A. 15分
B. 20分
C. 25分
D. 30分","B"
"单选题","代理机构企业基本情况的满分是多少分？","A. 5分
B. 10分
C. 15分
D. 20分","A"
"单选题","为鼓励代理机构做专做精、做大做强，设置附加 分，附加分总分多少分？","A. 5分
B. 10分
C. 15分
D. 20分","B"
"单选题","项目采购人和评审专家线上评价的“基本满意” 对应的分值范围是多少？","A. 60-69分
B. 70-89分
C. 80-89分
D. 90分及以上","B"
"单选题","相关人员应在项目办结后多少个工作日内完成线 上评价，逾期未评价的默认为基本满意","A. 3个
B. 5个
C. 7个
D. 10个","B"
"单选题","诚信分被扣10分时，业绩分值如何处理？","A. 保留四分之一
B. 清零
C. 保留三分之一
D. 保留一半","D"
"单选题","诚信分被扣15分及以上的，业绩分值如何处理？","A. 保留四分之一
B. 清零
C. 保留三分之一
D. 保留一半","B"
"单选题","每年1月1日至12月31日期间（诚信未扣分），承 接代理超过5个政府采购项目的，每多完成1个加 多少分？","A. 0.1
B. 0.2
C. 0.3
D. 0.4","B"
"单选题","专业知识评价的线上测试每年多少次？","A. 1次
B. 2次
C. 3次
D. 4次","A"
"单选题","代理机构专业知识线上测试的时间为每年哪个时 间段？","A. 3月1日至20日
B. 4月1日至20日
C. 5月1日至20日
D. 6月1日至20日","B"
"单选题","代理机构备案入库的专职人员不得少于多少人","A. 3人
B. 4人
C. 5人
D. 6人","C"
"单选题","准备备案入库的代理机构在完成系统注册后参加 除每年4月份外每个月1号-20号进行的测试，最 少5名专职人员参加，测试分数应达到多少分以上","A. 60分
B. 70分
C. 80分
D. 90分","C"
"单选题","某代理机构原综合评价总分为110分，期间诚信 分被扣15分（诚信分总分为50分），那么该代理 机构综合评价分数及等级分别为多少？","A. 95分 A级
B. 85分 B-级
C. 70分 B-级
D. 60分 C-级","D"
"单选题","某代理机构2025年诚信评价被扣分情况如下：3 月因责令整改扣10分（期限3个月），5月又因同 类问题扣10分。该机构两次诚信扣分累计分值为多少？","A. 10分
B. 20分
C. 30分
D. 40分","C"
"单选题","某代理机构备案专职人员6人（2025年1月1日系统数据），2025年专业知识测试应参考人数按备案人员70%（有余数向上取整）确定，且最低参考人数不低于上一年度项目数对应的标准（上一年度政府采购项目数180个）。该机构2025年专业知识测试最少需多少人参加？","A. 4人
B. 5人
C. 6人
D. 7人","B"
"单选题","某代理机构2025年综合评价各部分得分：诚信50 分（无扣分）、业绩25分（满分）、专业知识18 分。该机构是否符合附加分启用条件，若符合附 加分最高可得多少？","A. 不符合，0分
B. 符合，5分
C. 符合，8分
D. 符合，10分","D"
"单选题","某代理机构2025年综合评价总得分为98分，其中 诚信评价50分（无扣分）、业绩25分（满分）、 专业知识18分、企业基本情况5分，附加分0分。 该机构综合评价等级为多少？","A. A级
B. A+级
C. B级
D. C级","A"
"单选题","某代理机构2025年10月诚信评价被扣15分（期限 6个月），2025年11月完成1个符合要求的政府采 购项目。该机构2025年11月业绩分值是否增加？","A. 增加，加2分
B. 增加，加4分
C. 不增加
D. 增加，加1分","C"
"多选题","福建省政府采购代理机构执业综合评价包括以下 哪些部分？（ ）","A. 诚信评价
B. 业绩评价
C. 专业知识评价
D. 企业基本情况
E. 附加分","ABCDE"
"多选题","在参加政府采购普法测试过程中存在以下哪些情 形，视为代理机构严重违规失信行为？（ ）","A. 作弊
B. 替考
C. 代考
D. 缺考
E. 迟到","ABC"
"多选题","代理机构企业基本情况由代理机构如实填报，包 括以下哪些情况？（ ）","A. 登记情况
B. 配置情况
C. 管理情况
D. 经营情况
E. 违规情况","ABCD"
"多选题","当诚信评价扣分达到一定分值时，系统会对代理 机构进行标注，分为“较大失信企业”和“严重 失信企业”，以下哪些属于“严重失信企业”的 情形？（ ）","A. 当诚信评价扣分值为10分
B. 当诚信评价扣分值为15分
C. 当诚信评价扣分值为30分
D. 当诚信评价扣分值为50分
E. 当诚信评价扣分值为40分","CD"
"多选题","当诚信评价扣分达到一定分值时，系统会对代理 机构进行标注，分为“较大失信企业”和“严重 失信企业”，以下哪些属于“严重失信企业”的 情形？（ ）","A. 当诚信评价扣分值为10分
B. 当诚信评价扣分值为15分
C. 当诚信评价扣分值为30分
D. 当诚信评价扣分值为50分
E. 当诚信评价扣分值为40分","CDE"
"多选题","业绩评价是对代理机构承接并按规定完成代理政 府采购项目进行的客观评价，以下关于业绩评价 的说法正确的有？（ ）","A. 所有代理机构的业绩评价分值均从0开始累计
B. 业绩评价分达到-20分的，系统将自动暂停代理机构系统账号操作权限
C. 每个项目在完成合同签订且质疑、投诉有效期过后计入业绩分
D. 每个自然年度内完成的项目数量以项目结束时间为准；次年度1月1日起重新计算项目数
E. 业绩评价分达到-10分的，系统将自动暂停代理机构系统账号操作权限","ABCD"
"多选题","业绩评价是对代理机构承接并按规定完成代理政 府采购项目进行的客观评价，以下关于业绩评价 的说法正确的有？（ ）","A. 每年1月1日至12月31日期间，没有承接代理政府采购项目的
扣10分（当年7月1日之后备案的代理机构除外）
B. 每年1月1日至12月31日期间，承接代理 1-5个政府采购项目
的不扣分也不加分
C. 代理机构在诚信失分期间，业绩分值不增加
D. 当代理机构业绩评价分为负数时，每承接完成1个政府采购
项目的加业绩分2分，直至业绩评价分归0
E. 代理机构在诚信失分期间，增加业绩分值减半计算","ABCD"
"多选题","专业知识评价采取线上测试方式，以下关于专业 知识评价的说法正确的有？（ ）","A. 每年1次，测试时间为每年4月1日至20 日
B. 代理机构备案入库的专职人员不得少于 5人
C. 当参加测试人数小于代理机构最低应参考人数时，代理机构成绩记0分
D. 代理机构被处罚暂停代理资格的，从期满后的下个月起，可
以重新通过备案入库的测试获取专业知识评价分
E. 当参加测试人数小于代理机构备案专职人员数量70%时，代理机构成绩记0分","ABCD"
"多选题","专业知识评价采取线上测试方式，以下关于专业 知识评价的说法正确的有？（ ）","A. 每年1次，测试时间为每年4月1日至20日
B. 代理机构备案入库的专职人员不得少于 6人
C. 准备备案入库的代理机构在完成系统注册后参加除每年4月
份外每个月1号-20号进行的测试，最少5名专职人员参加，测试
分数应达到80分以上
D. 在参加政府采购普法测试过程中存在作弊、替考、代考情形
的，视为代理机构严重违规失信行为，将予以诚信扣15分的处
罚，期限6个月，同时专业知识成绩记0分
E. 代理机构被处罚暂停代理资格的，处罚之日起，可以重新通
过备案入库的测试获取专业知识评价分","ACD"
"多选题","项目采购人和评审专家对代理机构线上评价线上 评价为百分制，区分四个层级，以下说法正确的 有？（ ）","A. 91分及以上为很满意
B. 70-90分为基本满意
C. 60-69分为一般
D. 60分以下为较差
E. 70-89分为基本满意","CDE"
"多选题","诚信评价实行扣分制，以下关于诚信扣分的说法 正确的有？（ ）","A. 所有代理机构的诚信评价基础分均为50分
B. 对应行政处罚警告以下（不含）及责令整改的情形，诚信扣
10分，期限3个月
C. 对应行政处罚警告以上（含）的情形，诚信扣15分，期限6
个月，到期所扣分值自动返还
D. 在诚信扣分期限内再次出现诚信扣分情况，所扣分值翻倍
E. 诚信评价被扣分，附加分清零","ABCDE"
"多选题","当诚信评价扣分达到一定分值时，系统会对代理 机构进行标注，以下说法正确的有？（ ）","A. 当诚信评价扣分达到15分时，系统对该代理机构标注为“较
大失信企业”
B. 当诚信评价扣分超过30分时，系统对该代理机构标注为“严
重失信企业”
C. 当诚信评价扣分达到30分时，系统对该代理机构标注为“严
重失信企业”
D. 当诚信评价扣分达到20分时，系统对该代理机构标注为“严
重失信企业”
E. 当诚信评价扣分达到10分时，系统对该代理机构标注为“较
大失信企业”","ABC"
"多选题","业绩评价是对代理机构承接并按规定完成代理政 府采购项目进行的客观评价，以下关于业绩评价 的说法正确的有？（ ）","A. 所有代理机构的业绩评价分值均从0开始累计
B. 每年1月1日至12月31日期间，没有承接代理政府采购项目的
扣10分（当年7月1日之后备案的代理机构除外）
C. 每年1月1日至12月31日期间，承接代理1-5 个政府采购项目
的不扣分也不加分
D. 每个项目在完成合同签订且质疑、投诉有效期过后计入业绩
分
E. 代理机构在诚信失分期间，业绩分值不增加","ABCDE"
"多选题","完成代理并纳入当年度业绩分的政府采购项目须 满足下 列哪些条件？（ ）","A. 从接受采购人委托起至项目完成合同签订且在法律规定时间
内未发生因代理机构方责任导致投诉、举报成立的
B. 项目采购人和评审专家对代理机构线上评价平均分达到基本
满意以上
C. 代理的政府采购项目程序清晰，各类公告发布符合要求
D. 在接入远程音视频监管平台的场所内组织采购活动
E. 保证金管理情况符合要求、项目资料整理齐全","ABCDE"
"多选题","以下关于业绩评价中扣分和加分的说法正确的 有？（ ）","A. 因采购人、代理机构责任导致质疑成立的并与代理机构有关
的，该代理项目业绩不得分
B. 诚信分被扣10分时，同时扣当前业绩分值的一半
C. 诚信分被扣15分及以上的，业绩分值清零
D. 当代理机构业绩评价分为负数时，每承接完成1个政府采购
项目的加业绩分2分，直至业绩评价分归0
E. 代理机构在诚信失分期间，业绩分值不增加","ABCDE"
"多选题","专业知识评价采取线上测试方式，以下关于专业 知识评价的说法正确的有？（ ）","A. 每年1次，测试时间为每年4月1日至20日
B. 代理机构备案入库的专职人员不得少于5人
C. 以上一年度代理机构（含分支机构）完成代理政府采购项目
数量为基数，少于或等于 200个的，参加测试的最少人数为5人
D. 系统将取所有参考人员中成绩最高的X名人员（X=代理机构
最低应参考人数）的平均分 ×代理机构应参加测试的专职人员
的合格率作为代理机构成绩
E. 代理机构被处罚暂停代理资格的，从期满后的下个月起，可
以重新通过备案入库的测试获取专业知识评价分","ABCDE"
"多选题","以下关于专业知识评价中测试人数的说法正确的 有？（）","A. 代理机构参加普法测试的专职人员数量应当不小于所有备案
专职人员数量（以每年1月 1日系统中的数据为准）的70%（有
余数时向上取整）
B. 代理机构参加普法测试的专职人员数量应当不小于代理机构
专职人员参加测试的最低人数
C. 每年1月份会在省级政府采购门户网站上公布当年度代理机
构专职人员应参加测试的人数和最低人数
D. 准备备案入库的代理机构在完成系统注册后参加除每年4月
份外每个月1号-20号进行的测试，最少5名专职人员参加
E. 代理机构参加普法测试的专职人员数量应当不小于所有备案专职人员数量（以每年1月 1日系统中的数据为准）的70%（有余数时四舍五入）","ABCD"
"多选题","附加分的设置是为了鼓励代理机构做专做精、做 大做强，启用附加分应当满足以下哪些条件？（ ）","A. 业绩评价达到满分25分
B. 诚信评价未被扣分
C. 专业知识评价分达到16分及以上
D. 企业基本情况评价满分
E. 受到监管部门嘉奖","ABC"
"多选题","根据《福建省政府采购代理机构执业综合评价规 则（2024 版）》，以下关于附加分的说法正确 的有？（ ）","A. 总分为10分
B. 含附加分在内，总分不超过 110 分
C. 诚信评价被扣分，附加分清零
D. 业务知识评价分低于16分，附加分清零
E. 诚信评价被扣分，附加分减半","ABCD"
"多选题","代理机构综合评价分为 A、B、C 三个等级，以 下关于等级划分的说法正确的有？（ ）","A. A级：总分在90分（不含）以上且诚信评价未失分
B. B级：总分在70-90分
C. C级：总分在70分以下
D. 总分达到108分及以上时，其等级显示为A+
E. C级：总分在60分以下","ABCD"
"多选题","代理机构综合评价分为 A、B、C 三个等级，以 下关于等级划分的说法正确的有？（ ）","A. A 级：总分在 90 分（不含）以上且诚信评价分扣10分以下
B. B 级：总分在70-90分
C. C 级：总分在70分以下
D. 诚信评价分不满50分时，其等级显示为X-（X可为B或C）
E. 总分达到108分及以上时，其等级显示为A+","BCDE"
"多选题","采购人选择代理机构的方式有以下哪些？（ ）","A. 自主择优选择1家代理机构代理业务，须在系统中上传单位
内控领导小组会议纪要
B. 由系统择优推送，按1：1的比例自动推送在该区域诚信执业
的A、B级代理机构供采购人从中随机抽取1家
C. 采购人自行设立代理机构库，实行动态管理，结合代理机构
评价等级，随时清退和补充，从中随机抽取1家代理机构
D. 直接指定代理机构,无须上传任何资料
E. 由系统择优推送，按2：1的比例自动推送在该区域诚信执业
的A、B级代理机构供采购人从中随机抽取1家","ABC"
"多选题","福建省政府采购代理机构执业综合评价分的分值 情况哪些是正确的？（ ）","A. 诚信评价基础分均为50分
B. 业绩评价分值满分为25分
C. 专业知识评价分值满分20分
D. 代理机构企业基本情况分值满分为5分
E. 附加分总分为10分","ABCDE"
"多选题","采购人自行设立代理机构库的，应实行动态管 理，结合代理机构评价等级，随时清退和补充， 从中随机抽取1家代理机构的，应符合下列哪些 条件？（ ）","A. 必须在福建省政府采购网备案的有效代理机构库中选取，数
量规模应不少于3家
B. 必须在福建省政府采购网备案的有效代理机构库中选取，数
量规模应不少于16家
C. 库中的B级代理机构数量应不少于A级代理机构的数量，不选
A级的除外
D. 库中的B级代理机构数量与A级代理机构的数量按1：1的比例
配比，不选A级的除外
E. 库中的B级代理机构数量与A级代理机构的数量按2：1的比例
配比，不选A级的除外","AC"
"多选题","某代理机构所有备案专职人员数量（以每年1月1 日系统中的数据为准）为15人，参加测试最低专 职人员数量7人，该代理机构参加普法测试的专 职人员数量至少是几人？错误的有哪些？（ ）","A. 7人
B. 10人
C. 11人
D. 15人
E. 8人","ABDE"
"多选题","根据《福建省政府采购代理机构执业综合评价规 则（2024 版）》，下列描述中哪些是正确的？ （ ）","A. 在参加政府采购普法测试过程中存在作弊、替考、代考情形的， 视为代理机构严重违规失信行为，将予以诚信扣15分的处
罚，期限6个月，同时专业知识成绩记0分
B. 在参加政府采购普法测试过程中存在作弊、替考、代考情形
的，视为代理机构严重违规失信行为，将予以诚信扣10分的处
罚，期限3个月，同时专业知识成绩记0分
C. 代理机构企业基本情况评价中任何一项经核实为虚假，则该
代理机构企业基本情况评价按0分处理，同时再扣诚信评价
10分，期限3个月，并将其列入年度监督检查重点对象
D. 代理机构企业基本情况评价中任何一项经核实为虚假，则该
代理机构企业基本情况评价按0分处理，同时再扣诚信评价
15分，期限6个月，并将其列入年度监督检查重点对象
E. 代理机构企业基本情况评价中任何一项经核实为虚假，则该
代理机构企业基本情况评价按0分处理，同时再扣诚信评价
5分，期限6个月，并将其列入年度监督检查重点对象","AC"
"多选题","某福建省政府采购代理机构于2025年5月备案入库，备案专职人员6人。2025年该机构承接并完成政府采购项目8个，其中1个项目因代理机构工作失误导致投诉成立，其余项目均满足业绩计分的各项程序要求，采购人和评审专家线上评价平均分为78分。2025年诚信评价无扣分记录，专业知识测试20分。则该机构2025年业绩评价得分错误的是（ ）","A. 0.4分
B. 0.6分
C. 25.4分
D. 25.6分
E. 20.4分","BCDE"
"多选题","某代理机构所有备案专职人员数量为8人，2025年1月1日至12月31日期间，承接代理235个政府采购项目,参加测试人数为5人，成绩分别为：100、98、96、95、80，该代理机构的专业知识评价分错误的有哪些？（ ）","A. 18.76分
B. 19分
C. 20分
D. 19.25分
E. 0分","ABCD"
"多选题","某代理机构所有备案专职人员数量为14人，2025 年1月1日至12月31日期间，承接代理235个政府 采购项目,参加测试人数为10人，成绩分别为：6 个100、2个98、2个80，该代理机构的专业知识 评价分错误的有哪些？（ ）","A. 17.73分
B. 19.7分
C. 20分
D. 0分
E. 19.5分","ABDE"
"多选题","某代理机构2025年1月1日至12月31日期间，承接 代理107个政府采购项目,诚信未扣分。其中，1 个质疑已答复的项目已完成合同签订但在投诉有 效期内；1个项目采购人和评审专家评审专家对 代理机构线上评价平均分为68分。该代理机构的 业绩分错误的有哪些？（ ）","A. 5分
B. 10分
C. 15分
D. 20分
E. 21分","ABCE"
"判断题","福建省政府采购代理机构执业综合评价规则 （2024版）有效期为5年。","A. 对
B. 错","B"
"判断题","诚信评价的基础分所有代理机构均为60分。","A. 对
B. 错","B"
"判断题","业绩评价的满分是25分。","A. 对
B. 错","A"
"判断题","每年1月1日至12月31日期间，承接代理 1-5个政 府采购项目的加5分。","A. 对
B. 错","B"
"判断题","企业基本情况评价满分5分，需代理机构如实填 报相关信息并上传证明材料。","A. 对
B. 错","A"
"判断题","附加分总分值为10分，含附加分在内综合评价总 分不超过100分。","A. 对
B. 错","B"
"判断题","专业知识评价中，参加测试的专职人员数量需不 小于备案专职人员数量的60%（有余数时向上取整）。","A. 对
B. 错","B"
"判断题","线上评价逾期未评价的默认为满意。","A. 对
B. 错","B"
"判断题","代理机构备案入库的专职人员不得少于6人。","A. 对
B. 错","B"
"判断题","诚信扣分达到15分时，系统会将代理机构标注为 “严重失信企业”。","A. 对
B. 错","B"
"判断题","业绩评价中，每年7月1日之后备案的代理机构， 当年未承接项目不扣10分。","A. 对
B. 错","A"
"判断题","综合评价等级中，A+级要求总分在90分（不含） 以上且诚信评价未失分。","A. 对
B. 错","B"
"判断题","对应行政处罚警告以上（含）的情形，诚信扣15 分，期限3个月，到期所扣分值自动返还。","A. 对
B. 错","B"
"判断题","综合评价起始等级所有入库代理机构均为C级。","A. 对
B. 错","B"
"判断题","附加分清零的情形包括诚信评价被扣分或专业知 识评价分低于16分。","A. 对
B. 错","A"
"判断题","业绩评价中，每个自然年度内完成的项目数量以 项目开始时间为准。","A. 对
B. 错","B"
"判断题","企业基本情况评价中若有一项信息经核实为虚 假，该部分评价按0分处理，同时扣诚信评价20分。","A. 对
B. 错","B"
"判断题","专业知识评价中，准备备案入库的代理机构最少 5名专职人员参加测试，且分数需达到80分以上 。","A. 对
B. 错","A"
"判断题","采购人自行设立代理机构库时，库中B 级代理机 构数量应不少于A级代理机构数量（不选A级的除外）。","A. 对
B. 错","A"
"判断题","业绩评价分达到-10分时，系统将自动暂停代理 机构系统账号操作权限。","A. 对
B. 错","B"
"判断题","诚信扣分期限内再次出现诚信扣分情况，所扣分 值按原标准计算，不翻倍。","A. 对
B. 错","B"
"判断题","专业知识评价中，系统将取所有参考人员的平均 分作为代理机构成绩。","A. 对
B. 错","B"
"判断题","线上评价中，70-89分对应的层级为“很满意”","A. 对
B. 错","B"
"判断题","每个项目在完成合同签订时计入业绩分。","A. 对
B. 错","B"
"判断题","专业知识评价中，某代理机构上一年度完成代理 项目250个，其参加测试的最低人数为7人。","A. 对
B. 错","B"
"判断题","某代理机构诚信评价被扣15分，其业绩分值将清 零，在诚信失分期间，每承接完成1个政府采购 项目加2分。","A. 对
B. 错","B"
"判断题","业绩评价中，当评价分为负数时，每承接完成1 个政府采购项目加0.2分，直至业绩分归0。","A. 对
B. 错","B"
"判断题","专业知识评价得分计算方式为：所有参考人员中 成绩最高的X名（X=最低应参考人数）的平均分 ×合格率，再按20%比例换算，若参加测试人数 小于最低应参考人数，成绩记0分。","A. 对
B. 错","A"
"判断题","采购人委托C级代理机构开展项目时，该项目无 需纳入年度重点监督检查项目。","A. 对
B. 错","B"
"判断题","系统择优推送代理机构时，采购人选择区域后， 系统按1：1比例推送该区域诚信执业的A、B级代 理机构，且推送数量下限为16家，采购人不可调 整数量规模。","A. 对
B. 错","B"
"单选题","在某市""智慧交通平台""公开招标项目的评审中，评 标委员会就A供应商所投核也设备的一项技术参数是 否满足采购文件要求产生重大分歧，持两种不同意 见，且争论不休。此时，评标委员会应当采取的唯一 合规做法是（）","A. 由采购人决定
B. 由评标委员会组长决定
C. 按照少数服从多数的原则投票
D. 由现场监督人员决定","C"
"单选题","F省某单位采购项目的评审阶段，采购人代表张某在 专家名单生成后，擅自将密封的评审委员会名单拍照 通过微信发送给未参与本次采购的同事王某查阅。该 项目采购代理机构项目负责人李某察觉此事后未予制 止，该情形中应对泄露评审委员会名单承担直接保密 责任的主体是（）","A. 财政部门
B. 所有供应商
C. 采购人和采购代理机构
D. 评审委员会成员之间","C"
"单选题","某政府采购项目的评审会议开始前，评审专家王某携 带手机进入评审区。采购代理机构现场工作人员发现 后，依据评审纪律要求其上交手机统一保管。王某表 示手机需处理私人紧急事务，拒绝上交。遇到上述情 况，采购人或采购代理机构可以怎么做？（）","A. 记录其拒交手机全过程，让王某签署""自愿自担后果""声明后允许具继续评审
B. 采购人i采购代理机构可以拒绝其参加评审工作并向财政部口报告
C. 由现场监督人员对王某进行口头警告，并在评审室内増设手机信号
屏蔽器后允许其继续评审
D. 为不影响项目进度，同意王某将手机调为静音后继续评审，并加强场内巡查","B"
"单选题","某政府采购项目评审过程中，评审委员会发现采购文 件存在以下情形，请问哪些情况下评审委员会应当停 止评审工作？","A. 采购文件对某技术参数的表述存在两种合理解释，评审委员会经讨
论己达成一致理解，评审工作可以正常进行
B. 采购文件将特定行业的业绩作为资格条件，涉嫌违反《政府采购法
》关于公平竞争的规定，但不影响评审打分操作
C. 采购文件评分标准中分值设置出现笔误，某项分值总和为99分而非
100分，经核算可修正后继续评审
D. 采购文件要求供应商提供己废止的行政许可证明，导致满足资格要
求的供应商数量可能为零，无法开展实质性评审","D"
"单选题","在某省政府采购中必组织的""医疗设备采购项目""评 审后，供应商质疑评审专家存在倾向性行为。财政部 门调查时，发现该中也因未保存评审过程的录音录像 资料，导致关键证据缺失。此情形直接违反了针对该 类采购机构的哪项特定管理规定？（）","A. 由采购人决定是否录像
B. 对评审工作现场进行全过程录音录像
C. 允许采购人代表录像监督
D. 根据需要决定是否录像","B"
"单选题","依据《财政部关于进一步规范政府采购评审工作有关 问题的通知》（财库〔2012) 69号）中""严肃政府采 购评审工作纪律""的规定，评审结果汇总完成后，采 购人、采购代理机构和评审委员会均不得修改评审结 果或者要求重新评审，下列哪种情形除外（）","A. 采购人认为评审结果不符合采购预期，提出合理调整建议的
B. 资格性检查认定错误、分值汇怠计算错误的
C. 采购代理机构发现评审流程存在细微瑕疵，但不影响评审结果的
D. 评审委员会部分成员认为某供应商评分偏低，提出重新打分的","B"
"单选题","在A省某政府采购项目，评审委员会正在按照规定推 选组长，以下不得担任组长的是（）","A. 采购人代表
B. 技术专家
C. 经济专家
D. 法律专家","A"
"单选题","某政府采购项目，为保证评审公平公正，采购人决定 委派纪检监察等相关人员进入评审现场进行监督。那 么，采购人委派的此类人员最多不得超过（）人。","A. 1
B. 2
C. 3
D. 4","B"
"单选题","财库(2012)閒号要求，采购机构须对评审现场进行 ()","A. 全过程录音录像
B. 关键环节拍照
C. 仅录音不录像
D. 由采购人自行决定是否录像","A"
"单选题","评审委员会成员要对所有投标或响应文件（）进行资 格性和符合性检查。","A. 逐一
B. 独立
C. 同时
D. 重点","A"
"单选题","评审专家拒不上交通讯工具的，采购人或代理机构可 以 ( )。","A. 拒绝其参加评审并向财政部n报告
B. 允许其自行保管并继续评审
C. 允许其继续评审但给予口头警告
D. 当场罚款","A"
"单选题","评审委员会如需要供应商对投标或响应文件有关事项 作出澄清的，下列哪项做法是错误的？（）","A. 给予供应商必要的反馈时间
B. 澄清事项不得超出投标或响应文件的范围
C. 不得通过澄清对供应商实行差别对待
D. 可以要求供应商对投标文件进行实质性内容的修改","D"
"单选题","A中学采购一批办公用品采购，通过政府采购公开招标确定了A供应商为中标人。未中标的B供应商对采购结果提出质疑，称中标人提供的部分产品不符合招标文件里的质量标准。采购代理机构经过调查核实，认定B供应商的质疑成立，这一质疑答复使得原本的中标结果需要改变。采购代理机构应当将相关情况报（ )备案。","A. 主管部门
B. 监察部门
C. 行政部门
D. 财政部门","D"
"单选题","某单位政府采购项目评审当日，A评审专家在签到后 突发疾病无法参与，B评审专家在评审前主动申明与 投标人近期存在合作需回避。采购代理机构紧急尝试 从专家库补抽，但2小时后仍未成功匹配到符合专业 要求的专家，评审现场专家数量己低于法定标准。此 时，采购代理机构应当采取的正确处理方式是（）","A. 经在场多数专家同意后，减少1名专家继续评审
B. 立即停止评审工作，封存所有投标文件，择期重新组建评审委员会
C. 由采购人单位增派2名代表加入评委会参与评审
D. 邀请现场财政监管人员作为临时专家完成评审","B"
"单选题","某政府购买服务项目，采用竞争性磋商评审时，评审委员会发现甲供应商在响应文件中对设备核也配件的规格描述不清，这可能影响对其产品适配性的判断。为确保采购公平合理，准确评估各供应商情况，评审委员会如需要供应商对投标或响应文件有关事项作出澄清的，应当（ ）","A. 要求供应商以口头形式澄清
B. 要求供应商当场立即答复
C. 给予供应商必要的反馈时间
D. 只接受书面澄清，不设时限","C"
"单选题","在某设备政府采购项目的评审过程中，评审委员会成 员在详细审查投标文件时发现，某供应商提供的安全 生产许可证（采购文件明确要求）己过有效期。依据 相关规定，该情形应被认定为资格性检查不符合要求 。这主要体现了财库〔2012) 69号文中关于评审委员 会应（）的要求。","A. 对供应商的价格分等客观评分项的评分应当一致
B. 对其他需要借助专业知识评判的主观评分项，应当严格按照评分细
则公正评分
C. 推荐中标或成交候选供应商，并按照顺序排列
D. 对所有投标或响应文件逐一进行资格性、符合性检查","D"
"单选题","在某服务类政府采购项目评审过程中，评审委员会成 员发现某供应商在其投标文件中提供的业绩证明材料 存在虚假情况，经仔细核查确认无误。此时评审委员 会正确的处理方式是（）","A. 直接取消该供应商的投标资格，继续完成其他供应商的评审工作
B. 记录下该情况，等评审结束后口头告知采购人
C. 及时向采购人或采购代理机构报告该供应商提供虚假材料的违法违
规行为
D. 忽略该情况，按照正常流程完成评审，保证项目按时推进","C"
"单选题","某大型设备采购项目，专家抽取结束后在采购结果确 定前，采购人将该名单透露给了参与投标的一家供应 商。以下说法正确的是（）","A. 这有助于供应商提前与专家沟通，使评审更高效
B. 该行为违反了政府采购相关规定，采购人需承担相应法律责任
C. 对采购流程没有实质影响，不用过于关注
D. 只需对采购人进行批评教育，采购项目可按原计划进行","B"
"单选题","国家税务怠局福建省税务局因集中采购目录内的业务 需要，需要进行税务平台运维服务政府采购，该单位 可以从以下哪个平台抽取评审专家？（）","A. 直接从本地发改专家库
B. 从国家税务总局内部专家库直接指定
C. 省级财政部门专家库
D. 向社会公开招募技术专家","C"
"单选题","在某医院综合楼绿色建材采购项目复核过程中，采购 人、采购代理机构发现评委对于A供应商的评分情况 存在崎高、崎低的重大差异情况。现依据相关规定， 采购人、采购代理机构应组织评审委员会（）。","A. 对评审数据进行校对、核对，对崎高、崎低的重大差异评分应当按
照采购文件评审
B.对评审数据进行校对、核对，对崎高、崎低的重大差异评分可以重新评审，
对评审数据进行校对、核对，对崎高、崎低的重大差异评分可以提示评审委员会复核或书面说明理由
D.独立评审并对评审意见承担个人责任","C"
"单选题","供应商对评审结果提出质疑，认为其在技术评分中被 严重低估，要求重新评审。采购人拟组织原评审委员 会协助处理质疑。但原评审委员会7名专家中，有2名 专家因出国无法到场，针对上述复杂情形，下列哪一 处理方案符合文件要求？（）","A. 采购人直接组织剩余日名原评委处理质疑，对供应商评分进行修正
并出具处理意见，无需考虑缺席评委意见。
B. 采购人应等待2名缺席评委回国后再组织完整的7名原评委处理质
疑，确保原评审委员会完整性。
C. 采购人组织剩余5名原评委处理质疑，在形成处理意见前通过书面
形式征询2名缺席评委意见，综合所有原评委意见后出具最终处理结果。
D. 采购人应重新抽取2名新专家补充进入评审委员会，与剩余5名原评
委共同组成7人委员会处理质疑。","C"
"单选题","在某高校教学设备政府采购项目评审现场，一名评审 专家在评审过程中多次接听电话，并在与其他专家交 流时，暗示其倾向于某特定供应商。采购人现场监督 的代表和代理机构工作人员多次提醒无效。对于此类 评审专家违反评审工作纪律的行为，最终应当由（ )依法进行调查处理。","A. 负责该评审现场组织协调的公共资源交易中也
B. 组织本次采购活动的采购代理机构
C. 对评审现场实施监督的纪检监察部口
D. 对政府采购活动负有监督管理的财政部口","D"
"单选题","根据《财政部关于进一步规范政府采购评审工作有关 问题的通知》（财库〔2012) 69号），中央驻京外单 位抽取评审专家时，不可向下列哪一级财政部门的专 家库申请？","A. 直辖市财政部门专家库
B. 省级财政部门专家库
C. 财政部统一建设的中央本级专家库
D. 所在地县级财政部门专家库","D"
"判断题","政府采购项目中持不同意见的评审委员会成员应当在 评审报告上签署不同意见并说明理由，否则视为同意（）","A. 正确
B. 错误","A"
"判断题","在F省Z市医院的医疗采购项目中，评审委员会推荐采 购人代表担任评审委员会组长。（）","A. 正确
B. 错误","B"
"判断题","在政府采购活动中，评审委员会成员应当依法协商评 审。（）","A. 正确
B. 错误","B"
"判断题","政府采购项目中，与评审工作无关的人员不得进入评 审现场。（）","A. 正确
B. 错误","A"
"判断题","某政府采购项目正在进行，供应商A发现自己的投标 文件里有一处关键数据填写错误，于是在澄清环节对 这一关键数据进行了大幅修改，试图让报价更有竞争 力。供应商A这种通过澄清实质性改变投标文件内容 的做法正确。（）","A. 正确
B. 错误","B"
"判断题","在某政府采购项目的评审过程中，对于甲供应商的商 务部分的某客观评分项得分问题，评审委员会成员A 认为可根据自己对市场情况的判断对评分进行微 调，成员B则坚持各评审委员会成员应当保持一致。 成员B的观点正确。（）","A. 正确
B. 错误","A"
"判断题","政府采购项目中，采购人需要在评审前介绍项目背景 和技术需求的书面材料无需作为采购项目文件存档。( )","A. 正确
B. 错误","B"
"判断题","在某高校物业政府采购项目中，采购人委派代表参加 评审委员会，向采购代理机构出具授权函。（）","A. 正确
B. 错误","A"
"判断题","在某大型政府采购项目评审结束后，评审委员会成员 李某某认为评审资料里有很多专业知识和评审技巧， 想记录下来并复制一份带走，以便日后个人学习提升 。该专家的做法符合采购评审的相关规定。（）","A. 正确
B. 错误","B"
"判断题","在某高校教学设备采购项目的评审过程中，评审委员 会成员赵教授与其中一家供应商的负责人是多年好友 。在评审期间，赵教授多次向其他成员提及该供应商 的产品优势，试图引导评审倾向。赵教授这种行为符 合评审工作的要求。（）","A. 正确
B. 错误","B"
"判断题","政府采购项目中，各级行政主管部门负责对违反评审 工作纪律的行为依法进行处理。（）","A. 正确
B. 错误","B"
"判断题","某医院准备进行一批医疗设备的政府采购招标，在评 审开始前，采购人觉得采购文件里对项目背景的描述 不够详细，担也评审委员会成员不能充分理解项目需 求。于是，采购人在介绍项目背景时，自行增加了一 些关于设备后续升级方向以及企业自身特殊的使用习 惯等采购文件未涉及的内容。采购人的这种做法符合 相关规定。（）","A. 正确
B. 错误","B"
"判断题","在某政府组织的办公家具政府采购项目评审结束后， 评审委员会按照规定对评分汇总情况开展了复核工作。在复核过程中，成员们认为只需大致核对一下总分，对于排名第一且报价最低的供应商A，觉得其得分和报价合理，无需像对待其他供应商一样进行重点复核。评审委员会的这种做法符合采购评审的相关要求。（）","A. 正确
B. 错误","B"
"判断题","在某市公立医院医疗器械政府采购项目中，供应商A 对中标结果提出质疑，采购人经过认真调查核实后给 予了答复，且该质疑答复导致原中标结果被改变。项 目负责人认为既然己经处理完质疑并变更了结果，就 不需要再向财政部口等相关部口进行备案了。这种做 法符合政府采购的相关规定。（）","A. 正确
B. 错误","B"
"判断题","在政府采购综合评审中，招标文件要求提供租赁合 同，评标委员会在评审时发现绝大多数投标文件提供 租赁合同和转账凭证佐证，故评标委员会认为租赁合 同无法证明产生了实际交易，还应提供转账凭证佐证 。未提供转账凭证佐证的供应商该项不得分。（）","A. 正确
B. 错误","B"
"判断题","F市交通局组织的公共交通设施政府采购项目评审工 作开始前，采购人按照既定规定，要求评审专家将手 机统一交由采购人保管，W防止评审过程中出现信息 泄露等违规情况。其中评审专家张教授W个人习惯为 由，坚决拒不上交手机。采购人依据相关规定，拒绝 了张教授参加本次评审工作。该做法正确。（）","A. 正确
B. 错误","A"
"判断题","在某科研机构的高端仪器政府采购项目评审过程中， 一位评审专家因突发紧急事务无法继续参与评审，且 短时间肉无法及时补齐。采购人当机立断停止了正在 进行的评审工作，安排工作人员对己评审的文件进行 封存处理，并计划在合适时间重新组建评审委员会重 新开展评审。这一做法正确。（）","A. 正确
B. 错误","A"
"判断题","在某单位智慧城市建设政府采购项目评审环节，专家 张某因突发疾病临时缺席，此时距离原定评审结束时 间已较近，且短时间肉无法及时补足。采购人经过慎 重考虑，在综合评估项目复杂程度和剩余专家专业能力后，认为减少专家数量不影响评审公正性，便同意酌情减少评审专家数量继续开展评审工作。这种做法正确（）","A. 正确
B. 错误","B"
"判断题","某政府采购项目评审过程中，评审委员会发现采购文件的技术参数设置存在明显倾向性，可能排斥潜在供应商，但评审工作仍可继续进行。评审委员会认为该问题虽属""肉容违反国家有关规定""，但未达到""重大缺陷导致评审工作无法进行""的程度，遂决定继续完成评审，同时在评审报告中注明该问题并建议采购人今后加以改进。","A. 正确
B. 错误","B"
"判断题","某校办公场地绿化养护服务政府采购招标，在评审活 动开始前，采购人为确保评审委员会清楚目前绿化养 护服务供应商的工作配合状况，比如平时修剪树木是 否及时、窺灌花草是否按时等。采购人就向评审委员 会介绍起了现有服务供应商的配合情况。该做法正确。()","A. 正确
B. 错误","B"
"判断题","在某政府采购评审中，评审专家张教授发现采购文件 里设备安全性能指标与国家新强制性安全标准冲突， 按此采购设备不达标，有安全隐患。但他因评审己进 行一部分，为不耽误进度，决定继续评审，仅打算在 报告备注。张教授此做法符合采购评审规定。（）","A. 正确
B. 错误","B"
"多选题","根据财库(2012) 69号文，采购人、采购代理机构和 评审委员会在评审工作中，要依法（），并自觉接 受各级财政部门的监督。","A. 相互合作
B. 相互监督
C. 相互制约
D. 相互通融","BC"
"多选题","政府采购项目中，评审委员会成员和评审工作有关人 员不得有下列哪些行为？（）","A. 明示或者暗示其倾向性、引导性意见
B. 征询采购人代表的倾向性意见
C. 协商评分
D. 记录、复制或带走任何评审资料","ABCD"
"多选题","采购人、采购代理机构在组织政府采购项目评审时， 应履行以下哪些职责？（）","A. 核实评审委员会成员身份，告知回避要求
B. 宣布评审工作纪律和程序
C. 根据评审委员会的要求解释采购文件
D. 对评审专家的专业技术水平、职业道德素质等进行评价","ABCD"
"多选题","政府采购的评审活动应坚持的原则，包括以下哪些内 容（）","A. 客观
B. 公正
C 审悍
D. 服从采购人指示","ABC"
"多选题","某市信息中屯、网络设备采购项目评审结束后，未中标 供应商D公司向代理机构提出质疑，要求提供评审现 场的详细讨论记录、各评委打分明细及评审委员会成 员名单，以核实评审公正性。根据《财政部关于进一 步规范政府采购评审工作有关问题的通知》（财库（ 2012) 69号），下列关于代理机构应遵循的保密要求 中，正确的有（）。","A. 评审活动应在严格保密下进行
B. 在采购结果确定前需保密评审委员会名单
C. 评审中获悉的商业秘密负有保密责任
D. 评审情况可以随意对外讨论","ABC"
"多选题","某高校""智慧校园信息系统""政府采购公开招标项目 评审前，采购人代表张某口头说单位派其为代表进入 评审现场。在身份核验时，张某被要求出示正式授权 函；推选组长时，有专家提议由张某担任；评审中， 张某手机多次响起。上述情景中，张某及采购代理机 构必须遵守的规范是（）。","A. 采购人需向代理机构出具正式授权函
B. 采购人代表有权担任评审委员会组长
C. 采购人代表须遵守评审纪律，通讯工具应交由统一保管
D. 采购人代表可携带通讯工具进入评审现场","AC"
"多选题","在政府采购评审工作中，持不同意见的评审委员会成 员应当（）","A. 保持沉默
B. 在评审报告上签署不同意见
C. 说明理由
D. 视为同意评审结论","BC"
"多选题","政府采购项目中，采购人、采购代理机构要确保评审 活动在严格保密的情况下进行，需求进行保密的情况 包括（）。","A.在采购结果确定前评审委员会名单
B. 评审情况
C. 在评审过程中获悉的国家秘密、商业秘密
D. 己公告的中标结果","ABC"
"多选题","政府采购项目中，评审委员会成员要依法独立评审， 并对评审意见承担个人责任。这要求评审委员会成员 ()","A. 可以听从采购人意见
B. 要依法独立评审
C. 对自己的评审意见负责
D. 存在争议时，可不在评审报告上签署不同意见","BC"
"多选题","下列哪些资料必须作为政府采购项目文件一并存档？","A. 全过程录音录像资料
B. 采购人书面介绍材料
C. 专家费用签收表
D. 合同的专家审查建议","AB"
"多选题","在某省政府采购项目评审准备阶段，发生下列法定情 形。根据《财政部关于进一步规范政府采购评审工作 有关问题的通知》（财库[2012]關号），采购代理 机构必须启动补抽专家程序的是（）。","A. 己确认的评审专家在评审开始前1小时来电，因突发疾病无法参加
评审
B. 己签到专家在评审开始前，发现自己与某供应商的法定代表人有近
姻亲关系，主动提出回避
C. 采购人代表认为一名评审专家的专业水平不足W胜任本次评审工作
D. 评审专家在前往评审现场的途中接到单位紧急会议通知，告知代理
机构无法参加评审","ABD"
"多选题","政府采购项目，评审委员会成员应根据政府采购法律 法规和采购文件进行评审，具体要求包括（）","A. 熟悉和理解采购文件
B. 认真阅读所有供应商的投标或响应文件
C. 对所有投标或响应文件逐一进行资格性、符合性检查
D. 按采购文件规定的评审方法和标准进行比较和评价","ABCD"
"多选题","在政府采购项目评审工作中，采购人、采购代理机构 要对评审数据进行校对、核对，对（）的重大差异 评分可以提示评审委员会复核或书面说明理由。","A. 崎高
B. 崎低
C. 所有
D. 平均","AB"
"多选题","某高校""实验设备政府采购项目""竞争性谈判项目 中，评审委员会发现供应商A、B的响应文件技术方案 异常雷同，且AB供应商提供同一产品型号的检测报告 的编号不一致。此时，评审委员会应依据相关规定， 就（）等行为及时向采购代理机构报告。","A. 提供虚假材料
B. 串通
C. 报价略高
D. 履约能力一般","AB"
"多选题","关于政府采购项目评审工作中的澄清，下列说法正确 的是（）。","A. 可以接受供应商主动提出的澄清和解释
B. 澄清不得超出投标或响应文件的范围
C. 澄清不得实质性改变投标或响应文件的肉容
D. 可以对不同供应商采取不同的澄清标准","BC"
"多选题","政府采购项目出现下列哪些情形时，评审委员会应当 现场修改评审结果并在报告中记载？","A. 客观分评分不一致
B. 分值汇总计算错误
C. 资格性检查认定错误
D. 采购人口头要求的事项","ABC"
"多选题","某市""AI影像诊断系统""政府采购项目评审结束次 日，发现以下情形，哪些属财库〔2012) 69号文规定 的""可现场修改评审结果""的情形？（）","A. 客观分""软件著作权""项7名评委给分不一致
B. 将A供应商5分误加为5. 5分导致汇总错误
C. 技术分某评委超出评分细则上限1分
D. 资格性检查误将有效医疗器械经营许可证判为不合格","ABCD"
"多选题","""智能安检仪""政府采购项目中，评审现场需要供应 商进行澄清，下列哪些做法合规？（）","A. 给需要澄清的供应商统一50分钟得澄清反馈时间
B. 要求供应商补充提交其投标文件中未包含的原厂授权书
C. 仅要求供应商A对其投标文件中""检测报告""页码错位这一明显文
字错误作出书面说明
D. 建议供应商B将其最终报价下浮5%以増强竞争力","AC"
"多选题","在某高校""智慧校园""平台建设政府采购项目公开招 标的评审阶段，采购代理机构工作人员在评审现场入 口核对人员身份。根据《财政部关于进一步规范政府 采购评审工作有关问题的通知》（财库〔2012) 69号）及相关政府采购法律法规，下列哪些人员按规 定不得进入本次评审现场？（）","A. 未获得采购人授权的审计处的纪检监察人员
B. 己提交投标文件的某供应商代表，希望进入现场观摩评审过程
C. 采购人正式委派并出具授权函的评审代表
D. 采购人为了确保程序公正，特意邀请的公证处工作人员","ABD"
"多选题","某市""智慧医疗平台""政府采购项目评审结束后，代 理机构在复核评标报告时发现：排名第一的A公司技 术得分存在计算误差，报价最低的B公司资格证明文 件有争议，C公司因技术参数偏离被作无效标处理但 未说明具体条款。此时，评审委员会应按照财库〔 2012) 69号文规定，重点复核的肉容包括（）","A. 排名第一的A公司评分汇总
B. 报价最低的B公司投标文件有效性
C. 被认定为无效标的C公司判定依据
D. 所有未中标供应商的评审记录","ABC"
"多选题","某省气象局采购一套""气象大数据分析平台""，因项目专业特殊，本地专家库资源不足，需从邻省财政部门专家库抽取1名专家。采购代理机构项目负责人王某安排助理小李办理此事。下列做法中，符合《财政部关于进一步规范政府采购评审工作有关问题的通知》（财库(2012) 69号）规定的有（）","A. 小李在抽取专家前，电话向本级财政部口工作人员进行了口头报备
B. 在抽取专家前，向本级财政部门提交了书面备案材料
C. 为节省时间，先从邻省库中完成抽取，事后向财政部门补交了情况说明
D. 经向本级财政部门备案后，从邻省财政部口专家库中随机抽取专家","BD"
"多选题","某政府采购项目进行公开招标评审，以下行为中，下 列行为违反评审纪律的是（）","A. 评审委员会成员老张在评审间隙，与采购人代表小声讨论某供应商
报价偏低，暗示该供应商可能存在低价恶性竞争
B. 评审工作有关人员小李发现采购文件中评审方法部分表述不够清
晰，为使评审更合理，自行对评审方法进行了细化完善
C. 评审委员会成员老赵在打分时，觉得某供应商方案不错，但担也分
数过高引起争议，便与其他成员协商，统一降低该供应商评分
D. 评审结束后，评审工作有关人员小周将一份评审资料复印留存，准
备后续研究参考。","ABCD"
"多选题","某政府采购项目进行评审，以下关于评审行为和结果 处理的说法，正确的有？（）","A. 评审委员会成员必须严格按照采购文件确定的评审程序、评审方法
、评审因素和评审标准进行评审，不得擅自更改。
B. 在评审过程中，评审委员会成员小吴发现采购文件中的评审标准存
在一定模糊性，为了更公平公正评审，他自行对评审标准进行了细
化，并告知其他成员按照新标准评审。
C. 评审结果汇总后，且评审委员会还未离开评审现场时，发现某供应商的客观分评分与其他成员评分差异较大，经核查是评分错误，评审委员会现场修改了该供应商的客观分评分，并在评审报告中详细记载修改原因和过程。
D. 采购代理机构工作人员小郑在评审现场，看到某供应商代表与评审
委员会成员有私下交流，便提醒评审委员会成员注意保持评审的公正
性和独立性，避免受到不当影响。","ACD"
"单选题","某省级高校采购一台500万元的设备，有本 国产品与非本国产品参与竞争，根据《国 务院办公厅关于在政府采购中实施本国产 品标准及相关政策的通知》，对本国产品 的报价给予价格扣除的比例为（ ）","A. 10%
B. 15%
C. 20%
D. 25%","C"
"单选题","福建某高校采购一批仪器仪表，涉及到多 种产品，当供应商提供的符合本国产品标 准的产品成本之和占全部产品成本之和达 到（ ）以上时，可对该供应商全部产品的 总报价给予20%的价格扣除。","A. 50%
B. 60%
C. 70%
D. 80%","D"
"单选题","在政府采购活动中，供应商提供了符合要 求的《关于符合本国产品标准的声明函》 或财政部会同有关部门规定的有关证明文 件后，采购人、采购代理机构（ ）","A. 不得再要求供应商提供其他证明材料
B. 仍可要求供应商提供其他证明材料
C. 可视情况决定是否要求提供其他证明材料
D. 必须再要求供应商提供一份备用证明材料","A"
"单选题","某科研所采购一批仪器，若供应商提供的 产品要被认定为“本国产品”，供应商须出具（ ）","A. 产品质检报告
B. 《关于符合本国产品标准的声明函》或财政部会同有关部门规定的有关证明文件
C. 产品生产厂家的授权书
D. 产品销售业绩证明","B"
"单选题","A市级高校采购货物项目中，甲公司按照要 求提供了符合规定的《关于符合本国产品 标准的声明函》后，对于该产品在本国产 品认定上的效力是（ ）","A. 还需进一步接受其他复杂审核才能认定为本国产品
B. 评审委员会可在评审环节要求供应商对该产品进行额外的产地说明
C. 该产品直接视为本国产品，采购人、采购代理机构不得再要求其他证明材料
D. 需等待一段时间后才能正式认定为本国产品","C"
"单选题","在政府采购投诉处理、监督检查中，对产 品在中国境内生产的组件成本占比、采购 项目或采购包中本国产品成本占比是否达 到规定比例存在争议时，财政部门认定的 依据是（ ）","A. 供应商自行估算的数据
B. 采购人员的经验判断
C. 中国境内生产的组件成本核算相关规则及供应商及制造商提供的组
件或产品的会计核算数据、采购合同、进货记录等
D. 市场同类产品的平均成本数据","C"
"单选题","某制造企业计划采购一套大型生产设备， 该设备由多个组件构成，部分组件在中国 境内生产，部分在境外生产。在核算这套 设备中在中国境内生产的组件成本时，按 照相关规定，一般优先按照什么组件的相 关成本进行核算( )","A. 一级组件
B. 二级组件
C. 三级组件
D. 无法确定，视情况而定","B"
"单选题","某市教育局计划采购一批教学仪器，本土 国企A、外资企业B、本土民营中小微企业C 都递交了投标文件。依据《国务院办公厅 关于在政府采购中实施本国产品标准及相 关政策的通知》，有本国产品采购支持政 策。此政策适用于此次投标中的哪些企业？（ ）","A. 仅国有企业和民营企业
B. 仅民营企业和外资企业
C. 国有企业、民营企业、外资企业等各类经营主体
D. 仅注册资本超过1000万的企业","C"
"单选题","在政府采购活动中，涉及本国产品标准的 争议事项，主要由哪个部门进行处理？（）","A. 工商行政管理部门
B. 财政部门
C. 工业和信息化部门
D. 市场监督管理部门","B"
"单选题","根据《国务院办公厅关于在政府采购中实 施本国产品标准及相关政策的通知》，在 出台具体产品的相关要求时，为确立本国 产品标准体系设置的过渡期为（ ）","A. 1-2年
B. 2-3年
C. 3-5年
D. 5-7年","C"
"单选题","根据《国务院办公厅关于在政府采购中实 施本国产品标准及相关政策的通知》，当 出现以下哪些情况时，在政府采购中本国 产品政策的执行需按照有关条约、协定执行？（）","A. 采购人自行决定政策执行方式
B. 中华人民共和国缔结或者共同参加的国际条约、协定对政府采购中
本国产品政策另有规定的
C. 采购代理机构认为现有政策不合理
D. 地方政府出台新的政府采购政策","B"
"单选题","某高校采购货物项目中，既有本国产品又 有非本国产品参与竞争，若本国产品报价 为100万元，按规定给予价格评审优惠后参 与评审的报价是（ ）","A. 80万元
B. 90万元
C. 100万元
D. 120万元","A"
"单选题","某采购项目既包含购买一批服务器（货 物），也包含为期三年的软件开发服务 （服务）。根据《国务院办公厅关于在政 府采购中实施本国产品标准及相关政策的 通知》的通知，本国产品政策主要适用于 哪个部分？（ ）","A. 服务器硬件部分
B. 软件开发服务部分
C. 都适用
D. 都不适用","A"
"单选题","在政府采购货物项目中，采购以下哪种货 物适用本国产品标准？（ ）","A. 用于博物馆展览的古代档案资料
B. 一批用于农业种植的种子
C. 用于日常办公的打印机
D. 用于发电的天然气","C"
"单选题","福建某高校采购货物项目中，对于既有本 国又有非本国产品参与竞争的项目，本国 产品报价扣除20%后参与评审。以下说法正 确的是（ ）","A. 扣除的是本国产品的成本
B. 扣除的是本国产品的报价
C. 扣除的是非本国产品的报价
D. 扣除的是非本国产品的成本","B"
"单选题","财政部门在政府采购投诉处理、监督检查 中，对于组装类产品或组件是否在中国境 内生产存在争议时，相关供应商及制造商 不需要提供的证明材料是（ ）","A. 产品或组件的采购合同
B. 产品或组件的进货记录
C. 产品或组件的市场销售记录
D. 制造、加工、组装记录","C"
"单选题","某科研所采购的货物项目，供应商所投产 品由钢材制造、加工而成。在政府采购投 诉处理、监督检查中，判断其是否在中国 境内生产，主要依据是（ ）","A. 产品或组件的采购发票
B. 产品或组件包装上依法标注的生产厂址信息
C. 产品或组件的运输记录
D. 产品或组件的广告宣传资料","B"
"单选题","根据《国务院办公厅关于在政府采购中实 施本国产品标准及相关政策的通知》，下 列哪项操作不属于属性改变的情形？（ ）","A. 将进口钢材加工成螺丝
B. 将不同组件组装成一台完整的电脑
C. 对产品进行简单的上漆和磨光
D. 使用化学原料合成新的化学制剂","C"
"单选题","根据《国务院办公厅关于在政府采购中实 施本国产品标准及相关政策的通知》，下 列哪项不适用本国产品标准？（ ）","A. 办公电脑
B. 打印机
C. 房屋和构筑物
D. 办公家具","C"
"单选题","一家电子产品企业从国外进口了一批集成 电路芯片，在国内开展生产活动。以下情 况中，（ ）能说明产品在中国境内完成了 属性改变。","A. 对进口芯片进行外观清洁，去除表面的灰尘和污渍，然后进行性能
测试，将合格的芯片挑选出来备用
B. 将进口芯片与国内采购的显示屏、外壳等零部件组装成平板电脑，
平板电脑具有全新的操作系统和多媒体娱乐、办公等功能，与芯片完全
不同
C. 把进口芯片按照不同的型号进行分类整理，然后放入专门的收纳盒
中存放
D. 为进口芯片更换新的包装袋，并在包装袋上印上企业的宣传语和产
品信息","B"
"单选题","一家玩具企业从国外进口了一批塑料颗 粒，计划在国内进行生产。以下（ ）生产 方式表明产品在中国境内实现了属性改 变，符合相关规定。","A. 将进口塑料颗粒分袋进行包装出售
B. 把进口塑料颗粒进行搅拌，使其混合均匀，然后装入大桶中储存
C. 仅在进口塑料颗粒的包装上贴上新的价格标签和产品说明
D. 将进口塑料颗粒通过注塑机，按照特定的模具制成各种造型的玩
具，如玩具汽车、玩偶等，这些玩具具有新的名称和娱乐功能，与塑料
颗粒完全不同","D"
"单选题","甲市某政府部门采购一批货物，采购包内 包含多种产品，其中供应商提供的符合本 国产品标准的产品成本为80万元，非本国 产品成本为30万元。本国产品报价100万 元，非本国产品报价40万元。那么此时参 与评审的报价是（ ）","A. 112万元
B. 100万元
C. 120万元
D. 140万元","D"
"单选题","在处理A市某单位的政府采购投诉中，对特 定产品的关键工序是否在中国境内完成存 在争议，供应商及制造商提供了关键工序 在中国境内完成的部分记录，但记录不完 整。针对以上情况，以下说法正确的是（ ）","A. 只要有部分记录，就可认定关键工序在中国境内完成
B. 财政部门应直接认定关键工序不在中国境内完成
C. 财政部门应要求供应商及制造商重新提供完整记录，在此期间暂认
定关键工序在中国境内完成
D. 供应商及制造商提供的材料不足以证明关键工序在中国境内完成，
不享受对本国产品的政府采购支持政策","D"
"单选题","上海某政府采购项目中，A供应商的投标报 价为100万，该公司在投标文件中提供的符 合本国产品标准的产品成本占全部产品成 本比例达85%，且该供应商该提供了《中小 企业声明函》声明为小型企业，招标文件 规定小、微型企业价格扣除比例为15%，则 该公司的评审价格为（ ）","A. 85万
B. 80万
C. 65万
D. 68万","C"
"多选题","《国务院办公厅关于在政府采购中实施本 国产品标准及相关政策的通知》出台的核 心目的，包括以下哪些？（ ）","A. 为构建统一开放、竞争有序的政府采购市场体系
B. 加快实施创新驱动发展战略有关要求
C. 支持应用科技创新
D. 完善政府采购制度
E. 保障各类经营主体平等参与政府采购活动","ADE"
"多选题","北京市某政府采购项目中，供应商出具了 《关于符合本国产品标准的声明函》（以 下简称“声明函），该声明函需载明的核 心信息包括（ ）","A. 产品名称
B. 生产厂名及厂址
C. 中国境内生产的组件成本占比
D. 关键组件、关键工序的生产/完成地","ABCD"
"多选题","根据《国务院办公厅关于在政府采购中实 施本国产品标准及相关政策的通知》，供 应商提供的产品被认定为“本国产品”需 要符合的条件包括哪些？（ ）","A. 在中国境内生产
B. 在中国境内生产的组件成本占比达到规定比例
C. 特定产品的关键组件、关键工序符合相关要求
D. 品牌所有者为中国公民","ABC"
"多选题","A市某医院政府采购项目存在本国产品的争 议，根据《国务院办公厅关于在政府采购 中实施本国产品标准及相关政策的通知 》，供应商或制造商为证明组装类产品或 组件在中国境内生产，应当提供下列哪些 证明材料？（ ）","A. 产品或组件的采购合同
B. 销售记录
C. 制造、加工、组装记录
D. 供应商的企业宣传画册","AC"
"多选题","根据《国务院办公厅关于在政府采购中实 施本国产品标准及相关政策的通知》，下 列关于政府采购中平等对待各类经营主体 的说法，正确的有（ ）","A. 只有国有企业能享受对本国产品的政府采购支持政策
B. 国有企业、民营企业、外资企业等各类经营主体平等享受对本国产
品的政府采购支持政策
C. 采购人、采购代理机构在政府采购信息发布方面，要对各类经营主
体一视同仁
D. 各地区、各部门可以出台违反规定的政策措施
E. 在政府采购活动中不得指定品牌或者限制品牌注册地、所有者","BCE"
"多选题","根据《国务院办公厅关于在政府采购中实 施本国产品标准及相关政策的通知》，以 下哪些货物适用本国产品标准？（ ）","A. 《政府采购品目分类目录》中的办公家具
B. 《政府采购品目分类目录》中用于办公的计算机设备
C. 《政府采购品目分类目录》里的文物和陈列品
D. 《政府采购品目分类目录》里的仪器仪表
E. 《政府采购品目分类目录》中的房屋","ABD"
"多选题","根据《国务院办公厅关于在政府采购中实 施本国产品标准及相关政策的通知》，以 下哪些情况符合本国产品“在中国境内生 产”中关于属性改变的要求？（ ）","A. 将进口的铁矿石经过冶炼、锻造等工序，生产出具有新名称和特征
的钢铁制品
B. 把进口的木材简单切割成规定尺寸的木板
C. 对进口的塑料颗粒进行加热、塑形，制造出新的塑料玩具，具有新
的用途
D. 将进口的棉花纺成纱线，再织成具有新特征的布料
E. 把进口的水果简单清洗后装盒销售","ACD"
"多选题","根据《国务院办公厅关于在政府采购中实 施本国产品标准及相关政策的通知》，下 列哪些操作属于不导致“属性改变”的细 微操作？（ ）","A. 为产品运输进行的包装
B. 在产品上粘贴品牌标志
C. 简单的磨光和分装
D. 为确保储存状态进行的操作","ABCD"
"多选题","根据《国务院办公厅关于在政府采购中实 施本国产品标准及相关政策的通知》的第 二条，本国产品标准的适用范围不包括下 列哪些？（ ）","A. 图书和档案
B. 食品、饮料和烟草原料
C. 电力、城市燃气
D. 文物和陈列品
E. 建筑建材","ABCD"
"多选题","在政府采购活动中，出现既有本国产品又 有非本国产品参与竞争的情况时，以下说 法正确的有（ ）","A. 依法对本国产品给予价格评审优惠
B. 对本国产品的报价给予15%的价格扣除后参与评审
C. 对本国产品的报价给予20%的价格扣除后参与评审
D. 若采购项目含多种产品，供应商提供的符合本国产品标准的产品成
本占比达80%以上，只对符合标准的产品给予价格优惠
E. 若采购项目含多种产品，供应商提供的符合本国产品标准的产品成
本占比达80%以上，对该供应商提供的全部产品给予价格评审优惠","ACE"
"多选题","根据《国务院办公厅关于在政府采购中实 施本国产品标准及相关政策的通知》，关 于政府采购中价格评审优惠的说法，正确 的有（ ）","A. 只要采购活动中有本国产品参与，就必然对本国产品给予价格评审
优惠
B. 既有本国产品又有非本国产品竞争时，对本国产品报价给予20%价格
扣除后评审
C. 采购项目含多种产品，供应商提供的符合本国产品标准的产品成本
占比未达80%，且产品内不存在既有本国产品又有非本国产品参与竞争
的情况，不能享受价格评审优惠
D. 采购项目含多种产品，供应商提供的符合本国产品标准的产品成本
占比达80%以上，对其全部产品总报价给予20%价格扣除后评审
E. 价格评审优惠的目的是促进本国产品在政府采购中的竞争力","BCDE"
"多选题","A市某医院采购的货物项目中，有甲、乙、 丙三家供应商参与投标。甲公司报价 100万，其产品符合本国标准且成本占比 90%；乙公司报价85万，为非本国产品；丙 公司报价102万，其产品符合本国标准但成 本占比仅为75%。不考虑其他扣除因素，三 者的最终评审价格由低到高的错误排序 是？（ ）","A. 乙公司＜丙公司＜甲公司
B. 乙公司＜甲公司＜丙公司
C. 甲公司＜丙公司＜乙公司
D. 甲公司＜乙公司＜丙公司","ABC"
"多选题","某地方政府计划开展一个综合性的政府采 购项目，既包含货物采购也涉及服务采购 。在货物采购部分，有以下几类物品待 选，其中适用本国产品标准的是（ ）","A. 为新建的政务服务中心采购一批智能安防设备，同时该设备供应商
需提供为期三年的维护服务
B. 采购一批用于城市景观亮化工程的进口高端灯具，且灯具的安装调
试由供应商负责
C. 采购用于城市绿化工程的进口草种，并要求供应商提供种植技术指
导服务
D. 采购一批用于市政供水的专用管道，同时让供应商负责管道的铺设
安装服务","ABD"
"判断题","某软件运维服务项目中，涉及到一小部分 的货物更新采购，其中涉及的货物不适用 本国产品价格扣除政策。（ ）","A. 正确
B. 错误","B"
"判断题","采购人、采购代理机构有权自行决定是否 在采购文件中要求供应商出具《关于符合 本国产品标准的声明函》或财政部会同有 关部门规定的有关证明文件。（ ）","A. 正确
B. 错误","B"
"判断题","在F省某医院采购医疗设备项目中，供应商 提供了《关于符合本国产品标准的声明函 》，无论其内容是否符合要求，该产品都 应被视为本国产品。（ ）","A. 正确
B. 错误","B"
"判断题","财政部门及相关专业机构在处理本国产品 标准争议时，对其在处理过程中知悉的商 业秘密负有保密义务。（ ）","A. 正确
B. 错误","A"
"判断题","H省某科研所的政府采购项目中，既有本国 产品又有非本国产品参与竞争的，依法对 本国产品给予价格评审优惠。甲公司提供 了符合要求的《关于符合本国产品标准的 声明函》或财政部会同有关部门规定的有 关证明文件，评标委员会给予了该公司本 国产品报价15%的价格扣除，用扣除后的价 格参与评审。（ ）","A. 正确
B. 错误","B"
"判断题","Q市采购项目中有多种产品，供应商提供的 符合本国产品标准的产品成本之和占其提 供的全部产品成本之和的比例为75%，此时 评标委员会依法对该供应商提供的全部产 品的总报价给予20%的价格扣除，用扣除后 的价格参与评审。（ ）","A. 正确
B. 错误","B"
"判断题","国有企业能享受对本国产品的政府采购支 持政策，而民营企业因性质不同无法同等 享受，这个说法是错误的。（ ）","A. 正确
B. 错误","A"
"判断题","Z市博物馆因项目需要，采购一批用于建设 展览馆的建筑材料，由于建筑材料属于《 政府采购品目分类目录》中的货物类产 品，所以该批建筑材料适用本国产品标准。（ ）","A. 正确
B. 错误","A"
"判断题","A省农科院下属研究所因科研需要，急需采 购一批用于科研的珍稀特种花卉，且花卉 属于货物，所以这些特种花卉适用本国产 品标准。（ ）","A. 正确
B. 错误","B"
"判断题","分产品确定在中国境内生产的组件成本占 比应当达到的规定比例，由进出口主管部 门会同有关行业主管部门负责。（ ）","A. 正确
B. 错误","B"
"判断题","S市采购项目含有多种产品，A公司提供的 符合本国产品标准的产品成本之和占该公 司提供的全部产品成本之和的比例达到80% 以上，享受了全部产品的总报价20%的价格 扣除。同时该公司提供了符合要求的《中 小企业声明函》，声明属于小型企业。评 标委员会认为不能重复享受价格扣除，未 给予该公司小型企业的价格扣除。（ ）","A. 正确
B. 错误","B"
"判断题","某化妆品公司在中国境内将进口的香料与 国内生产的基底液进行混合调配，生产出 具有新名称和特征的新款香水，由于有进 口原材料，所以该新款香水不能算作本国 产品。（ ）","A. 正确
B. 错误","B"
"判断题","A市市场监督管理局某采购项目要求供应商 提供《符合本国产品标准声明函》或规定 的证明文件。A公司提交不规范的声明函且 无证明文件，评委给予了20%的价格扣除， 随后该公司中标。（ ）","A. 正确
B. 错误","B"
"判断题","财政部会同有关行业主管部门分产品确定 中国境内生产的组件成本占比规定比例 后，即便某产品实际组件成本未达到该比 例，但只要能证明其关键工序在中国境内 完成，在政府采购活动中依然可以认定为 本国产品。（ ）","A. 正确
B. 错误","B"
"单选题","福建省财政厅发布《关于加强政府采购绿色 采购工作的通知》的核也目标不包括以下哪 项？（）","A. 充分发挥政府采购政策功能
B. 降低政府采购成本
C. 支持绿色低碳广品
D. 助力绿色经济发展","B"
"单选题","根据福建省财政厅发布《关于加强政府采购 绿色采购工作的通知》政府采购应当有助于 实现（）政策目标。","A. 保护环境
B. 降低政府采购成本
C. 提局效率
D. 保护营商环境","A"
"单选题","政府采购应当有助于实现保护环境政策目标 。()应当认真履行采购需求管理主体责任。","A. 监管部口
B. 采购人
C. 代理机构
D. 供应商","B"
"单选题","采购人应当加强对（）的形成和实现过程的内 部控制和风险管理，落实保护环境等政府采 购政策功能。","A. 采购需求
B. 采购计划
C. 采购文件
D. 评审材料","A"
"单选题","根据福建省财政厅发布《关于加强政府采购 绿色采购工作的通知》采购人应当落实（） 等政府采购政策功能。","A. 保护环境
B. 降低政府采购成本
C. 提局效率
D. 保护营商环境","A"
"单选题","采购人拟采购的产品属于节能产品、环境标 志产品政府采购品目清单范围的，采购人及 其委托的采购代理机构应当（）。","A. 不予采购
B. 考虑采购
C. 减少采购
D. 优先采购或强制采购","D"
"单选题","采购人拟采购的产品属于节能产品、环境标 志产品政府采购品目清单范围的，采购人及 其委托的采购代理机构（）优先采购或强制 采购。","A. 可以
B. 应当
C. 报请上级预算单位批准后
D. 报请财政部门批准后","B"
"单选题","采购人拟采购的产品属于（）范围的，采购人 及其委托的采购代理机构应当优先采购或强 制采购。","A. 集中采购目录
B. 部门集中采购目录
C. 节能产品、环境标志产品政府采购品目清单
D. 限额标准","C"
"单选题","采购人拟采购的产品属于节能产品、环境标 志产品政府采购品目清单范围的，采购人及 其委托的采购代理机构应当依据（），对获 得证书的产品实施政府优先采购或强制采购 0","A. 有效期之内的CE认证证书
B. 注册有效的EPA认证证书
C. 有效期之内的JIS认证证书
D. 国家确定的认证机构出具的、处于有效期之内的节能产品
、环境标志产品认证证书","D"
"单选题","细化绿色采购需求标准执行要求。采购人及 其委托的采购代理机构要严格落实（）制定 的商品包装、快递包装、绿色数据中也等政 府采购需求标准。","A. 国务院
B. 国家发展和改革委员会
C. 财政部
D. 省级人民政府财政部口","C"
"单选题","采购人及其委托的采购代理机构应当对节能 产品、环境标志产品政府采购品目清单范围 内，实施优先采购的产品，给予产品价格报 价（）的扣除，用扣除后的价格参加评审。","A. 1%-5%
B. 5%-10%
C. 10%-20%
D. 20%-30%","C"
"单选题","采购标的同时包含节能产品、环境标志产品 政府采购品目清单范围内，实施优先采购的 产品，和其它非优先采购产品的，()","A. 所有标的物都享受给予节能产品、环境标志产品的价格扣除优惠。
B. 标的物都不得享受给予节能产品、环境标志产品的价格扣除优惠。
C. 非优先采购产品按一定比例享受给予节能产品、环境标志
产品的价格扣除优惠。
D. 应当在采购文件中要求供应商对优先采购产品和非优先采
购产品进行分项报价，非优先采购产品的报价不得享受给予
节能产品、环境标志产品的价格扣除优惠。","D"
"单选题","采购标的同时包含其它非优先采购产品的， 应当在采购文件中要求供应商对优先采购产 品和非优先采购产品进行分项报价，非优先 采购产品的报价（）享受给予节能产品、环境 标志产品的价格扣除优惠。","A. 可以
B. 应当
C. 不得
D. 部分","C"
"单选题","加大新能源车船采购力度，机要通信等公务 用车（）","A. 优先采购新能源汽车
B. 按规定比例采购新能源汽车
C. 逐步提高比例采购新能源汽车
D. 除特殊地理环境等因素外原则上采购新能源汽车","D"
"单选题","发挥网上超市的引导作用。政府采购网上超 市促进采购人选择绿色低碳产品，应当通过 的措施不包括（）。","A. 特色场馆
B. 搜索排序
C. 流量引导
D. 价格优惠","D"
"单选题","对于（）的产品，政府采购网上超市应当加挂 标识，通过优先展示、政策提醒等方式，引 导采购人落实政府绿色采购政策。","A. 价格最低
B. 购买量最大
C. 好评最多
D. 实行政府优先采购","D"
"单选题","在实施政府采购支持绿色建材促进建筑品质 提升政策的城市，运用政府采购政策，要全面 建设（）以上绿色建筑。","A. 基本级
B. 一星级
C. 二星级
D. 三星级","C"
"单选题","各级财政部口应当将（）政府绿色采购政策 落实情况作为政府采购活动监督检查的重要 内容。","A. 供应商和米购人
B. 供应商和采购代理机构
C. 采购人和采购代理机构
D. 采购人和监管部口","C"
"单选题","《福建省财政厅关于加强政府绿色采购工作 的通知》自2024年5月1日起执行，有效期（ ) 0","A. 1年
B. 2年
C. 3年
D. 5年","D"
"单选题","《福建省财政厅关于加强政府绿色采购工作 的通知》由（）负责解释。","A. 福建省人民政府
B. 福建省发展和改革委员会
C. 福建省财政厅
D. 福建省住房和城乡建设厅","C"
"单选题","福建省某机关单位拟采购一批办公电脑，己 明确该产品纳入节能产品清单。采购人在编 制招标文件时，对投标产品提出要求。根据 《关于加强政府采购绿色采购工作的通知 》，下列要求中最符合规定的是（）","A. 要求投标产品必须为某进口品牌，且附带节能产品认证
B. 要求投标产品需具备国家认可的节能产品认证证书，且节
能效率达到标准要求
C. 要求投标产品价格不得高于市场均价的抓％，不考虑节能指标
D. 要求投标供应商必须为省内企业，外省企业的节能产品一律不接受","B"
"单选题","福建省某高校通过政府采购一批节能空调， 供应商交付产品后，校方组织履约验收。根 据通知要求，验收环节无需重点核查的内容 是（）","A. 空调的节能产品认证证书与中标产品型号是否一致
B. 空调的实际运行能耗是否符合招标文件约定的节能标准
C. 空调的遥控器是否具有蓝牙连接等招标文件未要求的附加功能
D. 供应商是否采用可循环包装材料进行包装","C"
"多选题","福建省财政厅发布《关于加强政府采购绿色 采购工作的通知》是为贯彻落实（）等文件 0","A. 中共福建省委、福建省人民政府《关于完整准确全面贯彻
新发展理念做好碳达峰碳中和工作的实施意见》
B. 《财政部关于印发〈财政支持做好碳达峰碳中和工作的意
见〉的通知》
C. 国务院办公厅《关于促进中小企业健康发展的指导意见》
D. 财政部《政府采购促进中小企业发展管理办法》","AB"
"多选题","福建省财政厅发布《关于加强政府采购绿色 采购工作的通知》的核也目标包括W下哪几 项？（）","A. 充分发挥政府采购政策功能
B. 降低政府采购成本
C. 支持绿色低碳广品
D. 助力绿色经济发展","ACD"
"多选题","强化政府采购需求管理主体责任。政府采购 应当有助于实现保护环境政策目标，对于政 府采购需求管理的责任主体，以下错误的是 ( )","A. 监管部门
B. 采购人
C. 采购代理机构
D. 供应商","ACD"
"多选题","采购人拟采购的产品属于节能产品、环境标 志产品政府采购品目清单范围的，采购人及 其委托的采购代理机构应当依据（）实施政 府优先采购或强制采购。","A. 有效期之内的CE认证证书
B. 注册有效的EPA认证证书
C. 国家确定的认证机构出具的、处于有效期之内的节能产品认证证书
D. 国家确定的认证机构出具的、处于有效期之内的环境标志
产品认证证书","CD"
"多选题","细化绿色采购需求标准执行要求。（）要严格 落实财政部制定的政府采购需求标准。","A. 监管部口
B. 采购人
C. 采购代理机构
D. 供应商","BC"
"多选题","细化绿色采购需求标准执行要求。要严格落 实财政部制定的（）等政府采购需求标准。","A. 商品包装
B. 快递包装
C. 运输方式
D. 绿色数据中也","ABD"
"多选题","细化绿色采购需求标准执行要求，采购项目 涉及已制定需求标准的，应当根据需求标准 提出的指标编制政府采购项目的采购文件， 并在合同中明确对相关指标的（）。","A. 验收方式
B. 违约责任
C. 担保方式
D. 执行标准","AB"
"多选题","采购标的同时包含节能产品、环境标志产品 政府采购品目清单范围内，实施优先采购的 产品，和其它非优先采购产品的，以下说法 错误的是；()","A. 所有标的物都享雙给予节能产品、环境标志产品的价格扣除优惠。
B. 所有标的物都不得享受给予节能产品、环境标志产品的价
格扣除优惠。
C. 非优先采购产品按一定比例享受给予节能产品、环境标志
产品的价格扣除优惠。
D. 应当在采购文件中要求供应商对优先采购产品和非优先采
购产品进行分项报价，非优先采购产品的报价不得享受给予
节能产品、环境标志产品的价格扣除优惠。","ABC"
"多选题","发挥网上超市的引导作用。政府采购网上超 市应当通过（）等措施，促进采购人选择绿色 低碳产品。","A. 特色场馆
B. 捜索排序
C. 流量引导
D. 价格优惠","ABC"
"多选题","对于实行政府优先采购的产品，政府采购网 上超市应当加挂标识，通过（）等方式，引导采购人落实政府绿色采购政策。","A. 优先展不
B. 政策提醒
C. 减价宣传
D. 屏蔽其他同类产品","AB"
"多选题","在实施政府采购支持绿色建材促进建筑品质 提升政策的城市，要大力发展（）等新型建 筑工业化建造方式","A. 标准化
B. 数字化
C. 装配式
D. 智能化","CD"
"多选题","在实施政府采购支持绿色建材促进建筑品质 提升政策的城市，采购人要运用政府采购政 策积极推广应用（）。","A. 智能建造技术
B. 先进建造装备
C. 绿色建筑
D. 绿色建材","CD"
"多选题","各级财政部口应当将（）政府绿色采购政策 落实情况作为政府采购活动监督检查的重要 内容。","A. 供应商
B. 采购人
C. 采购代理机构
D. 监管部门","BC"
"多选题","根据《福建省财政厅关于加强政府绿色采购 工作的通知》，以下关于节能、环境标志产 品价格扣除优惠措施的说法中，正确的有：","A. 对实施优先采购的节能、环境标志产品，给予其报价10%-
20%的价格扣除。
B. 当采购标的同时包含优先采购产品和非优先采购产品时，
应在采购文件中要求供应商进行分项报价。
C. 价格扣除优惠仅适用于报价中的优先采购产品部分，非优
先采购产品部分不享受扣除。
D. 具体项目的价格扣除比例，应由采购人根据市场竞争状况
在5%-15%的幅度内自主确定。","ABC"
"多选题","福建省某高校采购一批洗衣机，该项目属于 不强制采购节能产品的范畴。根据《福建省 财政厅关于加强政府绿色采购工作的通知 》，在评标过程中，评标委员会需落实价格 优惠政策，下列属于评标委员会正确操作的有（）","A. 先核对投标产品是否在节能产品政府采购品目清单内，且
认证证书有效
B. 对符合条件的节能产品，按招标文件约定的比例计算价格
扣除后的评标价
C. 若供应商未提供节能产品认证证书原件或复印件，仍可享受价格优惠
D. 将价格优惠执行情况详细记录在评标报告中，以备财政部口监督检查","ABD"
"多选题","福建省某区县住建局采购一批市政道路照明 设备，项目允许节能产品和非节能产品参与 投标。根据绿色采购价格优惠政策，下列情 形会导致供应商丧失价格优惠资格的有（）","A. 投标产品的节能认证证书有效期已届满，且未完成续期
B. 供应商提供的节能产品型号与政府采购清单中的型号不一致
C. 供应商提供的节能认证证书的颁证机构不在市场监管总局
公布范围之肉
D. 供应商提供的节能认证证书执行的标准与节能产品政府采
购品目清单标明的国家标准不一致","ABCD"
"单选题","福建省财政厅发布《关于加强政府采购绿色 采购工作的通知》的核也目标是降低政府采购成本。","A. 正确
B. 错误","B"
"单选题","政府采购应当有助于实现保护环境政策目标（）","A. 正确
B. 错误","A"
"单选题","采购人应当落实保护环境等政府采购政策功 能。","A. 正确
B. 错误","A"
"单选题","采购人拟采购的产品属于节能产品、环境标 志产品政府采购品目清单范围的，采购人及 其委托的采购代理机构应当优先采购或强制采购。","A. 正确
B. 错误","A"
"单选题","采购人拟采购的产品属于节能产品、环境标志产品政府采购品目清单范围的，采购人及其委托的采购代理机构应当对获得并处于有效期肉的CE认证或邸A认证的产品实施政府优先采购或强制采购。","A. 正确
B. 错误","B"
"单选题","采购人拟采购的产品属于节能产品、环境标 志产品政府采购品目清单范围的，采购人及 其委托的采购代理机构可以优先采购或强制采购。","A. 正确
B. 错误","B"
"单选题","采购人拟采购的产品属于节能产品、环境标 志产品政府采购品目清单范围的，采购人及 其委托的采购代理机构应当报请财政部口批 准后优先采购或强制采购。","A. 正确
B. 错误","B"
"单选题","采购人及其委托的采购代理机构要严格落实 国家发展和改革委员会制定的商品包装、快 递包装、绿色数据中也等政府采购需求标准","A. 正确
B. 错误","B"
"单选题","细化绿色采购需求标准执行要求，采购项目 涉及已制定需求标准的，应当根据需求标准 提出的指标编制政府采购项目的采购文件。","A. 正确
B. 错误","A"
"单选题","采购人及其委托的采购代理机构应当对节能 产品、环境标志产品政府采购品目清单范围 内，实施优先采购的产品，给予产品价格报 价6%的扣除，用扣除后的价格参加评审。","A. 正确
B. 错误","B"
"单选题","采购标的同时包含其它非优先采购产品的， 应当在采购文件中要求供应商对优先采购产 品和非优先采购产品进行分项报价，非优先 采购产品的报价不得享受给予节能产品、环 境标志产品的价格扣除优惠。","A. 正确
B. 错误","A"
"单选题","采购标的同时包含其它非优先采购产品的， 应当全部孚雙给予节能广品、环境标志广品 的价格扣除优惠。","A. 正确
B. 错误","B"
"单选题","采购标的同时包含其它非优先采购产品的， 应当全部按一定比例享受给予节能产品、环 境标志产品的价格扣除优惠。","A. 正确
B. 错误","B"
"单选题","加大新能源车船采购力度。机要通信等公务 用车除特殊地理环境等因素外原则上采购新 能源汽车，优先采购提供新能源汽车的租赁服务。","A. 正确
B. 错误","A"
"单选题","政府采购网上超市应当通过特色场馆、捜索排序、流量引导等措施，促进采购人选择绿色低碳广品。","A. 正确
B. 错误","A"
"单选题","政府采购网上超市应当通过价格优惠措施， 促进采购人选择绿色低碳产品。","A. 正确
B. 错误","B"
"单选题","对于实行政府优先采购的产品，政府采购网 上超市应当加挂标识，通过优先展示、政策 提醒等方式，引导采购人落实政府绿色采购政策。","A. 正确
B. 错误","A"
"单选题","在实施政府采购支持绿色建材促进建筑品质 提升政策的城市，要大力发展装配式、智能 化等新型建筑工业化建造方式。","A. 正确
B. 错误","A"
"单选题","在实施政府采购支持绿色建材促进建筑品质 提升政策的城市，要全面建设三星级上绿色建筑。","A. 正确
B. 错误","B"
"单选题","《福建省财政厅关于加强政府绿色采购工作 的通知》自2024年5月1日起执行，有效期5年（）","A. 正确
B. 错误","A"
"单选题","根据《福建省政府采购评审专家管理办法》，福 建省政府采购评审专家管理实行的原则不包括以 下哪项？","A. 统一标准
B. 随机抽取
C. 终身任职
D. 动态考核","C"
"单选题","根据《福建省政府采购评审专家管理办法》，福 建省政府采购评审专家需承诺以独立身份参加评 审工作，且必须具备的身份是？","A. 福建省户籍居民
B. 中国公民
C. 在职事业单位人员
D. 无固定职业人员","B"
"单选题","根据《福建省政府采购评审专家管理办法》，福 建省政府采购评审专家入库时的年龄限制为不满 多少周岁？","A. 50周岁
B. 55周岁
C. 60周岁
D. 65周岁","D"
"单选题","根据《福建省政府采购评审专家管理办法》，福 建省政府采购评审专家已选聘评审专家的可以在 满67周岁前一个月内向财政部门提出续聘申请， 经审核符合条件的可续聘至几周岁？","A. 67周岁
B. 68周岁
C. 69周岁
D. 70周岁","D"
"单选题","根据《福建省政府采购评审专家管理办法》，福 建省政府采购评审专家信息发生变更时，应自变 更之日起几个工作日内申请变更？","A. 1个
B. 3个
C. 5个
D. 7个","D"
"单选题","根据《福建省政府采购评审专家管理办法》，福 建省政府采购评审专家库中相关专家数量不能保 证随机抽取需要的，采购人或者采购代理机构的 正确做法是？","A. 直接自行选定
B. 推荐符合条件人员，经审核选聘入库后再随机抽取
C. 减少评审专家人数
D. 暂停采购活动","B"
"单选题","根据《福建省政府采购评审专家管理办法》，评 审专家劳务报酬应当在评审活动结束后几日内完 成支付？","A. 5日
B. 10日
C. 20日
D. 30日","D"
"单选题","根据《福建省政府采购评审专家管理办法》，福 建省政府采购评审专家实行信用评价制度，信用 评价不包括以下哪项？","A. 个人信息评价
B. 经济状况评价
C. 专业能力评价
D. 履职情况评价","B"
"单选题","根据《福建省政府采购评审专家管理办法》，采 购人或者采购代理机构应当于政府采购项目评审 活动结束后几个工作日内进行评价","A. 1个
B. 2个
C. 3个
D. 5个","D"
"单选题","根据《福建省政府采购评审专家管理办法》，采 购人代表参与评审活动时，应遵守的规定是？","A. 可担任所有项目评审组长
B. 同评审专家一样领取劳务费
C. 参照《福建省政府采购评审专家管理办法》执行
D. 无需签署评审承诺书","C"
"单选题","根据《福建省政府采购评审专家管理办法》，评 标委员会、谈判小组、询价小组、磋商小组（以 下简称评审委员会）组长由采购人或采购代理机 构组织评审委员会推选产生，应当推选什么样的 评审专家担任。","A. 第一个到达评审现场的
B. 最后一个到达评审现场的
C. 采购人代表
D. 专业背景与政府采购项目相关度高、专业能力强的","D"
"单选题","根据《福建省政府采购评审专家管理办法》，下 列选项错误的是？","A. 评审专家收到政府采购系统发出的评审邀请后不响应是否参加评
审的，视为无法参加评审。
B. 评审专家确认参加评审的，应在规定时间内到达评审现场并在政
府采购系统内签到，任何人不得代签。
C. 评审专家确认参加评审的，应在规定时间内到达评审现场并在政
府采购系统内签到，代理机构可以代签。
D. 评审专家未在规定时间内在政府采购系统上签到的，视为迟到，
由采购人和采购代理机构重新补抽。","C"
"单选题","根据《福建省政府采购评审专家管理办法》，下 列选项错误的是？","A. 迟到的评审专家可以参加本次抽取项目的评审活动，可以领取评审费用。
B. 评审专家违反评审纪律未完成评审工作擅自离开评审现场、故意拖延评审时长、不审签评审意见、不出具评审报告，不得领取劳务报酬和报销异地评审差旅费。
C. 评审专家在评审活动中有违法违规行为的，不得领取劳务报酬和
报销异地评审差旅费。
D. 评审专家以外的其他人员不得领取评审劳务报酬。","A"
"单选题","根据《福建省政府采购评审专家管理办法》，某 采购项目评审过程中，1 名评审专家因突发疾病 无法继续评审，导致评审现场专家数量不符合规 定，采购人的正确做法是（ ）","A. 由采购人代表替代该专家完成评审
B. 及时补抽评审专家，无法补足的立即停止评审并重新组建评审委员会
C. 剩余专家继续评审，已评审内容有效
D. 终止采购活动，不再重新组织","B"
"单选题","根据《福建省政府采购评审专家管理办法》，评 审专家李某在评审过程中，发现供应商存在串通 投标行为，其正确做法是（ ）","A. 忽略该行为，继续完成评审
B. 立即停止评审并向财政部门书面报告
C. 与其他专家协商后再决定是否报告
D. 告知采购人，由采购人自行处理","B"
"单选题","根据《福建省政府采购评审专家管理办法》，异 地评审的评审专家往返城市间交通费的可参照的 报销标准是？","A. 按省财政厅统一规定执行
B. 实报实销
C. 采购人差旅费管理办法凭据报销
D. 由评审专家自行承担","C"
"单选题","根据《福建省政府采购评审专家管理办法》，福 建省属某医院委托代理机构采购高端医疗设备采 购，鉴于该项目技术复杂、专业性强，通过随机 方式难以确定合适评审专家，经哪个单位同意， 采购人可以自行选定相应专业领域的评审专家？","A. 福建省财政厅
B. 福建省卫生健康委员会
C. 福建省人民政府
D. 福建省发展和改革委员会","B"
"单选题","根据《福建省政府采购评审专家管理办法》，某 评审专家在参与2026年1月1日参加某医疗设备采 购评审时，在下列哪一种情形下不需要回避？","A. 2022年前曾在本项目某供应商担任技术顾问；
B. 本项目某供应商的负责人为其堂妹；
C. 本项目某供应商的法定代表人为其侄子；
D. 在本项目某供应商中持有60%的股份。","A"
"单选题","某公开招标项目（采用综合评分法）评标进行到 商务评分环节，评审专家A发现与其中一个投标 人投标文件商务部分的项目技术负责人为亲属关 系，现场回避并抽取评审专家B，评审专家B下列 哪些行为符合《福建省政府采购评审专家管理办法》？","A. 符合性评审认定直接按照评审组长意见录入
B. 符合性、技术部分评审意见直接按照评审专家A评审意见录入
C. 技术部分评审意见按照采购人代表评分录入
D. 自行重新评审，按照评审专家B自身意见录入","D"
"单选题","根据《福建省政府采购评审专家管理办法》，评 审专家孙某在评审结束后，拒绝在评审报告上签 字，且未说明理由，针对上述该行为符合规定的 处理方式是（ ）","A. 视为孙某同意评审报告内容，针对上述行为做好现场记录
B. 评审报告无效，需重新组织评审
C. 由财政部门责令孙某签字，并给予警告处罚
D. 取消孙某本次评审报酬，记入不良行为记录","A"
"多选题","根据《福建省政府采购评审专家管理办法》，评 审专家应当具备的条件包括（）","A. 具有良好的职业道德，无行贿、受贿、欺诈等不良信用记录
B. 入库时不满65周岁，身体健康，能够承担评审工作
C. 熟悉计算机操作，能够使用计算机完成评审工作
D. 具有中级专业技术职称（或同等专业水平）且从事相关领域工作
满８年，或者具有高级专业技术职称（或同等专业水平）","ABCD"
"多选题","根据《福建省政府采购评审专家管理办法》，下 列情形中，不得入选评审专家库的有（）","A. 受到刑事处罚的
B. 被开除公职的
C. 采购代理机构股东以及在职、兼职从业人员
D. 被列入政府采购严重违法失信行为记录名单的","ABCD"
"多选题","根据《福建省政府采购评审专家管理办法》，评 审专家申请信息变更时，应当遵守的规定包括 （）","A. 自变更之日起七个工作日内申请
B. 变更后的申请表加盖工作单位公章
C. 规范、准确填写回避单位全称及组织机构代码，英文字母统一大写
D. 入库后可随时申请变更评审品目","ABC"
"多选题","根据《福建省政府采购评审专家管理办法》，采 购人或者采购代理机构抽取评审专家的规定包括 （）","A. 应当从评审专家库中随机抽取
B. 评审活动当日抽取评审专家
C. 跨省远程异地评审项目由采购人结合项目实际按有关规定执行
D. 可直接指定本单位熟悉项目的人员作为评审专家","ABC"
"多选题","根据《福建省政府采购评审专家管理办法》，关 于评审委员会组建和运行，下列说法正确的有 （）","A. 评审委员会组长由采购人或采购代理机构直接指定
B. 评审委员会发现采购文件存在重大缺陷导致评审无法进行的，应
当停止评审并书面说明情况
C. 出现评审专家缺席导致评审现场专家数量不符合规定的，采购人
或代理机构应当及时补抽或补足
D. 无法及时补足评审专家的，采购人或代理机构应当立即停止评审
、妥善保存采购文件并依法重新组建评审委员会","BCD"
"多选题","根据《福建省政府采购评审专家管理办法》，评 审专家在评审过程中应当遵守的规定有（）","A. 按照采购文件规定的评审程序、方法和标准独立评审
B. 配合答复供应商的询问、质疑和投诉
C. 不得泄露评审文件、评审情况和评审过程中获悉的商业秘密
D. 可接受供应商的合理宴请以了解项目情况","ABC"
"多选题","根据《福建省政府采购评审专家管理办法》，关 于评审专家劳务报酬支付，下列说法正确的有 （）","A. 集中采购目录内的项目，由集中采购机构支付
B. 集中采购目录外的项目，由采购人支付
C. 劳务报酬应当在评审活动结束后30日内完成支付
D. 评审专家迟到未参加评审的，可领取部分劳务报酬作为误工费","ABC"
"多选题","根据《福建省政府采购评审专家管理办法》，评 审专家信用评价的内容包括（）","A. 个人信息评价
B. 专业能力评价
C. 履职情况评价
D. 社会知名度评价","ABC"
"多选题","根据《福建省政府采购评审专家管理办法》，下 列哪些行为属于评审专家不良或违规行为的（）","A. 在评审现场接打电话等违规行为的；
B. 无故或无合理原因故意拖延评审时间的；
C. 记录、复制、故意损毁评审资料；
D. 不配合采购人审查、复核评审结果或质疑处理；","ABCD"
"多选题","根据《福建省政府采购评审专家管理办法》，下 列哪些行为属于评审专家不良或违规行为的（）","A. 以不熟悉电子评审操作系统为由要求现场工作人员代录评审意见；
B. 在微信群中讨论某一参评项目的评分细节和评审结果；
C. 在同一时间段接受两个采购人邀请参与评审；
D. 因劳务报酬问题拒签评审报告；","ABCD"
"多选题","根据《福建省政府采购评审专家管理办法》，评 审专家续聘的相关规定包括（）","A. 已选聘评审专家可在满67周岁前一个月内申请续聘
B. 续聘经审核符合条件的可续聘至70周岁
C. 超过70周岁的，原则上予以解聘
D. 入库时已满65周岁的，可直接申请续聘","ABC"
"多选题","根据《福建省政府采购评审专家管理办法》，关 于评审专家信息申报和审查，下列说法正确的有（）","A. 申请人应向工作单位所在区域的财政部门申请
B. 省级预算单位的申请人可直接向省财政厅申请
C. 申请材料需加盖申请人单位公章，退休人员由退休前工作单位盖章
D. 各级财政部门对本地区申请人进行初审，通过后逐级报送至省财政厅审核","ABCD"
"多选题","根据《福建省政府采购评审专家管理办法》，下 列哪些情形属于同一项目内评审专家应当主动回 避的情形？（ ）","A. 评审专家的配偶在投标供应商担任监事
B. 评审专家近3年内曾在投标供应商担任技术顾问
C. 评审专家与其他评审专家为大学同班同学
D. 评审专家与其他评审专家为同乡关系","AB"
"多选题","福建省某省属高校采购一进口设备（预算1000万 元），评标委员会组成成员中出现哪些情形属于 违反《福建省政府采购评审专家管理办法》相关 规定的？","A. 评审专家甲、乙单位均为同一法人高校，但分属不同学院
B. 评审专家丙单位为福建省教育厅
C. 评审专家丁为本项目进口论证专家
D. 评审专家戊为本项目科研相关行业协会会长","ABC"
"多选题","根据《福建省政府采购评审专家管理办法》，评 审专家异地评审的相关费用处理，下列说法正确 的有（）","A. 往返城市间交通费可参照采购人差旅费标准凭据报销
B. 住宿费可参照采购人差旅费标准凭据报销
C. 异地评审的劳务报酬标准由采购代理机构自行确定
D. 评审专家存在违法违规行为的，不得报销异地评审差旅费","ABD"
"多选题","根据《福建省政府采购评审专家管理办法》，下 列关于评审专家解聘的说法，正确的有（）","A. 不符合本办法规定条件的，予以解聘且一年内不再接收重新入库申请
B. 提供虚假申请材料的，予以解聘且不再接收重新入库申请
C. 连续5次被抽取应答同意后不参与评审的，予以解聘
D. 未按照采购文件规定的评审程序、评审方法和评审标准进行独立评审","ABCD"
"多选题","根据《福建省政府采购评审专家管理办法》，采 购人委托采购代理机构开展某货物采购项目，在 评审专家抽取和使用过程中，下列做法错误的有 （）","A. 评审活动前一日抽取评审专家
B. 因专家数量不足，直接指定3名符合条件但未入库的人员作为评审
专家
C. 评审专家王某迟到后，允许其参与本次评审并领取劳务报酬
D. 评审结束后，随中标结果一并公告评审专家名单","ABC"
"多选题","根据《福建省政府采购评审专家管理办法》，某 高校设备采购项目属于技术复杂、专业性强的科 研仪器设备采购，采购人拟自行选定评审专家。 下列做法符合规定的有（）","A. 经主管预算单位同意后自行选定
B. 优先选择本单位以外的评审专家
C. 选定3名本单位在职科研人员作为评审专家
D. 选定曾参与该项目前期咨询论证的专家","AB"
"多选题","根据《福建省政府采购评审专家管理办法》，评 审专家张某在评审过程中，发现采购文件存在歧 义导致评审无法进行，同时收到供应商私下发送 的咨询信息。下列张某的做法符合规定的有（）","A. 立即停止评审并向采购人书面说明情况
B. 不予回复供应商的私下咨询信息
C. 将采购文件歧义问题告知供应商寻求解释
D. 继续评审并在评审报告中注明歧义问题","AB"
"多选题","根据《福建省政府采购评审专家管理办法》，评 审专家在评审过程中发生的不良行为包括（ ）","A. 接受供应商的送礼和宴请
B. 向采购人暗示索取超出标准的劳务报酬
C. 与供应商私下接触
D. 在评审过程中获悉的商业秘密","ABC"
"判断题","根据《福建省政府采购评审专家管理办法》，评 审专家需具有良好的职业道德，承诺在政府采购 评审中做到客观公正、廉洁自律、遵纪守法，无 行贿、受贿、欺诈等不良信用记录。","A. 正确
B. 错误","A"
"判断题","根据《福建省政府采购评审专家管理办法》，评 审专家需具有中级专业技术职称（或同等专业水 平）且从事相关领域工作满８年，或者具有高级 专业技术职称（或同等专业水平）。","A. 正确
B. 错误","A"
"判断题","根据《福建省政府采购评审专家管理办法》，评 审专家应熟悉政府采购相关政策法规，参加财政 部门组织的普法测试成绩合格，省级政府采购咨 询专家、省部级及以上行政部门认定的领军人物 等高层次人才经省财政厅审核后可免于测试。","A. 正确
B. 错误","A"
"判断题","根据《福建省政府采购评审专家管理办法》，评 审专家应当承诺以独立身份参加评审工作，依法 履行评审专家工作职责并承担相应法律责任的中国公民。","A. 正确
B. 错误","A"
"判断题","根据《福建省政府采购评审专家管理办法》，评 审专家应当熟悉计算机操作，能够使用计算机完 成评审工作。","A. 正确
B. 错误","A"
"判断题","根据《福建省政府采购评审专家管理办法》，福 建省政府采购评审专家入库时的年龄限制为不满 60周岁。","A. 正确
B. 错误","B"
"判断题","根据《福建省政府采购评审专家管理办法》，评 审专家入库后应保持专业稳定，原则上一年内不 得申请变更评审品目。","A. 正确
B. 错误","B"
"判断题","根据《福建省政府采购评审专家管理办法》，与 供应商存在利害关系的评审专家，应当主动申请 回避评审工作。","A. 正确
B. 错误","A"
"判断题","根据《福建省政府采购评审专家管理办法》，评 审专家在评审过程中，应当独立、客观、公正、 审慎地出具评审意见。","A. 正确
B. 错误","A"
"判断题","根据《福建省政府采购评审专家管理办法》，评 审专家的劳务报酬，由采购人和评审专家协商确 定金额。","A. 正确
B. 错误","B"
"判断题","根据《福建省政府采购评审专家管理办法》，申 请人的主评审区域原则上为本人工作所在地，退 休的为退休前工作所在地，可以另外选择2-3个 与本人经常居住地或自身学习生活密切、便于参 加评审的其他区域作为副评审区域。","A. 正确
B. 错误","A"
"判断题","根据《福建省政府采购评审专家管理办法》，福 建省政府采购所有项目的评审专家均须随机抽取。","A. 正确
B. 错误","B"
"判断题","根据《福建省政府采购评审专家管理办法》，采 购人或者采购代理机构应当在评审活动当日抽取 评审专家。跨省远程异地评审项目等特殊情况， 由采购人结合项目实际按有关规定执行。","A. 正确
B. 错误","A"
"判断题","根据《福建省政府采购评审专家管理办法》，采 购人和采购代理机构应综合考虑各评审专家到评 审现场的距离、路况等因素，自拟组成的评审委 员会第一名位评审专家应答参加评审后开始计 算，合理设置评审专家到达评审现场的时间。","A. 正确
B. 错误","B"
"判断题","根据《福建省政府采购评审专家管理办法》，专 家张三收到政府采购系统发出的评审邀请后确认 参加评审，因堵车会迟到5分钟左右到达评审现 场，电话让代理机构工作人员在政府采购系统内代签。","A. 正确
B. 错误","B"
"判断题","根据《福建省政府采购评审专家管理办法》，某 项目评审过程中，评审专家对需要共同认定的事 项存在争议，按照评审组长意见做出评审结论。","A. 正确
B. 错误","B"
"判断题","某评审专家退休前单位为某大学二级学院高级教 授，退休后因调整回避单位信息，在自变更之日起七个工作日内申请了评审专家信息变更，变更后的申请表、相关证明材料均加盖了二级学院章提交审批。","A. 正确
B. 错误","B"
"判断题","某医院采购一批科研仪器设备（政府采购项目），采购人考虑该设备技术复杂、专业性强，通过随机方式难以确定合适的评审专家，经单位党委会同意，采购人自行选定相应专业领域、本单位以外的评审专家。","A. 正确
B. 错误","B"
"判断题","某项目竞争性磋商评审过程中，磋商小组3人。 评审专家对需要共同认定的事项存在争议，其中 采购人代表意见给分，一名评审专家意见不给 分，组长建议咨询现场监督人员，根据监督人员 意见做出评审结论。","A. 正确
B. 错误","B"
"判断题","某物业项目评审，评标委员会成员张三（评审专 家，某高校） 因近期自己单位拟组织同类物业 项目采购，在本项目评审结束后，其记录并带走 了中标人相关人员资质、业绩资料作为参考。","A. 正确
B. 错误","B"
"单选题","福建省某设区市未依法独立设置集中采购机构，其集中采 购项目的合法处理方式不包括以下哪项？","A. 委托省集中采购机构代理采购
B. 委托其他市集中采购机构代理采购
C. 直接自行组织采购
D. 择优委托集中采购机构W外的采购代理机构代理采购","C"
"单选题","福建省某省级预算主管部口确定部口集中采购项目后，需 向省财政厅提交备案材料，以下哪项不属于备案材料应包 含的肉容？","A. 采购品目
B. 评审专家费用
C. 资金预算
D. 实施频率","B"
"单选题","福建省某省级预算单位拟将本系统有特殊要求的某项目确 定为部口集中采购项目，根据规定，该单位应向（）提 交备案材料。","A. 省级财政部门
B. 市级财政部门
C. 上级主管部门
D. 国务院财政部门","A"
"单选题","福建省级某单位拟采购一批空调机，属于小额零星采购， 框架协议采购无法满足需求，当年度同品目预算金额累计 3.5万元，该单位应采取的采购方式是？","A. 自行采购
B. 委托集中采购机构采购
C. 公开招标
D. 网上超市采购","B"
"单选题","福建省某市级单位制定的分散采购限额标准，应在以下哪 个媒体发布？","A. 当地政府官网
B. 中国政府采购网
C. 省级党报
D. 地方电视台","B"
"单选题","福建省福州市级工程项目采购预算金额100万元，该项目 属于以下哪种采购类型？","A. 集中采购
B. 分散采购
C. 公开招标采购
D. 框架协议采购","B"
"单选题","福建省级某单位拟采购单项金额400万元的货物，该项目 应采用的采购方式是？","A. 公开招标
B. 竞争性谈判
C. 框架协议采购
D. 自行采购","A"
"单选题","福建省某设区市未制定本地区分散采购限额标准，其货物 项目分散采购限额标准应按以下哪项执行？","A. 市县级指导标准60万元以上
B. 市县级指导标准50万元以上
C. 市县级指导标准30万元以上
D. 自行确定","C"
"单选题","福建省某市级单位拟采购单项金额200万元的服务，该项 目应采用的采购方式是？","A. 公开招标
B. 竞争性磋商
C. 框架协议采购
D. 自行采购","A"
"单选题","福建省某市级单位拟采购一批物业管理服务，一个预算年 度单项金额180万元，该项目属于以下哪种采购类型？","A. 集中采购
B. 分散采购
C. 公开招标采购
D. 自行采购","B"
"单选题","政府采购工程限额标准以上、工程招标限额标准以下的政 府采购工程项目，不属于依法必须进行招标的项目，不能 采用哪个采购方式组织开展采购活动？","A. 询价采购
B. 竞争性磋商
C. 竞争性谈判
D. 单一来源采购","A"
"单选题","福建省某高校计划采购一批预算金额为400万元的家具， 根据《福建省财政厅关于印发福建省政府集中采购目录及 限额标准的通知》，下列做法正确的是？","A. 采购人委托集中采购机构代理采购
B. 由省、 自治区、直辖市人民政府负责采购
C. 采购人自行采购
D. 采购人委托社会代理机构采购","A"
"单选题","根据《福建省财政厅关于印发福建省政府集中采购目录及 限额标准的通知》，哪一项不属于必须按规定委托集中采 购代理机构采购？","A. 预算金额80万元的服务器
B. 预算金额80万元的乘用车
C. 预算金额80万元的网络接入服务
D. 预算金额80万元的复印机","C"
"单选题","福建省某省级科研院所拟采购一批科研专用投影仪，预算 金额40万元，关于该采购的说法错误的是？","A. 可以委托社会代理机构采购
B. 可自行采购
C. 必须委托集中采购代理机构采购
D. 可以委托集中采购代理机构采购","C"
"单选题","福建省某市级预算单位采购一批空调机（集中采购目录内 品目），属于小额零星采购，框架协议采购无法满足需 求，但网上超市采购可部分满足。根据规定，该单位应（）。","A. 优先通过网上超市采购
B. 可自行采购剩余部分
C. 需重新组织框架协议采购
D. 报市级财政部门批准后自行采购","A"
"单选题","福建省某省级预算单位采购服务器（集中采购目录内品 目），单项金额 45 万元，属于小额零星采购。根据规 定，（ ）。","A. 必须委托集中采购机构采购
B. 应实行框架协议采购
C. 属于分散采购，可自行采购
D. 应采用竞争性磋商方式采购","B"
"单选题","福建省某市级预算单位采购物业管理服务（集中采购目录 内品目），一个预算年度单项采购预算金额 210 万元。 根据规定，该采购（ ）。","A. 必须委托集中采购机构采用公开招标方式采购
B. 应实行框架协议采购
C. 属于分散采购，可自行采购
D. 应采用竞争性谈判方式采购","A"
"单选题","福建省某市级预算单位拟采用公开招标以外的方式采购一 批货物，该货物采购预算金额 250 万元。根据规定，该 单位应在采购活动开始前（ ）。","A. 直接向市级财政部门申请批准
B. 报经预算主管部门同意后，向市级财政部门申请批准
C. 报省级财政部门批准
D. 自行决定采购方式","B"
"单选题","福建省某省级单位拟采购一批图形工作站，属于小额零星 采购，框架协议采购和网上超市采购均无法满足需求，当 年度同品目预算金额累计2.6万元，该单位可采取的采购 方式是？","A. 自行采购
B. 委托集中采购机构采购
C. 公开招标
D. 竞争性谈判","A"
"单选题","福建省某省级预算单位拟采购一批台式计算机，属于小额 零星采购，且框架协议采购和网上超市采购均无法满足需 求，当年度同品目预算金额累计2.5万元，该单位可采取 的采购方式是？","A. 必须委托集中采购机构采购
B. 自行采购
C. 公开招标
D. 竞争性谈判","B"
"单选题","福建省某省级单位在一个财政年度内，分3次采购同一品 目的办公设备，每次预算150万元，均采用竞争性磋商方 式，累计预算450万元。关于该采购行为的说法错误的是？","A. 不能采用竞争性磋商方式
B. 属于化整为零规避公开招标
C. 若项目预算已调整，不属于以化整为零方式规避公开招标
D. 因单次预算金额未超过公开招标数额标准，不属于违规","D"
"单选题","福建省某省级单位拟采购一批复印纸，属于小额零星采 购，网上超市采购无法满足需求，当年度同品目预算金额 累计2.8万元，该单位可采取的采购方式是？","A. 自行采购
B. 公开招标
C. 竞争性谈判
D. 委托社会代理机构采购","A"
"单选题","福建省某省级预算单位将一个预算项目下的同一品目货物 （集中采购目录外）采用公开招标以外的方式多次采购， 一个财政年度内累计资金数额 420 万元，且项目未获批 采用公开招标以外方式采购。根据规定，该行为（ ）。","A. 属于以化整为零方式规避公开招标
B. 不属于以化整为零方式规避公开招标
C. 需补充报备后继续实施
D. 可转为框架协议采购方式","A"
"判断题","在一个财政年度内，采购人（ ），累计资金数额超过公 开招标数额标准的，属于以化整为零方式规避公开招标， 但项目预算调整或者经批准采用公开招标以外方式采购除 外。","A. 将一个预算项目下的同一品目货物采用公开招标以外
的方式多次采购。
B. 将一个预算项目下的同一类别货物采用公开招标以外
的方式多次采购。
C. 将一个预算项目下的同一品目服务采用公开招标以外
的方式多次采购。
D. 将一个预算项目下的同一类别服务采用公开招标以外
的方式多次采购。","ABCD"
"判断题","政府采购工程限额标准以上的工程项目，依法不进行招标 的，应当采用（ ）进行采购，采用政府采购文件范本， 使用政府采购网上公开信息系统，由财政部门监管。","A. 询价
B. 竞争性磋商
C. 单一来源方式
D. 竞争性谈判","BCD"
"判断题","各级集中采购机构要细化集中采购机构采购项目的实施方 案，会同有关部门，通过（ ）等方式组织实施集中采购 机构采购项目，发挥规模优势，提高采购效率。","A. 框架协议
B. 批量
C. 联合
D. 网上超市","ABCD"
"判断题","根据《福建省财政厅关于印发福建省政府集中采购目录及 限额标准的通知》，有关分散采购的说法，正确的是（ ）。","A. 采购人必须委托集中采购机构实施采购。
B. 采购人可以委托集中采购机构实施采购。
C. 采购人可以委托社会代理机构实施采购。
D. 采购人可以依法自行组织采购。","BCD"
"判断题","根据《福建省政府集中采购目录及限额标准》，下列采购 方式中，可用于集中采购目录内项目的有？（ ）","A. 公开招标
B. 邀请招标
C. 竞争性谈判
D. 单一来源采购","ABCD"
"判断题","未达到公开招标数额标准的货物、服务项目，采购人可以 采用以下哪些采购方式组织开展采购活动？（）","A. 公开招标
B. 竞争性磋商
C. 竞争性谈判
D. 单一来源采购","ABCD"
"判断题","政府采购工程限额标准以上、工程招标限额标准以下的政 府采购工程项目，不属于依法必须进行招标的项目，应当 采用以下哪些采购方式组织开展采购活动？（）","A. 公开招标
B. 竞争性磋商
C. 竞争性谈判
D. 单一来源采购","BCD"
"判断题","省级某教育厅拟确定部门集中采购项目，其备案材料应包 含的项目基本情况内容有。（ ）","A. 采购品目
B. 采购方式
C. 资金预算
D. 内部使用范围","ABCD"
"判断题","关于集中采购目录，下列说法不正确的是（ ）。","A. 集中采购项目采购人可以自行组织采购。
B. 采购人本部门、本系统基于业务需要有特殊要求的列
为部门集中采购项目。
C. 集中采购目录的政府采购项目必须委托集中采购机构
采购。
D. 依法独立设置集中采购机构的地区，也可将纳入集中
采购目录的项目委托给社会代理机构采购。","ABD"
"判断题","下列行为中，属于违反《福建省财政厅关于印发福建省政 府集中采购目录及限额标准的通知》的有（ ）","A. 将单次采购预算达限额标准的同一品目货物拆分为3
次采购，每次未达限额。
B. 将集中采购目录内达金额标准的服务项目拆分为多个
未达标准的子项目。
C. 分散采购项目委托社会代理机构实施采购，未报财政
部门备案。
D. 未列入集中采购目录且未达限额标准的项目，自行联
系供应商采购。","AB"
"判断题","下列关于政府采购政策功能落实的说法，符合《福建省财 政厅关于印发福建省政府集中采购目录及限额标准的通知 》的有（ ）","A. 政府采购工程需执行支持绿色发展政策。
B. 政府采购工程建设有关货物无需落实支持中小企业发展政策。
C. 政府采购工程建设有关货物需执行支持绿色发展政策。
D. 政府采购工程需落实支持中小企业发展政策。","ACD"
"判断题","福州市某采购人计划采购一批预算金额为300万元的家 具，根据《福建省财政厅关于印发福建省政府集中采购目 录及限额标准的通知》，下列说法不正确的是（ ）。","A. 采购人委托集中采购机构代理采购。
B. 由省、 自治区、直辖市人民政府负责采购。
C. 采购人自行采购。
D. 采购人委托社会代理机构采购。","BCD"
"判断题","根据《福建省财政厅关于印发福建省政府集中采购目录及 限额标准的通知》，下列哪些货物必须按规定委托集中采 购代理机构采购？（ ）","A. 预算金额40万元的服务器。
B. 预算金额40万元的LED显示屏。
C. 预算金额40万元的小型客车。
D. 预算金额40万元的家具。","BC"
"判断题","福建省属某高校拟开展下列采购活动时，必须按规定委托 集中采购代理机构采购的有？（ ）","A. 采购预算金额25万元的教学用投影仪。
B. 采购预算金额60万元的教师办公室用复印机。
C. 委托第三方对办公场所及其他公用场所设备运行、门
窗保养维护、保洁、绿化养护等管理，预算金额300万元。
D. 采购金额8万元的教职工福利物资。","ABC"
"判断题","根据《福建省财政厅关于印发福建省政府集中采购目录及 限额标准的通知》，以下说法错误的是（ ）。","A. 分散采购必须委托集中采购机构实施采购。
B. 单项或批量采购预算金额达到政府采购限额标准以下
的，实行分散采购管理。
C. 工程项目依法采用招标方式的，按照工程招标投标活
动监管有关职责分工，由相应的财政部门监管。
D. 对集中采购和分散采购，凡单项或批量采购预算金额
达到公开招标数额标准以上的货物、服务项目，应当采
用公开招标方式。","ABC"
"判断题","下列行为中，违反《福建省财政厅关于印发福建省政府集 中采购目录及限额标准的通知》的有（ ）","A. 将集中采购目录内项目委托社会代理机构采购。
B. 拆分采购项目使单次金额低于采购限额标准。
C. 达到公开招标限额标准用竞争性磋商方式采购。
D. 达到公开招标数额标准的，采用公开招标以外采购方
式的，采购人在采购活动结束后，向财政部门备案。","ABCD"
"判断题","根据《福建省财政厅关于印发福建省政府集中采购目录及 限额标准的通知》，哪一项属于必须按规定委托集中采购 代理机构采购（ ）","A. 预算金额60万元的服务器。
B. 预算金额60万元的乘用车。
C. 预算金额60万元的网络接入服务。
D. 预算金额60万元的复印机。","ABD"
"判断题","下列行为中，属于“规避公开招标采购”的违规行为有（ ）","A. 将达到公开招标数额标准的货物项目拆分为多个未达
标准的子项目，分别采用竞争性磋商方式。
B. 达到公开招标数额标准的项目，经财政部门批准采用
竞争性磋商方式。
C. 达到公开招标数额标准的服务项目，以“特殊技术要
求”为由直接采用单一来源采购，且无批准文件。
D. 未达到公开招标数额标准的项目，自愿采用公开招标方式。","AC"
"判断题","某省级科研院所拟采购一批科研专用投影仪，预算金额40 万元，关于该采购的说法正确的有（ ）","A. 可以委托社会代理机构采购。
B. 可自行采购。
C. 必须委托集中采购代理机构采购。
D. 可以委托集中采购代理机构采购。","ABD"
"判断题","某省级单位在一个财政年度内，分3次采购同一品目的办 公设备，每次预算150万元，均采用竞争性磋商方式，累 计预算450万元。关于该采购行为的说法正确的有（ ）","A. 不能采用竞争性磋商方式。
B. 属于化整为零规避公开招标。
C. 若项目预算已调整，不属于以化整为零方式规避公开招标。
D. 因单次预算金额未超过公开招标数额标准，不属于违规。","ABC"
"判断题","某市民政局年初拟采购一批复印纸，预算金额2.8万元。 关于该采购的说法正确的有（ ）","A. 应实行框架协议采购。
B. 如框架协议和网上超市均无法满足，可自行采购。
C. 可直接自行采购。
D. 可采用网上超市采购。","ABD"
"判断题","某市政务服务中心拟采购云计算服务，预算金额210万 元，用于搭建政务数据平台。关于该采购的说法，正确的有（ ）","A. 需委托集中采购机构采购。
B. 必须采用公开招标方式采购。
C. 若采用单一来源方式采购，需报经预算主管部门同意
后，依法向财政部门申请批准。
D. 该项目需落实支持中小企业发展的政府采购政策。","ABCD"
"判断题","某省直单位2025年度内分4次采购同一品目的多功能一体 机，每次预算120万元，均采用竞争性谈判方式采购，无 预算调整或特殊批准文件。关于该采购行为，下列说法正确的有（ ）","A. 必须委托集中采购代理机构采购。
B. 可以委托社会代理机构采购。
C. 属于化整为零规避公开招标。
D. 可以采用竞争性谈判方式采购。","AC"
"判断题","根据《福建省财政厅关于印发福建省政府集中采购目录及 限额标准的通知》规定，省级货物或服务项目的分散采购 限额标准是100万元。","A. 正确
B. 错误","A"
"判断题","福建省某市级单位拟采购办公楼外墙单独修缮项目，预算 金额为180万元。本项目应采用政府采购方式，如竞争性 谈判、竞争性磋商或单一来源采购。","A. 正确
B. 错误","A"
"判断题","所有政府采购工程项目，无论是否依法进行招标，都应当 落实支持绿色发展等政府采购政策功能。","A. 正确
B. 错误","A"
"判断题","福建省某省级单位拟采购食堂修缮项目，预算金额为150 万元，本项目无须落实中小企业发展政府采购政策功能。","A. 正确
B. 错误","B"
"判断题","福建省某省级单位拟采购一批设备，预算金额为95万元， 该设备不在集中采购目录内，由于未达到100万元的省级 分散采购限额，年累计金额也未达到限额，该单位可以根 据单位采购内控制度规定完成采购。","A. 正确
B. 错误","A"
"判断题","福建省某省级单位拟采购一批图形工作站，预算金额为4 万元，低于分散采购限额标准，因此可以自行采购。","A. 正确
B. 错误","B"
"判断题","未依法独立设置集中采购机构的地区，集中采购机构以外 的采购代理机构可接受委托代理集中采购目录内达到限额 标准的项目。","A. 正确
B. 错误","A"
"判断题","福建省某省级单位可以委托集中采购机构以外的采购代理 机构代理采购预算金额60万元的乘用车。","A. 正确
B. 错误","B"
"判断题","福建省某省级单位可以委托集中采购机构以外的采购代理 机构代理采购预算金额60万元的复印机。","A. 正确
B. 错误","B"
"判断题","福建省省级预算主管部门结合自身业务特点，将本部门、 本系统基于业务需要有特殊要求，可统一采购的项目确定 为部门集中采购项目，书面报省财政厅备案后实施。备案 材料应包含采购品目、采购方式、资金预算、内部使用范 围、拟委托代理机构、实施频率等项目基本情况。","A. 正确
B. 错误","A"
"判断题","福建省市县级货物、服务项目公开招标数额标准为200万 元，某代理机构代理县级300万元服务项目，经采购人同 意后可采用邀请招标方式。","A. 正确
B. 错误","B"
"判断题","福建省某市级单位拟采购一批预算为220万元的货物，采 购人可以采用公开招标以外的采购方式，且无需报财政部门审批。","A. 正确
B. 错误","B"
"判断题","福建省某省属高校拟采购一批复印纸，预算金额为2.8万 元，属于小额零星采购。采购人应实行框架协议采购。","A. 正确
B. 错误","A"
"判断题","福建省某县级机关计划采购单项金额210万元的办公家 具，因当地未设立集中采购机构，该机关可将此项目委托 省级集中采购机构代理采购或其他市集中采购机构代理采购。","A. 正确
B. 错误","A"
"判断题","将单次采购预算达限额标准的同一品目货物拆分为3次采 购，每次未达限额，属于违反《福建省财政厅关于印发福 建省政府集中采购目录及限额标准的通知》的规定。","A. 正确
B. 错误","A"
"判断题","将集中采购目录内达金额标准的服务项目拆分为多个未达 标准的子项目，属于违反《福建省财政厅关于印发福建省 政府集中采购目录及限额标准的通知》的规定。","A. 正确
B. 错误","A"
"判断题","福建省某省级单位可以委托集中采购机构以外的采购代理 机构代理采购预算金额60万元的网络接入服务项目。","A. 正确
B. 错误","A"
"判断题","福建省某省级单位年初部门预算编列采购一批计算机，预 算金额200万元，采用询价方式进行采购，采购完后，由 于工作需要，调整预算后，并再次采用询价采购方式采购 了一批计算机，项目预算为250万元的计算机。","A. 正确
B. 错误","A"
"判断题","福建省某省级单位年初部门预算编列采购一批计算机，预 算金额200万元，尚未实施采购，由于工作需要，追加采 购一批计算机，预算金额200万元，公开招标数额标准为 400万元，实施过程中，分两次对计算机分别实施询价采购。","A. 正确
B. 错误","B"
"判断题","福建省某省级预算单位因业务发展需要，计划新增2辆新 能源乘用车作为公务用车，经财务部门核算，该批新能源 乘用车单项采购预算为每辆25万元，2辆累计采购预算50 万元。新能源车属于新能源相关特殊品类，无需委托集中 采购机构代理采购。","A. 正确
B. 错误","B"
"判断题","福建省某省级高校可以委托集中采购机构以外的采购代理 机构采购一批预算金额100万元的科研专用投影仪。","A. 正确
B. 错误","A"
"判断题","福建省某市政务服务中心拟采购云计算服务，预算金额 300万元，用于搭建政务数据平台，应当委托集中采购代 理机构采用公开招标方式进行采购。","A. 正确
B. 错误","A"
"判断题","福建省某省级单位计划采购一批预算为45万元的服务器， 根据《福建省财政厅关于印发福建省政府集中采购目录及 限额标准的通知》规定，必须委托集中采购机构代理采购 。","A. 正确
B. 错误","B"
"单选题","根据《政府采购促进中小企业发展管理办法》，中小 企业的定义不包括以下哪种情况？（ ）","A. 与大企业的负责人为同一人
B. 与大企业存在直接控股关系
C. 与大企业存在管理关系
D. 与大企业有业务合作关系","D"
"单选题","在政府采购活动中，供应商提供的货物由中小企业制 造，且使用该中小企业商号或者注册商标的，可以享 受（ ）政策。","A. 价格评审优惠
B. 优先采购
C. 预留采购份额
D. 所有选项都符合","D"
"单选题","采购人在政府采购活动中应当合理确定采购项目的采 购需求，不得以（ ）作为供应商的资格要求或者评 审因素。","A. 企业注册资本
B. 资产总额
C. 营业收入
D. 所有选项都符合","D"
"单选题","主管预算单位应当组织评估本部门及所属单位政府采 购项目，统筹制定面向中小企业预留采购份额的具体 方案，并在（ ）中单独列示。","A. 政府采购预算
B. 政府采购合同
C. 政府采购公告
D. 政府采购文件","A"
"单选题","采购限额标准以上，200 万元以下的货物和服务采购 项目、400万元以下的工程采购项目，适宜由中小企 业提供的，采购人应当（ ）。","A. 专门面向中小企业采购
B. 优先采购
C. 预留采购份额
D. 所有选项都符合","A"
"单选题","超过 200 万元的货物和服务采购项目、超过 400 万 元的工程采购项目中适宜由中小企业提供的，预留该 部分采购项目预算总额的（ ）以上专门面向中小企业采购。","A. 20%
B. 30%
C. 40%
D. 50%","C"
"单选题","政府采购促进中小企业发展管理办法由哪个部门负责 解释？","A. 国家发展和改革委员会
B. 最高人民法院
C. 财政部
D. 国家市场监督管理总局","C"
"单选题","专门面向中小企业的政府采购项目，中小企业参与政 府采购活动时，可以组成的联合体不包括？","A. 不同行业的中小企业
B. 中小企业与大型企业
C. 中小企业与事业单位
D. 不同地区的中小企业","C"
"单选题","政府采购促进中小企业发展管理办法的制定目的是？","A. 提高政府采购效率
B. 促进中小企业发展
C. 增加政府财政收入
D. 规范政府采购行为","B"
"单选题","采购人或者采购代理机构对小型和微型企业的认定， 应当以什么为主要依据？","A. 企业自行申报
B. 工商行政管理部门的登记
C. 《中小企业划型标准规定》
D. 地方税务部门的认定","C"
"单选题","对于经主管预算单位统筹后未预留份额专门面向中小 企业采购的采购项目，采购人、采购代理机构应当对 符合规定的小微企业报价给予（ ）的扣除。","A. 3%—5%
B. 10%—20%
C. 1%—2%
D. 2%—3%","B"
"单选题","中小企业参加政府采购活动，应当出具（ ），否则 不得享受相关中小企业扶持政策。","A. 中小企业声明函
B. 中小企业身份证明文件
C. 中小企业资质证书
D. 中小企业营业执照","A"
"单选题","采购项目涉及中小企业采购的，采购文件应当明确（）等内容。","A. 预留份额的采购项目或者采购包
B. 要求以联合体形式参加或者合同分包
C. 非预留份额的采购项目或者采购包的价格扣除比例或者价格分加分比例
D. 所有选项都符合","D"
"单选题","中标、成交供应商享受中小企业扶持政策的，采购人 、采购代理机构应当随中标、成交结果公开中标、成 交供应商的（ ）。","A. 中小企业声明函
B. 中小企业身份证明文件
C. 中小企业资质证书
D. 中小企业营业执照","A"
"单选题","对于通过预留采购项目、预留专门采购包、要求以联 合体形式参加或者合同分包等措施签订的采购合同， 应当明确标注（ ）。","A. 本合同为中小企业预留合同
B. 本合同为大型企业预留合同
C. 本合同为中型企业预留合同
D. 本合同为小微企业预留合同","A"
"单选题","鼓励各地区、各部门在采购活动中允许中小企业引入 （ ），为中小企业在投标（响应）保证、履约保证 等方面提供专业化服务。","A. 信用担保手段
B. 资金支持
C. 技术支持
D. 所有选项都符合","A"
"单选题","政府采购监督检查、投诉处理及政府采购行政处罚中 对中小企业的认定，由（ ）负责。","A. 货物制造商或者工程、服务供应商注册登记所在地的县级
以上人民政府中小企业主管部门
B. 采购人
C. 采购代理机构
D. 财政部门","A"
"单选题","各地区、各部门应当对涉及中小企业采购的预算项目 实施 ( ) ,合理设置绩效目标和指标，落实扶持中小 企业有关政策要求。","A. 全过程绩效管理
B. 部分绩效管理
C. 阶段性绩效管理
D. 所有选项都符合","A"
"单选题","主管预算单位应当自 2022 年起向同级财政部门报告 本部门上一年度面向中小企业预留份额和采购的具体 情况，并在（ ）公开预留项目执行情况。","A. 中国政府采购网
B. 中国中小企业网
C. 中国招标投标网
D. 所有选项都符合","A"
"单选题","财政部门、中小企业主管部门及其工作人员在履行职 责中违反《政府采购促进中小企业发展管理办法》规 定及存在其他滥用职权 、玩忽职守、徇私舞弊等违 法违纪行为的，依照（ ）等国家有关规定追究相应责任。","A. 《中华人民共和国政府采购法》
B. 《中华人民共和国公务员法》
C. 《中华人民共和国监察法》
D. 所有选项都符合","D"
"单选题","中小企业参与政府采购活动时，可以享受的优惠待遇 不包括()","A. 价格扣除
B. 优先采购
C. 质量加分
D. 专门面向中小企业的资格要求","C"
"单选题","采购限额标准以上，200 万元以下的货物和服务采购 项目、400万元以下的工程采购项目，适宜由中小企 业提供的，采购人应当 ( ) 。","A. 专门面向中小企业采购
B. 优先采购
C. 预留采购份额
D. 所有选项都符合","A"
"单选题","超过 200 万元的货物和服务采购项目、超过 400 万 元的工程采购项目中适宜由中小企业提供的，预留该 部分采购项目预算总额的 40% 以上专门面向中小企 业采购，其中预留给小微企业的比例不低于（ ）。","A. 50%
B. 60%
C. 70%
D. 80%","B"
"单选题","某政府采购代理机构受采购人委托，市级学校课桌椅 采购，预算200万元，采购人要求专门面向中小企业 采购，（）不可以参加。","A. 事业单位
B. 中型企业
C. 小型企业
D. 微型企业","A"
"单选题","某高校采购一批教学设备，预算200万元，该项目非 专门面向中小企业。A投标人所投产品的制造商是小 微企业；B为联合体投标； C投标人是小微企业，产 品制造商是大型企业；D投标人及产品制造商都是大 型企业，请问要怎么落实政策？","A. 小微企业产品价格扣除,制造商是小微企业即可享受
B. 不管联合体各方是不是小微企业的,联合体不可以视为小微企业
C. 小微企业产品价格扣除,代理商与制造商任一是小微企业即可享受
D. 小微企业产品价格扣除,代理商与制造商都是小微企业才能享受","A"
"单选题","某高校采购一批家具，预算200万元，怎么落实政 策？","A. 将采购项目整体专门面向中小企业采购。
B. 在采购项目中不用设置采购包专门面向中小企业采购。
C. 要求供应商以联合体形式参加采购活动，且联合体中中小
企业承担的部分不用达到一定比例。
D. 不用要求获得采购合同的供应商将采购项目中的一定比例
分包给一家或者多家中小企业","A"
"单选题","某政府超过200万元的货物和服务项目，以下哪种举 措才是进一步加大政府采购支持中小企业力度？","A. 提高预留份额比例
B. 取消预留份额要求
C. 提高投标保证金比例
D. 取消政府采购合同融资","A"
"单选题","下列选项中，不属于《关于印发中小企业划型标准规 定的通知》第二条所提及的划型指标的是（ ）","A. 从业人员
B. 营业收入
C. 资产总额
D. 净利润","D"
"多选题","根据《政府采购促进中小企业发展管理办法》，以下 可以参与专门面向中小企业的政府采购项目有哪些？ （）","A. 中型企业
B. 小型企业
C. 微型企业
D. 个体工商户","ABCD"
"多选题","采购人在政府采购活动中应当合理确定采购项目的采 购需求，不得以以下哪些条件作为供应商的资格要求 或者评审因素？ ( )","A. 企业注册资本
B. 资产总额
C. 营业收入
D. 从业人员","ABCD"
"多选题","根据《政府采购促进中小企业发展管理办法》，专门 面向中小企业的政府采购项目，以下哪些情形下供应 商提供的货物、工程或服务可以享受中小企业扶持政 策？ ( )","A. 货物由中小企业制造
B. 工程由中小企业承建
C. 服务由中小企业承接
D. 货物由大型企业制造","ABC"
"多选题","在政府采购活动中，以下哪些措施可以提高中小企业 的份额？ ( )","A. 预留采购份额
B. 价格评审优惠
C. 优先采购
D. 提高采购限额标准","ABC"
"多选题","以下哪些情形下可以不专门面向中小企业预留采购份 额？ ( )","A. 法律法规明确规定优先面向事业单位采购
B. 使用不可替代的专利、专有技术
C. 框架协议采购项目
D. 采购限额标准以下的项目","ABCD"
"多选题","在政府采购活动中，以下哪些措施可以用于预留采购 份额？ ( )","A. 将采购项目整体专门面向中小企业采购
B. 要求供应商以联合体形式参加采购活动
C. 要求获得采购合同的供应商将采购项目中的一定比例分包给中小企业
D. 提高采购限额标准","ABC"
"多选题","在政府采购活动中，以下哪些情形下可以对联合体或 者大中型企业的报价给予扣除？ ( )","A. 联合协议或者分包意向协议约定小微企业的合同份额占到
合同总金额 30% 以上
B. 适用招标投标法的政府采购工程建设项目
C. 采购限额标准以下的项目
D. 专门面向中小企业的采购项目","AB"
"多选题","在政府采购活动中，以下哪些内容应当在采购文件中 明确？ ( )","A. 预留份额的采购项目或者采购包
B. 要求以联合体形式参加或者合同分包的
C. 非预留份额的采购项目或者采购包
D. 采购限额标准以下的项目","ABC"
"多选题","在政府采购活动中，以下哪些情形下应当公开中标、 成交供应商的《中小企业声明函》？ ( )","A. 中标、成交供应商享受中小企业扶持政策
B. 适用招标投标法的政府采购工程建设项目
C. 采购限额标准以上,享受扶持政策的项目
D. 预留份额项目中的非预留部分采购包","ABC"
"多选题","在政府采购活动中，以下哪些情形下鼓励中小企业引 入信用担保手段？ ( )","A. 投标（响应）保证
B. 履约保证
C. 采购限额标准以下的项目
D. 预留份额项目中的非预留部分采购包","AB"
"多选题","在政府采购活动中，以下哪些情形下属于提供虚假材 料谋取中标 、成交？ ( )","A. 供应商按照《政府采购促进中小企业发展管理办法》规定
提供声明函内容不实
B. 适用招标投标法的政府采购工程建设项目，投标人按照《
政府采购促进中小企业发展管理办法》规定提供声明函内容不实
C. 采购限额标准以下的项目
D. 预留份额项目中的非预留部分采购包","AB"
"多选题","在政府采购活动中，以下哪些情形下财政部门、中小 企业主管部门及其工作人员应当追究相应责任？ ( )","A. 违反《政府采购促进中小企业发展管理办法》规定
B. 存在滥用职权、玩忽职守、徇私舞弊等违法违纪行为
C. 采购限额标准以下的项目
D. 预留份额项目中的非预留部分采购包","AB"
"多选题","在政府采购活动中，以下哪些情形下应当明确标注本 合同为中小企业预留合同？ ( )","A. 通过预留采购项目、预留专门采购包签订的采购合同
B. 要求以联合体形式参加或者合同分包签订的采购合同
C. 采购限额标准以下的项目
D. 预留份额项目中的非预留部分采购包","AB"
"多选题","在政府采购活动中，以下哪些情形下由中小企业主管 部门负责中小企业的认定？ ( )","A. 政府采购监督检查
B. 投诉处理
C. 政府采购行政处罚
D. 采购限额标准以下的项目","ABC"
"多选题","在政府采购活动中，以下哪些情形下属于未按照规定 执行政府采购政策？ ( )","A. 采购人未按规定为中小企业预留采购份额
B. 采购人、采购代理机构未按规定要求实施价格扣除或者价格分加分
C. 采购限额标准以下的项目
D. 预留份额项目中的非预留部分采购包","AB"
"多选题","在政府采购活动中，以下哪些情形下应当依照《中华 人民共和国政府采购法》等国家有关规定追究法律责 任？ ( )","A. 采购人未按《政府采购促进中小企业发展管理办法》规定
为中小企业预留采购份额
B. 采购人、采购代理机构未按照《政府采购促进中小企业发
展管理办法》规定要求实施价格扣除或者价格分加分
C. 采购限额标准以下的项目
D. 预留份额项目中的非预留部分采购包","AB"
"多选题","政府采购促进中小企业发展的优惠措施包括（）。","A. 价格评审优惠
B. 首付款比例提高（质量评审加分）
C. 履约保证金减免
D. 分包合作支持","ABCD"
"多选题","供应商存在下列（）行为的，将被纳入政府采购不良 行为记录名单。","A. 提供虚假中小企业声明函
B. 恶意串通
C. 骗取政府采购优惠
D. 轻微违约","ABC"
"多选题","下列哪些情形，提供货物、工程或者服务的供应商可 以享受《政府采购促进中小企业发展管理办法》规定 的中小企业扶持政策？","A. 在货物采购项目中，全部货物由中小企业制造
B. 在货物采购项目中，参与投标的供应商为中小企业
C. 在工程采购项目中，工程施工单位为中小企业
D. 在服务采购项目中，承接服务的单位为中小企业","ACD"
"多选题","某单位进行政府采购项目，按照《政府采购促进中小 企业发展管理办法》第六条规定预留份额专门面向中 小企业采购，在采购过程中，可能出现的情况有（）","A. 只有小微企业参与投标，且符合要求，确定小微企业中标
B. 有中型企业和小微企业参与投标，优先选择小微企业
C. 没有中小企业参与投标，重新组织采购活动
D. 有大型企业参与投标，直接拒绝其投标资格","ABCD"
"多选题","政府采购活动中，采购项目涉及中小企业采购的，采 购文件应当明确（）内容。","A. 预留份额的采购项目或者采购包，明确该项目或相关采购
包专门面向中小企业采购，以及相关标的及预算金额
B. 要求以联合体形式参加或者合同分包的，明确联合协议或者分包意向协议中中小企业合同金额应当达到的比例，并作为供应商资格条件
C. 非预留份额的采购项目或者采购包，明确有关价格扣除比
例或者价格分加分比例
D. 规定依据本办法规定享受扶持政策获得政府采购合同的，小微企业不得将合同分包给大中型企业，中型企业不得将合同分包给大型企业","ABCD"
"多选题","某单位采购一批办公软件，未预留份额专门面向中小 企业采购，以下关于报价扣除的说法，正确的有（）","A. 若供应商为小微企业，报价扣除比例为15%
B. 报价扣除后，用扣除后的价格参加评审
C. 供应商提供了能证明其小微企业身份的《中小企业声明函》
D. 中型企业也可以享受报价扣除政策","ABC"
"多选题","按照《政府采购促进中小企业发展管理办法》，超过 200 万元的货物和服务采购项目、超过400万元的工 程采购项目中适宜由中小企业提供的，预留该部分采 购项目预算总额的 40%以上专门面向中小企业采购， 其中预留给小微企业的比例不低于 60%。预留中小企 业采购份额通过下列哪些措施进行？","A. 将采购项目整体专门面向中小企业采购。
B. 在采购项目中设置采购包专门面向中小企业采购。
C. 要求供应商以联合体形式参加采购活动，且联合体中中小
企业承担的部分达到一定比例。
D. 要求获得采购合同的供应商将采购项目中的一定比例分包
给一家或者多家中小企业","ABCD"
"多选题","在政府采购活动中，对于既有货物又有服务的采购项 目，应当如何判断供应商是否属于中小企业?","A. 采购人应当根据政府采购有关规定和采购项目的实际情
况，确定拟采购项目是货物、工程还是服务项目。
B. 享受中小企业扶持政策的供应商应当满足下列条件：在货
物采购项目中，货物应当由中小企业制造，不对其中涉及的服
务的承接商作出要求；
C. 在工程采购项目中，工程应当由中小企业承建，不对其中
涉及的货物的制造商和服务的承接商作出要求；
D. 在服务采购项目中，服务的承接商应当为中小企业，不对
其中涉及的货物的制造商作出要求。","ABCD"
"多选题","按照《政府采购促进中小企业发展管理办法》第二条 中“但与大企业的负责人为同一人，或者与大企业存 在直接控股、管理关系的除外。”负责人是什么意 思？控股是否有股权比例的要求?管理关系是什么意 思？","A. 按照相关法律法规规定，负责人是指单位法定代表人或者
法律、行政法规规定代表单位行使职权的主要负责人。
B. 控股是指出资额占有限责任公司资本总额百分之五十以上
或者其持有的股份占股份有限公司股本总额百分之五十以上
的，以及出资额或者持有股份的比例虽然不足百分之五十，但
依其出资额或者持有的股份所享有的表决权已足以对股东会、
股东大会的决议产生重大影响。
C. 管理关系是指与不具有出资持股关系的单位之间存在的其
他管理与被管理关系。
D. 与大企业之间存在上述情形的中小企业可依法参加政府采
购活动，但不享受政府采购对中小企业的扶持政策。","ABCD"
"多选题","某单位采购一批仪器设备，以下属于政府采购促进中 小企业发展的具体措施的有（）","A. 预留采购份额
B. 价格评审优惠
C. 优先采购
D. 鼓励联合体投标
E. 允许分包","ABCDE"
"多选题","政府采购监督检查和投诉处理中，对中小企业的认定 标准参照的指标有（）","A. 从业人员
B. 营业收入
C. 资产总额
D. 行业地位","ABC"
"多选题","政府采购活动中，采购人、采购代理机构在采购文件 中应当明确的中小企业相关内容有（）。","A. 预留份额的采购包
B. 价格扣除比例
C. 中小企业声明函的提交要求
D. 非预留项目的评审标准","ABCD"
"判断题","根据《政府采购促进中小企业发展管理办法》，符合 中小企业划分标准的个体工商户，在政府采购活动中 视同中小企业。( )","A. 正确
B. 错误","A"
"判断题","在政府采购活动中，供应商提供的货物由中小企业制 造的，可以享受中小企业扶持政策。 ( )","A. 正确
B. 错误","A"
"判断题","采购人在政府采购活动中可以以企业注册资本作为供 应商的资格要求或者评审因素。 ( )","A. 正确
B. 错误","B"
"判断题","主管预算单位应当对适宜由中小企业提供的采购项目 和采购包，预留采购份额专门面向中小企业采购。 ( )","A. 正确
B. 错误","A"
"判断题","采购限额标准以上，200 万元以下的货物和服务采购 项目、400万元以下的工程采购项目，适宜由中小企 业提供的，采购人应当专门面向中小企业采购。 ( )","A. 正确
B. 错误","A"
"判断题","采购项目涉及中小企业采购的，采购文件应当明确预留份额的采购项目或者采购包，明确该项目或相关采购包专门面向中小企业采购，以及相关标的及预算金额。 ( )","A. 正确
B. 错误","A"
"判断题","对于经主管预算单位统筹后未预留份额专门面向中小 企业采购的采购项目，采购人、采购代理机构应当对 符合规定的小微企业报价给予 10%—20% 的扣除。()","A. 正确
B. 错误","A"
"判断题","采购人应当严格按照本办法规定和主管预算单位制定 的预留采购份额具体方案开展采购活动。预留份额的 采购项目或者采购包，通过发布公告方式邀请供应商 后，符合资格条件的中小企业数量不足3 家的，应当 中止采购活动，视同未预留份额的采购项目或者采购 包，按照本办法第九条有关规定重新组织采购活动。","A. 正确
B. 错误","A"
"判断题","中小企业参加政府采购活动，应当出具《中小企业声 明函》，否则不得享受相关中小企业扶持政策。 ( )","A. 正确
B. 错误","A"
"判断题","中标、成交供应商享受中小企业扶持政策的，采购人 、采购代理机构应当随中标、成交结果公开中标、成 交供应商的《中小企业声明函》。 ( )","A. 正确
B. 错误","A"
"判断题","对于通过预留采购项目、预留专门采购包、要求以联 合体形式参加或者合同分包等措施签订的采购合同， 应当明确标注本合同为中小企业预留合同。 ( )","A. 正确
B. 错误","A"
"判断题","鼓励各地区、各部门在采购活动中允许中小企业引入 信用担保手段，为中小企业在投标（响应）保证、履 约保证等方面提供专业化服务。 ( )","A. 正确
B. 错误","A"
"判断题","政府采购监督检查、投诉处理及政府采购行政处罚中 对中小企业的认定，由货物制造商或者工程、服务供 应商注册登记所在地的县级以上人民政府中小企业主 管部门负责。 ( )","A. 正确
B. 错误","A"
"判断题","各地区、各部门应当对涉及中小企业采购的预算项目 实施全过程绩效管理，合理设置绩效目标和指标，落 实扶持中小企业有关政策要求。 ( )","A. 正确
B. 错误","A"
"判断题","采购人未按《政府采购促进中小企业发展管理办法》 规定为中小企业预留采购份额的，属于未按照规定执 行政府采购政策。 ( )","A. 正确
B. 错误","A"
"判断题","供应商按照《政府采购促进中小企业发展管理办法》 规定提供声明函内容不实的，属于提供虚假材料谋取 中标、成交或者弄虚作假骗取中标。 ( )","A. 正确
B. 错误","A"
"判断题","财政部门、中小企业主管部门及其工作人员在履行职 责中违反《政府采购促进中小企业发展管理办法》规 定及存在其他滥用职权 、玩忽职守、徇私舞弊等违 法违纪行为的，依照《中华人民共和国政府采购法》 、《中华人民共和国公务员法》、《中华人民共和国 监察法》等国家有关规定追究相应责任。 ( )","A. 正确
B. 错误","A"
"判断题","对外援助项目、国家相关资格或者资质管理制度另有 规定的项目，不适用《政府采购促进中小企业发展管 理办法》。 ( )","A. 正确
B. 错误","A"
"判断题","根据中小企业划型标准规定，中小微型企业的划分标 准包括从业人员和营业收入。","A. 正确
B. 错误","B"
"判断题","专门面向中小企业的采购项目，可以同时执行小型、 微型企业价格评审优惠等政策。","A. 正确
B. 错误","B"
"判断题","在货物采购项目中，货物由中小企业制造即可享受扶 持政策，与供应商是否为中小企业无关。","A. 正确
B. 错误","A"
"判断题","中小企业声明函实行自我声明、无需提供佐证材料， 采购人不得要求中小企业额外提供证明文件。（）","A. 正确
B. 错误","A"
"判断题","联合体参与政府采购活动，联合体中中小企业的合同 金额占比达到30%以上的，可享受中小企业相关优惠 政策。（）","A. 正确
B. 错误","A"
"判断题","福建省省级医院采购一批预算金额为80万元的医疗设 备，采购人可以不预留份额给中小企业。（）","A. 正确
B. 错误","A"
"判断题","采购人未按规定执行价格评审优惠的，由行政主管部 门责令改正。（）","A. 正确
B. 错误","A"
"判断题","采购人应当严格按照本办法规定和主管预算单位制定 的预留采购份额具体方案开展采购活动。预留份额的 采购项目或者采购包，通过发布公告方式邀请供应商 后，符合资格条件的中小企业数量不足3 家的，采购 活动可以正常进行。","A. 正确
B. 错误","B"
"判断题","供应商提供虚假中小企业声明函的，将被禁止参与政 府采购活动1-3年。（）","A. 正确
B. 错误","A"
"判断题","采购人可以根据实际情况，调整预留份额的比例，无 需向财政部门备案。（）","A. 正确
B. 错误","B"
"判断题","政府采购合同中，应当约定中小企业的履约保证金可 以银行保函替代。（）","A. 正确
B. 错误","A"
"判断题","政府采购合同中，约定中小企业的履约保证金应当以 现金支付。（）","A. 正确
B. 错误","B"
"判断题","各地区、各部门应当对涉及中小企业采购的预算项目 实施全过程绩效管理，合理设置绩效目标和指标，落 实扶持中小企业有关政策要求，定期开展绩效监控和 评价，强化绩效评价结果应用。（）","A. 正确
B. 错误","A"
"判断题","对于预留份额的采购项目，中小企业可以分包给大型 企业完成。（）","A. 正确
B. 错误","B"
"判断题","福建省省级某高校采购一批教学设备，预算金额为 500万元，面向中小企业的预留份额由30%以上阶段性 提高至40%以上。","A. 正确
B. 错误","A"
"判断题","在货物采购项目中，采购包含有多个采购标的的，大 型企业提供的所有采购标的均为小微企业制造的，可 享受价格评审优惠政策。","A. 正确
B. 错误","A"
"判断题","某高校采购一批科研设备，预算金额为185万元，非 专门面向中小企业采购，在采购过程中，供应商提供 的货物既有中型企业制造，也有小微企业制造的，不 享受办法规定的小微企业扶持政策。","A. 正确
B. 错误","A"
"判断题","两公司负责人为同一人，甲公司属于大企业，乙公司 属于小型企业，乙公司去投标时不能享受《政府采购 促进中小企业发展管理办法》给予中小企业的政策优惠。","A. 正确
B. 错误","A"
"判断题","某政府采购项目，供应商出具的《中小企业声明函》 无需提供任何证明材料，采购人、采购代理机构不得 要求供应商提供中小企业身份证明文件。","A. 正确
B. 错误","A"
"判断题","某单位采购保安服务项目，采购人可以将供应商的注 册资本、资产总额、营业收入等规模条件作为资格要 求或者评审因素。（）","A. 正确
B. 错误","B"
"判断题","政府采购项目的采购合同签订后，发现供应商提供的 《中小企业声明函》虚假的，应当撤销合同，并将该 供应商列入不良行为记录名单。","A. 正确
B. 错误","A"
"单选题","合作创新采购方式分为哪两个阶段？","A. 招标与投标
B. 订购与首购
C. 询价与谈判
D. 磋商与竞价","B"
"单选题","以下哪种情形可以采用合作创新采购方式？","A. 市场现有产品完全满足要求
B. 以研发创新产品为基础，形成新范式或新的解决方案，能显
著改善功能性能，明显提高绩效的
C. 项目与国家科技和产业发展规划无关
D. 采购项目预算过低","B"
"单选题","实施合作创新采购的，应当在（ ）中列明研发经 费。","A. 部门预算
B. 批复预算
C. 核准预算
D. 研发预算","A"
"单选题","采购人开展合作创新采购前，应开展（ ）。","A. 市场调研和专家论证
B. 制定合作单位
C. 项目一般性和重点性审查
D. 行业普查","A"
"单选题","合作创新采购的研发活动原则上应在哪里进行（ ）","A. 国外
B. 中国境内
C. 任意地点
D. 采购人指定地点","B"
"单选题","合作创新采购中产生的各类知识产权，原则上属于 （ ）。","A. 采购人
B. 主管预算单位
C. 供应商
D. 双方共有","C"
"单选题","合作创新采购谈判小组由采购人代表和评审专家共 几人以上单数组成？（ ）","A. 五人
B. 七人
C. 八人
D. 九人","A"
"单选题","合作创新采购以公告形式邀请供应商的，公告期限 不得少于几个工作日？（ ）","A. 五个
B. 七个
C. 九个
D. 十个","A"
"单选题","提交参与合作创新采购申请文件的时间自采购公告 、邀请书发出之日起不得少于几个工作日？（ ）","A. 二十个
B. 二十五个
C. 三十个
D. 四个","A"
"单选题","采购人根据创新概念交流情况形成的研发谈判文 件，其中供应商研发方案的分值占总分值的比重不 得低于（ ）。","A. 百分之三十
B. 百分之四十
C. 百分之五十
D. 百分之六十","C"
"单选题","采购人应当向所有参与创新概念交流的供应商提供 研发谈判文件，邀请其参与研发竞争谈判。从研发 谈判文件发出之日起至供应商提交首次响应文件截 止之日止不得少于（ ）工作日。","A. 十个
B. 十五个
C. 二十个
D. 三十个","A"
"单选题","合作创新采购中，在谈判结束后，谈判小组确定最 终谈判文件并通知供应商，供应商提交最终响应文 件的时间不少于（ ）工作日。","A. 五个
B. 七个
C. 九个
D. 十个","A"
"单选题","合作创新采购中，谈判小组对响应文件满足研发谈 判文件全部实质性要求的供应商开展评审，按照（） 排序，推荐成交候选人。","A. 评审得分从高到低
B. 研发方案得分从高到低
C. 投标报价从低到高
D. 研发成本从低到高","A"
"单选题","合作创新采购研发供应商数量最多不得超过几家？ （ ）","A. 两家
B. 三家
C. 四家
D. 五家","B"
"单选题","因采购人调整创新产品功能、性能目标需要调整费 用的，增加的费用不得超过首购金额的（ ）。","A. 百分之十
B. 百分之十五
C. 百分之二十
D. 百分之三十","A"
"单选题","采购人应当向首购产品供应商支付预付款用于创新 产品生产制造。预付款金额不得低于首购协议约定 的首购总金额的（ ）","A. 百分之三十
B. 百分之四十
C. 百分之五十
D. 百分之六十","A"
"单选题","某项目采用合作创新采购，供应商在交付最终产品 前申请将部分模块外包给外商投资公司在香港实施 。采购人应如何应对（ ）","A. 同意，因可提升技术性能
B. 拒绝，因合作创新采购的研发活动应当在中国境内进行
C. 同意，但需供应商提供外包方资质证明
D. 必须经财政部门批准方可外包","B"
"单选题","某合作创新采购项目，创新成果知识产权约定为双 方共有，后续采购人拟将该成果推广应用于本单位 其他项目，下列做法正确的是（ ）","A. 无需告知合作方，直接推广应用
B. 提前告知合作方，按合同约定支付使用费
C. 需重新与合作方签订知识产权许可协议
D. 仅可在原合作项目范围内使用，不得推广","B"
"单选题","某研发合同中，供应商的当期研发成本为1000万 元，其中可列支成本（即在研发过程中实际投入的 设备费、业务费、劳务费以及间接费用等）为900万 元，研发合同约定的成本补偿比例为80%，则采购人 实际支付的当期成本补偿费用为（ ）。","A. 1000万元
B. 900万元
C. 800万元
D. 720万元","D"
"单选题","某地政府采用合作创新方式采购“城市内涝智能预 警系统”，项目失败后，供应商已投入800万元研发 成本，采购人已支付600万元。此时应如何处理（ ）","A. 采购人应全额追加200万元，确保项目完成
B. 供应商应退还全部已收款项
C. 采购人可按合同约定承担部分损失，供应商承担主要研发风险
D. 采购人应起诉供应商违约","C"
"多选题","合作创新采购方式中所称创新产品，应当具有实质 性的技术创新，包含（ ）","A. 新的技术原理
B. 新的技术思想
C. 新的技术方法
D. 对既有技术成果的验证、测试和使用","ABC"
"多选题","采购项目符合国家科技和相关产业发展规划，有利 于落实国家重大战略目标任务，并且具有下列情形 之一的，可以采用合作创新采购方式采购（ ）","A. 市场现有产品不能满足要求，需要进行技术突破的；
B. 市场现有技术不能满足要求，需要进行技术突破的；
C. 以研发创新产品为基础，形成新范式或者新的解决方案，能
够显著改善功能性能，明显提高绩效的；
D. 国务院财政部门规定的其他情形。","ABCD"
"多选题","中央和省级主管预算单位对符合条件的采购项目， 采取合作创新采购方式时，可（）。","A. 自行开展
B. 授权所属预算单位开展
C. 仅能授权所属单位开展
D. 与其他单位联合开展","AB"
"多选题","以下哪些主体属于可以参加合作创新采购的供应商 （ ）。","A. 福州大学
B. 福建省高速公路集团有限公司
C. 福耀玻璃工业集团股份有限公司
D. 漳州市食品科学研究院","ABCD"
"多选题","合作创新采购中，采购人围绕供应商需具备的研发 能力设定资格条件可包括（ ）。","A. 合作创新采购项目所必需的已有专利、专有技术类别
B. 同类项目的研发业绩
C. 供应商已具备的研究基础
D. 与本项目合作方向无关的计算机软件著作权","ABC"
"多选题","合作创新采购中产生的知识产权，以下说法正确的 有（ ）。","A. 原则上属于供应商享有
B. 法律另有规定的，从其规定
C. 研发合同另有约定的，从其约定
D. 原则上属于采购人享有","ABC"
"多选题","采购人开展合作创新采购前，应当制定采购方案。 采购方案包括以下内容：（ ）","A. 创新产品的最低研发目标、最高研发费用、应用场景和研发期限；
B. 供应商邀请方式；
C. 给予研发成本补偿的成本范围及该项目用于研发成本补偿的费用限额；
D. 研发风险分析和风险管控措施；","ABCD"
"多选题","合作创新项目中，谈判小组负责（ ）工作","A. 供应商资格审查
B. 创新概念交流
C. 研发竞争谈判
D. 研发中期谈判和首购评审","ABCD"
"多选题","合作创新项目中，谈判小组集中与所有通过资格审 查的供应商共同进行创新概念交流，交流内容包括 创新产品的（ ）。","A. 最低研发目标
B. 最高研发费用
C. 应用场景
D. 采购方案的其他相关内容","ABCD"
"多选题","采购人根据创新概念交流情况形成的研发谈判文 件，其中供应商研发方案的分值占总分值的比重设 置错误的（ ）。","A. 百分之三十
B. 百分之四十
C. 百分之六十
D. 百分之七十","AB"
"多选题","合作创新采购中所称标志性成果，包括（ ）等。","A. 形成创新产品的详细设计方案
B. 技术原理在实验室环境获得验证通过
C. 创新产品的关键部件研制成功、生产出符合要求的模型样机
D. 创新产品通过采购人试用和履约验收","ABCD"
"多选题","以下关于研发供应商确定的说法，正确的有（ ）。","A. 采购人根据谈判文件规定和谈判小组推荐确定
B. 可以书面授权谈判小组直接确定
C. 研发供应商数量最多不得超过三家
D. 成交候选人数量少于规定数量时，只能重新开展采购活动","ABC"
"多选题","合作创新采购研发中期谈判的内容包括（ ）。","A. 研发进度
B. 标志性成果及其验收方法与标准
C. 研发成本补偿的成本范围
D. 研发成本补偿的成本金额","ABCD"
"多选题","合作创新采购研发合同为成本补偿合同，成本补偿 范围包括供应商在研发过程中实际投入的（ ）。","A. 设备费
B. 业务费
C. 劳务费
D. 间接费用","ABCD"
"多选题","某合作创新采购项目中，采购人与中标供应商签订 研发合同，约定研发成本补偿范围及比例。下列费 用中，不得纳入研发成本补偿范畴的有（ ）","A. 合同约定的激励费用
B. 研发过程中实际投入的设备费用
C. 研发过程中实际投入的业务费
D. 未经采购人同意擅自变更技术路线产生的额外费用","AD"
"多选题","合作创新采购研发合同履行过程中，可能导致合同 终止或解除的情形有（ ）。","A. 市场出现同类产品，采购人认为继续履行无意义
B. 出现无法克服的技术困难致使研发失败
C. 研发供应商未按照约定完成标志性成果
D. 采购人资金紧张","ABC"
"多选题","某合作创新采购项目合作终止，下列哪些说法是错 误的（ ）","A. 因市场已出现拟研发创新产品的同类产品，采购人认为研发合同继续履 行没有意义终止研发合同，采购人按不超过80%支付研发成本补偿费用
B. 因市场已出现拟研发创新产品的同类产品，采购人认为研发合同继续履行没有意义终止研发合同，采购人按不超过50%支付研发成本补偿费用
C. 因市场已出现拟研发创新产品的同类产品，采购人认为研发合同继续履行没有意义终止研发合同，采购人按不超过30%支付研发成本补偿费用
D. 因市场已出现拟研发创新产品的同类产品，采购人认为研发合同继续履行没有意义终止研发合同的，采购人可直接终止合同，不再支付费用","ABCD"
"多选题","某研发合同中，供应商的当期费用为1000万元，其 中在研发过程中实际投入的设备费300万元、业务费 300万元、劳务费100万元、间接费用100万元、激励 费用200万元，研发合同约定的成本补偿比例为 50%，则采购人实际支付的当期成本补偿费用错误的是（）","A. 1000万元
B. 600万元
C. 500万元
D. 400万元","ABC"
"多选题","某合作创新采购项目研发合同中，首购协议约定的 首购总金额为1000万元，采购人在向首购产品供应 商支付预付款用于创新产品生产制造时，下列哪个 预付款支付金额符合文件要求（）","A. 100万元
B. 150万元
C. 300万元
D. 400万元","CD"
"多选题","某地政府采用合作创新方式采购“城市内涝智能预 警系统”，项目失败后，供应商已投入800万元研发 成本，采购人已支付600万元。此时采购人应如何处 理？","A. 采购人应全额追加200万元，确保项目完成
B. 供应商应退还全部已收款项
C. 按研发合同约定向研发供应商支付相应的研发成本补偿费用
D. 及时终止研发合同","CD"
"判断题","合作创新采购方式只有订购这一个阶段。（ ）","A. 正确
B. 错误","B"
"判断题","只要采购项目预算充足，就可以采用合作创新采购 方式。（ ）","A. 正确
B. 错误","B"
"判断题","中央主管预算单位只能自行开展合作创新采购，不 可以授权所属单位。（ ）","A. 正确
B. 错误","B"
"判断题","有研发能力的外商投资企业可以参加合作创新采购 的研发活动。（ ）","A. 正确
B. 错误","A"
"判断题","采购人开展合作创新采购，不需要进行市场调研和 专家论证。（ ）","A. 正确
B. 错误","B"
"判断题","合作创新采购中，采购人确定研发供应商时，除特 殊情况外，应通过公开竞争确定。（ ）","A. 正确
B. 错误","A"
"判断题","合作创新采购的研发活动可以在国外进行。（ ）","A. 正确
B. 错误","B"
"判断题","合作创新采购的研发活动可以在香港进行。（ ）","A. 正确
B. 错误","B"
"判断题","合作创新采购的研发活动可以在澳门进行。（ ）","A. 正确
B. 错误","B"
"判断题","合作创新采购的研发活动可以在台湾金马进行。（）","A. 正确
B. 错误","B"
"判断题","合作创新采购中产生的知识产权一定属于采购人。 （ ）","A. 正确
B. 错误","B"
"判断题","合作创新采购谈判小组由采购人代表和评审专家共 三人以上单数组成。（ ）","A. 正确
B. 错误","B"
"判断题","某一合作创新采购项目中，采购人组建的谈判小组 由张三（采购人代表）、李四（法律专家）、王五 （经济专家）组成。","A. 正确
B. 错误","B"
"判断题","合作创新采购以公告形式邀请供应商的，公告期限 不得少于七个工作日。（ ）","A. 正确
B. 错误","B"
"判断题","合作创新采购提交参与合作创新采购申请文件的时 间自采购公告、邀请书发出之日起不得少于十个工 作日。（ ）","A. 正确
B. 错误","B"
"判断题","某重大合作创新采购项目，供应商按照研发合同约 定提供首购产品迭代升级服务，用升级后的创新产 品替代原首购产品。因采购人调整创新产品功能、 性能目标需要调整费用的，增加的费用不得超过首 购金额的百分之二十。","A. 正确
B. 错误","B"
"判断题","某重大合作创新采购项目，甲方与供应商签订的研 发合同期限约定为自2026年5月1日至2029年06月30 日，包括了创新产品研发、迭代升级以及首购交付 的期限。","A. 正确
B. 错误","B"
"判断题","某合作创新项目采购中，采购人根据创新概念交流 结果，形成的研发谈判文件中设置评审因素如下： 供应商研发方案25%，供应商提出的研发成本补偿金 额25%和首购产品金额的报价25%，研发完成时间 10%，创新产品的售后服务方案15%。","A. 正确
B. 错误","B"
"判断题","某研发合同中，供应商的当期费用为1000万元，其 中在研发过程中实际投入的设备费300万元、业务费 300万元、劳务费100万元、间接费用100万元、激励 费用200万元，研发合同约定的成本补偿比例为 50%，采购人实际支付的当期成本补偿费用为500万元。","A. 正确
B. 错误","B"
"判断题","某合作创新采购项目研发合同中，首购协议约定的 首购总金额为1000万元，采购人向首购产品供应商 支付了500万元预付款用于创新产品生产制造，该款 项比例设置是否符合文件要求（）","A. 正确
B. 错误","A"
"单选题","以下（ ）使用非财政性资金以直接进口或委托方式采购进口产品（包括已进入中国境内的进口产品）的活动，不适用政府采购进口产品管理办法。","A. 福州大学 B. 中国电信
C. 福州市晋安区医院 D. 福建省商务厅","B"
"单选题","下列哪一部门有权依法开展政府采购进口产品审核活动，并实施监督管理。( )","A. 设区市财政部门 B. 设区市外贸部门 C. 县级财政部门 D. 县级外贸部门","A"
"单选题","下列不适用《政府采购进口产品管理办法》的是( )。","A. 国家机关 B. 事业单位 C. 团体组织 D. 国有企业","D"
"单选题","根据《政府采购进口产品管理办法》,下列哪一项是正确的。( )","A. 政府采购应当采购本国产品，确需采购进口产品的，实行审核管理 B. 政府采购应当采购本国产品，禁止采购进口产品
C. 政府采购可以采购本国产品，也可以采购进口产品 D. 政府采购一般采购本国产品，禁止采购进口产品","A"
"单选题","采购人采购进口产品时，应当坚持( )原则，优先购买向我方转让技术、提供培训服务及其他补偿贸易措施的产品。","A. 有利于坚持节省外汇的
B. 有利于本国企业自主创新或消化吸收核心技术的 C. 有利于采购人使用的
D. 有利于维护外交关系的","B"
"单选题","某高校须采购实验室设备，采购需求中某些技术参数只有英法德等外国企业生产的产品具备，现 在国内无匹配产品。想要采购该设备应当在获得( )核准后，依法开展政府采购活动。","A. 省级以上人民政府
B. 监察机关
C. 发展改革委
D. 财政部门","D"
"单选题","根据《政府采购进口产品管理办法》第八条，采购人报财政部门审核时，应当依法出具相关材料 。下列哪一项不属于应当出具的材料。()","A. 政府采购进口产品申请表
B. 关于鼓励进口产品的国家法律法规政策文件复印件 C. 专家组出具的《政府采购进口产品专家论证意见》 D. 外汇兑换和使用情况表","D"
"单选题","采购人拟采购的设备采用的是欧洲某个国家研发的重大产业技术，因科研需要采购进口设备，应当出具哪个部门意见。( )","A. 财政部门 B. 国务院
C. 发展改革委 D. 科技部","C"
"单选题","《政府采购进口产品管理办法》所称专家组应当由( )人以上的单数组成。","A. 3 B. 5 C. 7 D. 9","B"
"单选题","《政府采购进口产品管理办法》所称专家组必须包括( )。","A. 1名法律专家 B. 2名法律专家 C. 1名财务专家 D. 2名财务专家","A"
"单选题","根据《政府采购进口产品管理办法》,专家组的产品技术专家( )为非本单位并熟悉该产品的专家。","A. 可以 B. 应当 C. 通常 D. 不得","B"
"单选题","根据《政府采购进口产品管理办法》,政府采购进口产品应当以( )为主要方式。","A. 邀请招标 B. 竞争性谈判 C. 公开招标
D. 单一来源采购","C"
"单选题","采购人因产品的一致性或者服务配套要求，需 要继续从原供应商处添购原有采购项目的，且添购资金总额不超过原合同金额( )的，不需要重新审核。","A. 5% B. 10% C. 20% D. 30%","B"
"单选题","政府采购进口产品合同应当将维护国家利益和社会公共利益作为( )","A. 备用条款 B. 选择性条款 C. 酌情条款 D. 必备条款","D"
"单选题","根据《政府采购进口产品管理办法》,合同履行过程中出现危害国家利益和社会公共利益问题的，采购人( )。","A. 可以暂停合同 B. 可以终止合同 C. 应当暂停合同 D. 应当终止合同","D"
"单选题","采购代理机构在代理政府采购进口产品业务中有违法行为的，给予警告，( )按照有关法律规定并处罚款；情节严重的，( )依法取消其进行相关业务的资格。","A. 应当；可以 B. 可以；可以 C. 应当；应当 D. 可以；应当","B"
"单选题","根据《政府采购进口产品管理办法》,供应商提供虚假材料谋取中标、成交的，处以采购金额( )的罚款。","A. 1‰以上5‰以下 B. 3‰以上5‰以下 C. 5‰以上10‰以下 D. 10‰以上15‰以下","C"
"单选题","根据《政府采购进口产品管理办法》,供应商采取不正当手段诋毁、排挤其他供应商的，在( )禁止参加政府采购活动","A. 1-3年内 B. 1-5年内 C. 2-5年内 D. 2-4年内","A"
"单选题","根据《政府采购进口产品管理办法》,供应商在招标采购过程中与采购人进行协商谈判的，在( )禁止参加政府采购活动。","A. 2-4年内 B. 2-5年内 C. 1-5年内 D. 1-3年内","D"
"单选题","采购人申请支付进口产品采购资金时，应当出具政府采购进口产品相关材料和（）的审核文件。否则不予支付资金。","A. 财政部门
B. 采购人预算主管部门 C. 县级及以上政府
D. 采购单位内部","A"
"单选题","采购代理机构在代理政府采购进口产品业务中有违法行为的，给予（），可以按照有关法律规定并处罚款。","A. 警告 B. 处分 C. 开除
D. 所有选项都不对","A"
"单选题","采购代理机构在代理政府采购进口产品业务中有违法行为的，情节严重的，可以依法取消其进行相关业务的资格；构成犯罪的，依法（）。","A. 追究刑事责任 B. 追究民事责任 C. 罚款
D. 开除","A"
"单选题","政府采购进口产品合同应当将维护国家利益和 （）作为必备条款。","A. 社会公共利益 B. 采购单位利益 C. 财政部门利益 D. 供应商利益","A"
"单选题","采购进口产品合同履行过程中出现危害国家利益和社会公共利益问题的，采购人应当（）。","A. 立即终止合同 B. 取消采购
C. 中止采购 D. 暂停采购","A"
"单选题","采购人及其委托的采购代理机构在采购进口产品的采购文件中应当载明优先采购（）。","A. 向我国企业转让技术
B. 与我国企业签订消化吸收供应商的进口产品 C. 再创新方案
D. 进口产品","A"
"单选题","政府采购进口产品管理办法所称专家组应当由五人以上的（）组成。","A. 单数
B. 技术专家 C. 行业内专家
D. 所有选项都不对","A"
"单选题","福州市市属某高校须采购学校的实验室设备，且该设备为进口产品。（）审核并实施监督管理。","A. 福州市财政局 B. 福州市科技局 C. 福州市教育局 D. 福州市发改委","A"
"单选题","采购人拟采购国家限制进口的重大技术装备和重大产业技术的，应当出具（）的意见。","A. 发展改革委 B. 财政部门 C. 科技部
D. 所有选项都不对","A"
"单选题","某研究所拟采购国家限制进口的重大科学仪器，应当出具（ ）的意见。","A. 发展改革委 B. 财政部门 C. 科技部
D. 所有选项都不对","C"
"单选题","某高校对实验室进口设备进行验收工作，防止 （）。","A. 假冒伪劣产品 B. 专家验收错误
C. 供应商未及时供货 D. 关税错误","A"
"单选题","政府采购应当采购（），确需采购进口产品的，实行审核管理。","A. 本国产品 B. 节能产品
C. 环境标志产品 D. 中小企业产品","A"
"单选题","采购人拟采购的进口设备，是国家明确规定限制进口产品的，在报财政部门时，下列哪一项不属于应当出具的材料。( )","A. 政府采购进口产品申请表
B. 关于鼓励进口产品的国家法律法规政策文件复印件 C. 《政府采购进口产品所属行业主管部门意见》
D. 《政府采购进口产品专家论证意见》","B"
"单选题","采购人购买进口产品报财政部门审核时，应当依法出具相关材料。下列哪一项不属于应当出具的材料。( )","A. 政府采购进口产品申请表
B. 关于鼓励进口产品的国家法律法规政策文件复印件 C. 政府采购进口产品专家论证意见
D. 采购单位论证意见","D"
"多选题","以下哪些属于《政府采购进口产品管理办法》的立法目的。( )","A. 促进政府采购效率
B. 贯彻落实《国务院关于实施(国家中长期科学和技术发展规划纲要 (2006--2020年))若干配套政策的通知》(国发[2006]6号)
C. 加强和促进节能产品政府采购政策的实施 D. 规范进口产品政府采购行为","BD"
"多选题","根据《政府采购进口产品管理办法》,下列哪些是错误的。( )","A. 政府采购应当采购本国产品，确需采购进口产品的，实行审核管理 B. 政府采购应当采购本国产品，禁止采购进口产品
C. 政府采购可以采购本国产品，也可以采购进口产品 D. 政府采购一般采购本国产品，禁止采购进口产品","BCD"
"多选题","采购人采购进口产品时，应当坚持有利于本国企业( )原则，优先购买向我方转让技术、提供培训服务及其他补偿贸易措施的产品。","A. 自主创新 B. 自主组装
C. 消化吸收核心技术 D. 全盘借鉴核心技术","AC"
"多选题","采购人采购核心技术的进口产品时，优先购买( )的产品。","A. 向我方转让技术 B. 提供培训服务
C. 提供其他补偿贸易措施 D. 共同开发技术","ABC"
"多选题","下列哪些部门应当依法开展政府采购进口产品审核活动，并实施监督管理。( )","A. 设区市人民政府财政部门 B. 自治州人民政府财政部门 C. 省级人民政府财政部门 D. 科技部","ABC"
"多选题","根据《政府采购进口产品管理办法》第十条，下列哪些情形，政府采购可以不采购本国货物。( )","A. 需要采购的货物在中国境内无法获取或者无法以合理的商业条件获取的
B. 为在中国境外使用而进行采购的 C. 其他法律、行政法规另有规定的 D. 必须使用外汇结算的","ABC"
"多选题","根据《政府采购进口产品管理办法》第八条，采购人报财政部门审核时应当出具( )。","A. 政府采购进口产品申请表
B. 关于鼓励进口产品的国家法律法规政策文件复印件
C. 进口产品所属行业的设区的市、自治州以上主管部门出具的《政府采购进口产品所属行业主管部门意见》
D. 专家组出具的《政府采购进口产品专家论证意见》","ABCD"
"多选题","根据《政府采购进口产品管理办法》第九条，采购人拟采购的进口产品属于国家法律法规政策明确规定鼓励进口产品的，在报财政部门审核时，应当出具( )。","A. 政府采购进口产品申请表
B. 关于鼓励进口产品的国家法律法规政策文件复印件
C. 进口产品所属行业的设区的市、自治州以上主管部门出具的《政府采购进口产品所属行业主管部门意见》
D. 专家组出具的《政府采购进口产品专家论证意见》","AB"
"多选题","根据《政府采购进口产品管理办法》第十条，采购人拟采购的进口产品属于国家法律法规政策明确规定限制进口产品的，在报财政部门时，应当依法出具( )。","A. 政府采购进口产品申请表
B. 关于鼓励进口产品的国家法律法规政策文件复印件
C. 进口产品所属行业的设区的市、自治州以上主管部门出具的《政府采购进口产品所属行业主管部门意见》
D. 专家组出具的《政府采购进口产品专家论证意见》","ACD"
"多选题","有关《政府采购进口产品管理办法》的专家组，说法正确的是( )。","A. 专家组应当由五人以上的单数组成 B. 专家组必须包括一名法律专家
C. 专家组的产品技术专家应当为本单位并熟悉该产品的专家 D. 专家组的产品技术专家应当为非本单位并熟悉该产品的专家","ABD"
"多选题","采购人及其委托的采购代理机构在采购进口产品的采购文件中应当载明优先采购( )的供应商的进口产品。","A. 向我国企业转让技术 B. 向我国企业许可技术
C. 与我国企业签订消化吸收再创新方案 D. 与我国企业签订技术服务协议","AC"
"多选题","根据《政府采购进口产品管理办法》,下列哪些做法是正确的。( )","A. 采购人上半年采购了一套进口设备，因实验室扩容需从原供应商处添购原有采购标的物总金额为原合同采购金额的10%。
B. 采购人因产品的一致性或者服务配套要求，需要继续从原供应商处添购原有采购项目的，需要重新审核，但添购资金总额不超过原合同采购金额的10%
C. 采购人追加与合同标的相同的产品，合同条款不变，采购金额原合同采购金额的8%的，不需要重新审核。
D. 采购人确需追加与合同标的相同的产品，在不改变合同其他条款的前提下，且所有补充合同的采购金额不超过原合同采购金额的15%的，不需要重新审核","AC"
"多选题","根据《政府采购进口产品管理办法》,下列哪些说法是正确的。( )","A. 政府采购进口产品合同应当将维护国家利益和社会公共利益作为必备条款。
B. 政府采购进口产品合同可以将维护国家利益和社会公共利益作为必备条款。
C. 合同履行过程中出现危害国家利益和社会公共利益问题的，采购人应当立即暂停合同。
D. 合同履行过程中出现危害国家利益和社会公共利益问题的，采购人应当立即终止合同","AD"
"多选题","采购人未获得财政部门采购进口产品核准，有下列情形之一的，责令限期改正，并给予警告，对直接负责的主管人员和其他直接责任人员，由其行政主管部门或者有关机关给予处分，并予通报。( )","A. 擅自采购进口产品的 B. 出具不实申请材料的
C. 违反采购人上级部门规定的情形
D. 违反《政府采购进口产品管理办法》规定的其他情形","ABD"
"多选题","根据《政府采购进口产品管理办法》,采购代理机构在代理政府采购进口产品业务中有违法行为 的，相关部门可以采取哪些法律措施。()","A. 给予警告
B. 可以按照有关法律规定并处罚款
C. 情节严重的，可以依法取消其进行相关业务的资格 D. 构成犯罪的，依法追究刑事责任","ABCD"
"多选题","根据《政府采购进口产品管理办法》,供应商有下列哪些情形，列入不良行为记录名单。( )","A. 采取不正当手段诋毁、排挤其他供应商的
B. 与采购人、其他供应商或者采购代理机构恶意串通的
C. 向采购人、采购代理机构行贿或者提供其他不正当利益的 D. 在招标采购过程中与采购人进行协商谈判的","ABCD"
"多选题","供应商提供虚假材料谋取中标、成交的，处以罚款。可能受到的罚金。( )","A. 3‰的采购金额 B. 5‰的采购金额 C. 6‰的采购金额 D. 10‰的采购金额","BCD"
"多选题","根据《政府采购进口产品管理办法》,供应商采取不正当手段诋毁、排挤其他供应商的，可以禁止 其在一定期限内参加政府采购活动。下列哪些期限是符合规定的。( )","A. 1年 B. 2年
C. 3年 D. 5年","ABC"
"多选题","根据《政府采购进口产品管理办法》,供应商有下列哪些情形，情节严重的，由工商行政管理机关吊销营业执照。( )","A. 提供虚假材料谋取中标、成交的
B. 采取不正当手段诋毁、排挤其他供应商的
C. 与采购人、其他供应商或者采购代理机构恶意串通的
D. 向采购人、采购代理机构行贿或者提供其他不正当利益的","ABCD"
"多选题","根据《政府采购进口产品管理办法》,供应商有下列哪些情形，中标、成交无效。( )","A. 在招标采购过程中与采购人进行协商谈判的 B. 拒绝有关部门监督检查或者提供虚假情况的
C. 与采购人、其他供应商或者采购代理机构恶意串通的
D. 向采购人、采购代理机构行贿或者提供其他不正当利益的","ACD"
"多选题","以下哪些( )政府财政部门应当依法开展政府采购进口产品审核活动，并实施监督管理。","A. 福建省财政厅 B. 福州市财政局 C. 台江区财政局 D. 泉州市财政局","ABD"
"多选题","使用以下哪些单位的资金（ ）以直接进口或委托方式采购进口产品（包括已进入中国境内的进口产品）的活动，且适用政府采购进口产品管理办法。","A. 福州大学财政拨款
B. 福州市电视中心广告收入 C. 中国电信营业收入
D. 福建省商务厅财政专项资金","AD"
"多选题","以下不是政府采购进口产品为主要方式的（）","A. 询价
B. 竞争性谈判 C. 公开招标
D. 单一来源采购","ABD"
"判断题","国家机关、事业单位和团体组织使用财政性资金以直接进口或委托方式采购进口产品(包括已进入中国境内的进口产品)的活动，适用《政府采购进口产品管理办法》。( )","A. 对 B. 错","A"
"判断题","《政府采购进口产品管理办法》所称进口产品 是指通过中国海关报关验放进入中国境内且产 自关境外的产品。( )","A. 对 B. 错","A"
"判断题","采购人采购进口产品时，应当坚持有利于本国 企业自主创新或消化吸收核心技术的原则，优 先购买向我方转让技术、提供培训服务及其他 补偿贸易措施的产品。( )","A. 对 B. 错","A"
"判断题","采购人需要采购的产品在中国境内无法获取或者无法以合理的商业条件获取，以及法律法规另有规定确需采购进口产品的，应当在获得进 出口主管部门核准后，依法开展政府采购活动 。( )","A. 对 B. 错","B"
"判断题","采购人拟采购国家限制进口的重大技术装备和重大产业技术的，应当出具科技部的意见。( )","A. 对 B. 错","B"
"判断题","《政府采购进口产品管理办法》所称专家组应当由三人以上的单数组成。( )","A. 对 B. 错","B"
"判断题","政府采购进口产品合同应当将维护国家利益和 社会公共利益作为必备条款。合同履行过程中出现危害国家利益和社会公共利益问题的，采购人应当立即中止合同。( )","A. 对 B. 错","B"
"判断题","采购人或者其委托的采购代理机构应当依法加强对进口产品的验收工作，防止假冒伪劣产品 。( )","A. 对 B. 错","A"
"判断题","采购人申请支付进口产品采购资金时，应当出具政府采购进口产品相关材料和财政部门的审核文件。否则不予支付资金。( )","A. 对 B. 错","A"
"判断题","采购人代表不得作为专家组成员参与论证。","A. 对 B. 错","A"
"判断题","参与进口论证的专家不得作为采购评审专家参与同一项目的采购评审工作。","A. 对 B. 错","A"
"判断题","采购人或者其委托的采购代理机构可以依法加强对进口产品的验收工作，防止假冒伪劣产品。","A. 对 B. 错","B"
"判断题","采购人申请支付进口产品采购资金时，可以出具政府采购进口产品相关材料和财政部门的审核文件。否则不予支付资金。","A. 对 B. 错","B"
"判断题","某专家根据自己以往的经验写论证意见，某个设备技术参数未核实，就出具国内无该技术的论证意见，其实国内1年前已经有该技术水平的设备。被财政部门发现后，论证意见退回修改可免责。","A. 对 B. 错","B"
"判断题","国安局须采购一项涉及国家安全的项目适用本办法。","A. 对 B. 错","B"
"判断题","合同履行过程中出现危害国家利益和社会公共利益问题的，采购人应当立即终止合同。","A. 对 B. 错","A"
"判断题","采购人因产品的一致性或者服务配套要求，需要继续从原供应商处添购原有采购项目的，不需要重新审核，但添购资金总额不超过原合同采购金额的10%。","A. 对 B. 错","A"
"判断题","某医院采购医疗设备项目，在符合法定条件的前提下，经财政部门审批可以采用单一来源方式采购进口医疗设备。","A. 对 B. 错","A"
"判断题","采购人拟采购国家限制进口的重大科学仪器和装备的，应当出具科技部的意见。","A. 对 B. 错","A"
"判断题","某高校需对学校实验使用的重大技术装备进行政府采购，须采购进口设备，属于国家限制进口的重大技术装备的，应当出具发展改革委的意见。","A. 对 B. 错","A"
"判断题","采购人需要采购的产品在中国境内无法获取或者无法以合理的商业条件获取，以及法律法规另有规定确需采购进口产品的，应当在获得财政部门核准后，依法开展政府采购活动。","A. 对 B. 错","A"
"判断题","台江区人民政府应当依法开展政府采购进口产品审核活动，并实施监督管理。","A. 对 B. 错","B"
"单选题","某单位采购一批实验室专用试剂，该试剂只有一家 国内供应商B公司生产。采购预算为500万元，超过公开招标数额标准。采购人拟采用单一来源方式采购，其正确流程是：","A. 直接与B公司谈判并签巧合同
B. 将项目信息在指定媒体公示5个工作日，无异议后报财政部口批准
C. 报主管部口批准后实施采购
D. 邀请行业专家论证后即可采购","B"
"单选题","下列哪项不属于政府采购活动中采购人的义务？","A. 依法编制政府采购预算
B. 妥善保存政府采购文件
C. 按照约定向供应商支付采购资金
D. 确定供应商的投标价格","D"
"单选题","政府采购项目的投标有效期从何时开始起算？","A. 发售招标文件之日
B. 提交投标文件截止之日
C. 评标完成之日
D. 招标公告发布之日","B"
"单选题","采购人委托某社会代理机构组织一个预算380万元 的系统集成项目。代理机构在招标公告中要求，投 标人需在项目所在地设有分公司。此要求属于：","A. 合理的本地化服务要求
B. 以不合理条件限制或排斥潜在供应商
C. 保证项目顺利实施的必要条件
D. 对供应商履约能力的正常考察","B"
"单选题","政府采购合同履行中，采购人需追加采购一批与原 合同相同的办公耗材，追加金额为8万元，原合同 金额为100万元。合法且高效的处理方式是：","A. 直接与原供应商签订补充合同
B. 重新组织公开招标采购
C. 采用竞争性谈判方式采购
D. 报财政部门审批后采用单一来源采购","A"
"单选题","采购人收到供应商F公司对中标结果的书面质疑， 称中标供应商G的某项技术参数不满足招标文件要 求。采购人最迟应在收到质疑函后多少个工作曰肉 作出书面答复？","A. 3个工作日
B. 5个工作日
C. 7个工作日
D. 10个工作日","C"
"单选题","下列哪项采购活动，不适用《中华人民共和国政府 采购法》？","A. 某公办大学使用财政拨款采购教学仪器
B. 某公立医院使用经营收入资金采购医疗设备
C. 某公办研究所使用科研项目经费采购实验材料
D. 某国有企业使用自有资金建设厂房","D"
"单选题","政府采购信息，首先应当在哪个媒体上发布？","A. 采购人单位口户网站
B. 采购代理机构网站
C. 省级W上人民政府财政部口指定的媒体
D. 任何有影响力的公共媒体","C"
"单选题","关于联合体投标，下列符合法律法规规定的是0","A. 联合体协议中约定，投标保证金全部由牵头人提交
B. 联合体通过资格预审后，更换了资质更高的成员组成新的联合体
C. 联合体通过资格预审后，增加了一个新成员
D. 投标人分别与其他投标人组成不同的联合体参加投标","A"
"单选题","政府采购项目询价采购时，询价小组应向供应商发 出（）。","A 订单
B. 询价通知书
C. 招标文件
D. 比选文件","B"
"单选题","政府采购活动采购文件的保存期限是（）。","A. 至少二十年
B. 至少兰十年
C. 至少十五年
D. 至少十年","C"
"单选题","根据《政府采购法》，政府采购项目询价采购时， 被询价的供应商的报价次数是（）。","A. 三次
B. —次
C. 两次
D. 由询价小组确定","B"
"单选题","政府采购招标项目，采购人或者采购代理机构可W 对己发出的招标文件、资格预审文件、投标邀请书 进行必要的澄清或者修改，但不得改变的内容是 On","A. 采购标的和资格条件
B. 获取招标文件、资格预审文件的时间期限
C. 验收标准
D. 标的交付时间","A"
"单选题","政府采购项目联合体中标的，应该由（）与采购人签 订合同。","A. 采购人指定的联合体成员
B. 联合体主办方
C. 联合体各方共同
D. 联合体成员任意一方","C"
"单选题","关于串通投标行为危害的说法，正确的是（）。","A. 串通投标行为会使本应相互竞争的投标人形成利益同盟关系，严
重削弱招标采购过程中的竞争程度
B. 串通投标行为对招标人的利益没有损害
C. 串通投标行为会降低招标采购的效率
D. 串通投标行为会破坏竞争的公平性，但有利于提升质量","A"
"单选题","蒂田市某医院采购一批预算100万元的通用医疗设 备。投标供应商A公司提供的""医疗器械经营许可 证""复印件在资格后审时被发现己过期。评审委员 会正确的处理方式是：","A. 允许A公司当场提交新的有效证件
B. 认定A公司投标无效，其投标保证金不予退还
C. 认定A公司投标无效，继续评审其他有效投标
D. 暂停评审，报告采购人及代理机构处理","C"
"单选题","某省级预算单位需采购一项仅有特定专利权人C公 司生产的专用软件，预算150万元。根据福建省规 定，公开招标数额标准为400万元。采购人拟采用 单一来源方式，其合规流程的第一步是：","A. 组织3名或以上的单数专家进行论证，出具具有唯一性的具体论证意见
B. 在""福建省政府采购网""公示5个工作日
C. 直接向同级财政部口提交申请材料
D. 与C公司进行协商，拟定合同草案","A"
"单选题","南平市某单位发现，中标供应商0在履行一项设备 安装合同时，未经同意将核也安装调试工作分包给 了另一家公司P。经查，P公司不具备相应的安装资 质。米购人首先应米取的措施是：","A. 默认许可，只要最终能通过验收即可
B. 要求0公司立即提供P公司的资质证明
C. 单方面解除合同，追究0公司违约责任
D. 书面通知0公司其行为己构成违约，要求其限期改正并承担相应责任","D"
"单选题","泉州市财政局在处理一项投诉时，认为有必要替停 采购活动。其可W书面通知采购人暂停，但暂停时 间最长不得超过：","A. 100
B. 20 0
C. 30 0
D. 60S","C"
"单选题","政府采购合同的履行、违约责任和解决争议的方法 等适用的法律是（）。","A. 《招标投标法》
B. 《建筑法》
C. 《政府投资条例》
D. 《民法典》","D"
"单选题","采用询价方式采购标准化程度高、货源充足的办公 电脑，询价小组正确的做法是？","A. 与各供应商分别进行多轮报价谈判，W获取最低价
B. 根据符合需求、质量和服务相等且报价最低的原则确定成交供应
商
C. 对报价文件进行综合评分，推荐得分最高的为成交供应商
D. 考虑供应商的品牌影响力，在同等报价下优先选择知名品牌","B"
"单选题","根据《政府采购法》，某政府采购项目，采购预算 中拟支付的采购代理服务费为200万元。下列关于 采购代理机构选择的说法，正确的是（）。","A. 必须通过比选方式选择
B. 采购人有权自行选择
C. 必须通过公开招标方式选择
D. 必须通过政府采购方式选择","B"
"单选题","政府采购活动中，供应商认为采购人或代理机构在 开标现场有违法违规的行为，其质疑必须在（）。","A. 开标现场提出
B. 开标当日提出
C. 开标环节结束当日起7个工作日内提出
D. 评标公告发布前提出","C"
"单选题","按照法律规范的渊源划分，政府采购法律法规体系 由（）构成。","A. 法律、规章、行政规范性文件、制度
B. 法律、法规、规章、制度
C. 法律、法规、制度、规章
D. 法律、法规、规章、行政规范性文件","D"
"单选题","集中采购机构在接受采购人委托时，发现其采购需 求中要求""所投产品需与现有系统（为S品牌）无 缝对接""，而现有系统并未开放接口协议。这可能 导致只有S品牌产品或其生态内产品能满足要求。 集中采购机构的最佳应对是：","A. 按采购人要求编制采购文件。
B. 建议采购人采用单一来源方式向S公司采购。
C. 建议采购人重新评估需求，从业务目标出发描述对接功能，而非指定依赖特定品牌。
D. 拒绝接受委托。","C"
"单选题","在竞争性谈判项目中，谈判小组由采购人代表1人 和评审专家4人组成。在最终报价结束后，采购人 代表认为某供应商服务方案最优，但价格偏高，坚 持要求其再次降价。此行为：","A. 合理，旨在节约财政资金
B. 不合理，最终报价只能提交一次
C. 合理，谈判小组可自由决策
D. 不合理，但程序瑕疵可接受","B"
"单选题","A市疾控中也为应对突发公共卫生事件，急需采购一批专用检测试剂。该试剂技术复杂，不能事先计算出价格总额，且市场上供应商有限。此时，最适宜采用的采购方式是？","A. 公开招标
B. 邀请招标
C. 竞争性谈判
D. 单一来源采购","C"
"单选题","某高校采购一套价值280万元的教学软件。在招标 文件中，明确要求投标人必须具有""省级教育部口颁发的教学软件推广证书""。这一要求最可能违反了什么原则？","A. 公正原则
B. 诚实信用原则
C. 公平竞争原则
D. 保密原则","C"
"单选题","某政府采购项目，采购标的为200台电脑，每台 4000元。由于项目情况变化且时间影响，需要追加 一部分采购，选择直接对原合同进行合同变更，下 列情形合法的有0。","A. 根据项目需求变化増加3台投影仪，交货条件不变，投影仪价格另议，未超过项目批复预算
B. 根据项目需求变化增加18台电脑，交货条件不变，品牌、规格、型号、价格不变，未超过项目批复预算
C. 根据项目需求变化増加22台电脑，交货条件不变，品牌、规格、型号、价格不变，未超过项目批复预算
D. 根据项目需求变化，需増加1台电脑，要求供应商赠送，未超过项目批复预算","B"
"单选题","评审专家老张在评审一个智能化项目时，发现投标人之一是其侄子担任法定代表人的公司。他立即口头向采购人代表提出回避，但在场监督人员认为""评审己开始，临时换人影响进度，且你为人公正，无需回避""。老张的正确做法是：","A. 听从安排，继续评审，但对该公司的评分加倍谨慎
B. 不再发表意见，只进行分数计算等辅助工作
C. 坚持回避，并书面声明后退出评审现场
D. 向财政部0电话请示，按其指示行动","C"
"多选题","政府采购应当遵循的基本原则包括：","A. 公开透明原则
B. 公平竞争原则
C. 公正原则
D. 诚实信用原则
E. 讲求绩效原则","ABCD"
"多选题","下列主体中，属于《政府采购法》规定的""采购人""范畴的有：","A. 某省发展和改革委员会
B. 某市人民医院（事业单位）
C. 某大学下属的独立法人企业
D. 某区残疾人联合会
E. 使用国有资金建设项目的某国有企业","ABD"
"多选题","政府采购项目，供应商参加政府采购活动应当具备 的一般条件包括：","A. 具有独立承担刑事责任的能力
B. 具有良好的商业信誉和健全的财务会计制度
C. 具有履行合同所必需的设备和专业技术能力
D. 有依法缴纳税收和社会保障资金的良好记录
E. 参加政府采购活动前S年内，在经营活动中没有违法记录","BCD"
"多选题","政府采购项目，可切采用邀请招标方式采购的情形 有；","A. 具有特殊性，只能从有限范围的供应商处采购的
B. 采用公开招标方式的费用占政府采购项目总价值的比例过大的
C. 采用招标所需时间不能满足用户紧急需要的
D. 涉及国家安全、国家秘密的
E. 抢险救灾，不适宜公开招标的","AB"
"多选题","政府采购项目，在招标采购中，出现下列哪些情 形，应予废标？","A. 符合专业条件的供应商或者对招标文件作实质响应的供应商不足三家的
B. 出现影响采购公正的违法、违规行为的
C. 投标人的报价均超过了采购预算，采购人不能支付的。
D. 因重大变故，采购任务取消的
E. 所有投标文件均存在细微偏差，未完全响应部分技术条款","ABCD"
"多选题","政府采购项目，可以采用询价方式采购的货物，应 当满足的条件是：","A. 货物规格、标准统一
B. 现货货源充足
C. 价格变化幅度小
D. 技术参数简单
E. 采购预算金额小","ABC"
"多选题","政府采购项目，关于中标、成交通知书的法律效 力，下列说法正确的有：","A. 对采购人和中标、成交供应商均具有法律约束力
B. 中标、成交通知书发出后，采购人改变中标、成交结果的，应当
依法承担法律责任
C. 中标、成交通知书发出后，中标、成交供应商放弃中标、成交项
目的，应当依法承担法律责任
D. 中标、成交通知书是签巧政府采购合同的依据
E. 中标、成交通知书发出后，采购合同即告成立","ABCD"
"多选题","依据《政府采购法》，下列情形中，属于法定单一 来源采购适用情形的有（）。","A. 只能从唯一供应商处采购
B. 涉密的采购项目
C. 需要采购进口产品
D. 必须保证原有采购项目一致性或者服务配套的要求，需要继续从
原供应商处添购，且添购资金总额不超过原合同采购金额百分之十
E. 发生了不可预见的紧急情况不能从其他供应商处采购","ADE"
"多选题","根据政府采购法，以下部门中履行对所属预算单位 政府采购活动监督管理职责的包括（）。","A. 县财政部门
B. 国务院
C. 财政部
D. 省市自治区财政部门
E. 设区的市财政部门","ACDE"
"多选题","根据《政府采购法》，组织实施政府采购的方式有 () 0","A. 分散采购
B. 批量采购
C. 竞价采购
D. 集中采购
E. 定点采购","AD"
"多选题","政府采购项目可W不适用政府采购法的情形包括0 0","A. 涉及国家秘密的采购
B. 因严重自然灾害所实施的紧急采购
C. 使用国际组织和外国政府贷款进行的政府采购，贷款方、资金提
供方与中方达成的协议没有特殊规定
D. 涉及国家安全的采购
E. 因不可抗力事件所实施的紧急采购","ABDE"
"多选题","政府采购按照采购客体的属性不同，采购可W分为 ()o","A. 工程采购
B. 货物采购
C. 服务米购
D. 公共采购
E. 电子竞价","ABC"
"多选题","政府采购当事人是指在政府采购活动中享有权利和 承担义务的各类主体，包括（）","A. 采购人
B. 供应商
C. 采购代理机构
D. 评审专家
E. 财政监管部口","ABC"
"多选题","下列属于我国《政府采购法》规定的采购方式的是 ()","A. 递选
B. 比选
C. 邀请招标
D. 竞争性谈判
E. 询价","CDE"
"多选题","《中华人民共和国政府采购法》所称采购，是指W合同方式有偿取得货物、工程和服务的行为。下列哪个属于《中华人民共和国政府采购法》的采购行为？（)","A.捐赠 B.租赁 C.委托 D.购买 E.雇用","BCDE"
"多选题","采购人、采购代理机构对政府采购项目每项采购活动的 采购文件应当妥善保存，不得（）。","A.伪造 B.变造 C.隐匿 D. 销毁
E. 复制","ABCD"
"多选题","采购人拟采购一项""人工智能算法模型训练服务 ""，以下关于采购需求编制的做法，符合规定的 有？","A.为确保质量，要求供应商必须与指定的兰所高校之一有合作研发协议 B. 为鼓励创新，只描述需要解决的问题和达到的效能目标，不限定具体技术路线 C. 要求供应商提供项目团队人员在供应商公司至少缴纳3年的社保 D.要求供应商提供的成功案例合同金额不低于本项目预算的80% E.对涉及公共安全、隐私保护的关键参数，设置不可偏离的实质性要求","BE"
"多选题","在政府采购活动中，以下哪些行为属于供应商不良行为，可能被记入不良信用记录？","A. 中标后无正当理由不与采购人签iT合同
B. 因对招标文件理解偏差而导致的投标无效 C. 在投诉处理过程中，提供虚假证据材料 D. 按照招标文件要求提交了投标保证金，但因银行系统原因延迟到账一天 E. 擅自变更、中止或者终止政府采购合同","ACE"
"多选题","关于政府采购信息公开，下列说法正确的是：","A. 政府采购信息应当在省级以上人民政府财政部口指定的媒体上发布
B. 采购预算应当公开
C. 中标、成交结果应当公告
D. 政府采购合同应当公告
E. 涉及商业秘密的内容可以不公开","ABCDE"
"多选题","政府采购应当有助于实现的国家经济和社会发展政 策目标包括：","A. 节约能源，保护环境
B. 扶持不发达地区和少数民族地区
C. 促进中小企业发展
D. 维护国有企业垄断地位
E. 支持本国产品","ABCE"
"多选题","甲、乙、丙呈家公司为同一政府采购活动中的投标 人，兰家公司商定届时甲、乙公司放弃中标，丙公 司中标，兰家公司有可能受到的惩罚有（）。","A. 吊销营业执照
B. 列入不良行为记录名单
C. 没收违法所得
D. 在三至五年内禁止参加政府采购活动
E. 罚款","ABCE"
"多选题","关于政府采购合同订立的形式的说法，正确的有（ )","A. 当事人订立合同，应当采用口头形式
B. 电子邮件视为书面形式
C. 法律、行政法规规定采用书面形式的，应当采用书面形式
D. 书面形式仅限于合同书
E. 电报、电传不属于书面形式","BC"
"多选题","不属于《政府采购法》约束的主体范围的是（）","A. 解放军总装备部
B. 中国石油
C. 发改委宏观研究院
D. 私营企业
E. 红十字会","ABD"
"多选题","政府采购的监督检查内容主要包括哪些？（）","A. 法律、行政法规和规章的执行情况
B. 采购范围、采购方式和采购程序的执行情况
C. 政府采购人员的职业素质和专业技能
D. 集中采购机构的内部监督管理制度
E. 供应商的财务状况","ABCD"
"多选题","遏制政府采购过程中寻租行为的发生的措施正确的 是（）","A. 建立县、市、省公共资源交易中也
B. 加强对政府采购预算的管理
C. 严格规范、监督政府采购过程中采购方式的选择
D. 加强完善政府采购过程中的监督机制
E. 建设完善统一的电子化政府采购系统","BCDE"
"多选题","在以下哪些情形下，采购人可W采用单一来源方式 采购？","A. 因严重自然灾害需紧急采购，其他采购方式无法满足时间要求
B. 原有采购项目需要添购，添购资金总额不超过原合同采购金额的10%
C. 必须保证与原有项目技术功能上的一致性或服务配套的要求，需要继续从原供应商处添购，且添购资金怠额不超过原合同采购金额10%
D. 采用公开招标方式，只有两家供应商投标，经论证招标文件无歧视性条款
E. 因专利、专有技术等原因，导致只能从某一特定供应商处采购","CE"
"多选题","关于政府采购合同，下列说法正确的有？","A. 合同履行中，采购人需追加与合同标的相同的货物，在不改变合
同其他条款前提下，可与供应商协商签巧补充合同，但金额不得超
过原合同金额的20%
B. 经采购人同意，中标、成交供应商可依法将合同项下的非主体、
非关键性工作分包给他人完成
C. 政府采购合同必须采用书面形式
D. 合同签订后，采购人发现中标供应商投标时提供虚假材料谋取中
标，可以单方面宣布合同无效
E. 履约保证金不得超过政府采购合同金额的10%","BCE"
"多选题","供应商甲公司在参与""环卫车辆采购""项目时，存 在下列哪些行为，将可能被认定为""串通投标""？","A. 其项目负责人与另一投标人乙公司的技术顾问是大学同学，在投标前曾一起吃饭
B. 其投标文件与乙公司的投标文件由同一台电脑编制、打印
C. 其投标文件中夹带了写有""请关照，事成后重谢""的纸条
D. 其投标文件中的错误页码与乙公司投标文件中的错误页码完全相同
E. 甲公司按照招标文件要求，缴纳了投标保证金，乙公司因故未缴纳，甲公司出于道义，帮乙公司缴纳了投标保证金","BDE"
"多选题","在竞争性谈判过程中，谈判小组可以( )。","A. 根据谈判情况，实质性变动谈判文件中的技术、服务要求，并在
谈判时当面告知供应商
B. 在谈判结束后，要求所有继续参加谈判的供应商在规定时间肉提交最后报价
C. 统一组织所有供应商谈判，提高评审效率
D. 在谈判过程中，要求供应商解释其响应文件中含义不明确的内容
E. 根据供应商的最终得分，直接确定得分最高的供应商为成交候选人","BD"
"多选题","评审专家在评审过程中，下列哪些行为是明确禁止 的？","A. 在评审开始前，接受采购人代表关于项目背景和倾向性意见的介绍
B. 在评审现场查阅技术资料，W核实某项技术的先进性
C. 在完成自己的评分后，询问其他专家对某家供应商的打分情况
D. 因对某项评审标准理解不一致，在评审现场与其他专家进行讨论
E. 离开评审区接听电话，通话中向朋友提及正在评审某项目","ACE"
"多选题","政府采购评审专家未按照采购文件规定的评审程序 、评审方法和评审标准进行独立评审，可能承担的 法律责任包括：","A. 警告
B. 处2000元以上2万元以下罚款
C. 影响中标、成交结果的，处2万元以上5万元以下罚款
D. 禁止其参加政府采购评审活动
E. 没收违法所得","ABCDE"
"多选题","政府采购公开招标项目，在什么情况下采购人、采 购代理机构可W组织重新评审？","A. 分值汇总计算错误
B. 分项评分超出评分标准范围
C. 评标委员会成员对主观评审因素评分不一致
D. 采购人认为评审结果不理想
E. 供应商提出质疑且理由充分","AB"
"多选题","根据《政府采购法》及其实施条例，某采购人因被 行政部口处W15万元罚款，其可能存在的违法行为 有0。","A. 与供应商恶意串通投标
B. 应当公开招标但采取其了他采购方式
C. 拒绝监督检查
D. 在监督检查中提供虚假情况
E. 开标前泄露标底","ADE"
"多选题","下列哪些关于""政府采购政策""在评审中应用的说 法是正确的？","A. 对于强制采购的节能产品，未提供投标产品节能产品认证证书的，其投标无效。
B. 对于无线局域网产品，应强制采购列入《无线局域网认证产品政府采购清单》的产品
C. 在货物采购中，可以对实施优先采购的产品，给予产品价格报价争口除评审优惠。
D.专门面向中小企业采购的项目，大型企业可以作为合格供应商参与，但不可以获得中标资格。
E. 通过进口产品论证审核批复的采购项目，在采购文件中明确拒绝本国产品参与投标","AC"
"多选题","下列哪些情形，属于以不合理条件限制或排斥潜在 供应商？","A. 要求供应商提供指定检测机构出具的产品检测报告。
B. 将投标产品获得""鲁班奖""、""詹天佑奖""等特定奖项作为加分条件。
C. 求供应商进行产品现场演示。
D. 限定供应商必须采用某一特定的财务软件或管理系统。
E. 要求项目经理必须具备特定专业高级职称，而项目实际采购需求并不需要。","ABDE"
"多选题","福建省某采购人因下列哪些行为，可能受到财政部门 ""责令限期改正，给予警告""的处罚？","A. 应当公开招标的项目未经批准擅自采用竞争性谈判。
B. 在招标文件中规定供应商必须是国有企业。
C. 委托不具备政府采购代理资格的机构办理采购事务。
D. 中标通知书发出后无正当理由不与中标人签iT合同。
E. 未经批准擅自采购进口产品。","ABCDE"
"多选题","政府采购活动中，某采购人因违法违规被行政部口 处以3万元罚款，其可能存在以下（）原因。","A. 以不合理条件对供应商进行歧视待遇
B. 在招标过程中与投标人进行协商谈判
C. 开标前泄露标底
D. 发出中标通知书后无故不与中标人签订合同
E. 擅自提高采购标准","ABDE"
"多选题","甲、乙、丙呈家公司签iT的联合体投标协议约定： 因联合体造成采购人损失时，甲、乙分别承担损失 赔偿额的30%，丙承担损失赔偿额的40%。如该联合 体造成采购人损失100万元，关于责任承担的说 法，正确的是0。","A. 采购人只可以向甲主张30万元的赔偿
B. 采购人可以向乙主张100万元的赔偿
C. 采购人必须按照联合体投标协议中约定的比例分别向各成员主张赔偿额
D. 乙向采购人赔偿100万元后，可以分别向甲、丙追偿共计70万元
E. 采购人可以向联合体的任意一个成员方主张全部损失金额赔偿。","BDE"
"多选题","采购人选用采购方式时，应当考虑的因素包括（） 0","A. 市场的供应情况
B. 采购目标和原则
C. 采购客体的属性
D. 评审专家的特长
E. 法律法规赋予的权限范围","ABCE"
"多选题","使用国际组织和外国政府贷款进行的政府采购，（ )与中方达成的协议对采购的具体条件另有规定 的，可以适用其规定，但不得损害国家利益和社会 公共利益。","A. 贷款方
B. 资金提供方
C. 资金使用方
D. 金融机构
E. 担保机构","AB"
"判断题","政府采购工程进行招标投标的，必须适用《中华人民共和国招标投标法》。","A. 正确
B. 错误","A"
"判断题","采购人不得将应当W公开招标方式采购的货物或者 服务化整为零或者以其他任何方式规避公开招标采购。","A. 正确
B. 错误","A"
"判断题","询价采购中，被询价的供应商必须一次性报出不得更改的价格。","A. 正确
B. 错误","A"
"判断题","供应商认为采购文件、采购过程和中标、成交结果使自己的权益受到损害的，可W在知道或者应知其权益受到损害之日起五个工作日内，以书面形式向采购人提出质疑。","A. 正确
B. 错误","B"
"判断题","政府采购合同必须采用书面形式。","A. 正确
B. 错误","A"
"判断题","集中采购机构是非营利事业法人，根据采购人的委托办理采购事宜。","A. 正确
B. 错误","A"
"判断题","采购人可以要求参加政府采购的供应商提供有关资质证明文件和业绩情况，但不得非法限定供应商的所有制形式。","A. 正确
B. 错误","A"
"判断题","采购人与中标供应商应当在中标通知书发出之日起 兰十个工作日内签订合同。","A. 正确
B. 错误","B"
"判断题","政府采购合同的双方当事人不得擅自变更、中止或者终止合同。","A. 正确
B. 错误","A"
"判断题","任何单位和个人不得采用任何方式，阻烧和限制供 应商自由进入本地区和本行业的政府采购市场。","A. 正确
B. 错误","A"
"判断题","采购人可以在招标文件中规定，本项目不接受联合体投标。","A. 正确
B. 错误","A"
"判断题","政府采购项目采购合同签订以后，联合体成员就采 购合同约定的事项对采购人承担无限责任。","A. 正确
B. 错误","B"
"判断题","《政府采购法》规定，采购代理机构与行政机关不 得存在隶属关系或者其他利益关系。","A. 正确
B. 错误","A"
"判断题","政府采购监管部口在处理投诉事项期间，可以视具体情况书面通知被投诉人暂停采购活动，但暂停时间最长不得超过15个工作日。","A. 正确
B. 错误","B"
"判断题","国务院政府采购监督管理部门应当会同国务院有关 部门，规定政府采购合同必须具备的条款","A. 正确
B. 错误","A"
"判断题","联合体中标后，联合体各方应当共同与采购人签订合同，就采购合同约定的事项分别向采购人承担各自的责任。","A. 正确
B. 错误","B"
"判断题","政府采购工程，无论采用何种采购方式，都应落实 节能环保、扶持中小企业等政府采购政策。","A. 正确
B. 错误","A"
"判断题","对于政府购买养老服务项目，验收结果应当向狂会公告。","A. 正确
B. 错误","A"
"判断题","政府采购公开招标采购项目开标结束后，评标委员 会应当依法对投标人的资格进行审查","A. 正确
B. 错误","B"
"判断题","政府采购项目，在投标有效期内投标人撤销投标文 件的，采购人或者采购代理机构必须退还全部保证金及同期银行存款利息。","A. 正确
B. 错误","B"
"判断题","某项目采用公开招标，投标截止后，只有两家供应商递交投标文件。采购代理机构经请示采购人，认为两家供应商均具备竞争性，可以继续开标和评审。","A. 正确
B. 错误","B"
"判断题","询价小组由采购人的代表和有关专家共五人以上的单数组成，其中专家的人数不得少于成员总数的兰分之二。","A. 正确
B. 错误","B"
"判断题","谈判的任何一方不得透露与谈判有关的其他供应商的技术资料、价格和其他信息，现场采购人监督允许的除外。","A. 正确
B. 错误","B"
"判断题","对因严重自然灾害和其他不可抗力事件所实施的紧急采购和涉及国家安全和秘密的采购不适用政府采购法。","A. 正确
B. 错误","A"
"判断题","采用综合评分法的政府采购货物项目，在评审时发现所有合格投标人的报价均超过采购预算，但采购人代表确认可以支付，评审委员会应当继续评审并推荐中标候选人。","A. 正确
B. 错误","B"
"判断题","对供应商依法提出的询问，采购人或者采购代理机构应当在7个工作日内作出答复，答复的肉容可以视情况决定是否公开","A. 正确
B. 错误","B"
"判断题","某政府采购项目采用竞争性磋商方式，采购预算金额加00万元，由于采购预算金额大，代理机构将磋商文件售价定为800元/份，该行为符合政府采购相关规定。","A. 正确
B. 错误","B"
"判断题","采用最低评标价法的货物项目，如出现多个相同品牌产品由不同代理商投标的情况，应当按一家供应商计算。","A. 正确
B. 错误","A"
"判断题","某医疗设备采购项目招标文件规定，投标人必须具有""三级甲等医院同类设备供货业绩""。A公司提供的业绩合同显示其向某三甲医院供应了该类型设备，但该医院在其合同履行期间才由""王级乙等""升级为""兰级甲等""。评审委员会认定A公司不满足此项业绩要求。此认定是正确的。","A. 正确
B. 错误","B"
"判断题","招标文件规定了样品的具体评审因素，样品不纳入实质性条件范围。评审时，评标委员会发现B公司样品存在一项细微瑕疵，该瑕疵肉容不在样品评审因素范围内，B公司投标文件中承诺完全满足要求。评标委员会认为样品更反映真实水平，基于样品瑕疵，一致决定将B公司定为无效投标。此做法是合法的。","A. 正确
B. 错误","B"
"单选题","制定《政府采购竞争性磋商采购方式管理暂行办法》的法律依据是（）","A. 《招标投标法》 B. 《政府采购法》 C. 《预算法》
D. 《政府采购法实施条例》","B"
"单选题","采用公告方式邀请供应商的，竞争性磋商公告应当在哪个层级以上人民政府财政部门指定媒体发布（）","A. 县级
B. 设区的市、自治州 C. 省级
D. 国家级","C"
"单选题","根据《政府采购竞争性磋商采购方式管理暂行办法》，磋商文件的发售期限自开始发售之日起至停止发售之日止，不得少于（）","A. 3个工作日 B. 5个工作日 C. 5日
D. 10日","B"
"单选题","在竞争性磋商采购中，从磋商文件发出之日起至供应商提交首次响应文件截止之日止，不得少于（）","A. 3日 B. 5日 C. 10日 D. 20日","C"
"单选题","根据《政府采购竞争性磋商采购方式管理暂行办法》，磋商保证金最高不得超过采购项目预算的（）","A. 1%
B. 1‰ C. 2%
D. 2‰","C"
"单选题","在竞争性磋商采购中，磋商小组由采购人代表和评审专家共3人以上单数组成，其中评审专家人数不得少于磋商小组成员总数的（）","A. 1/3 B. 2/3 C. 3/4 D. 4/5","B"
"单选题","根据《政府采购竞争性磋商采购方式管理暂行办法》，采取采购人和评审专家书面推荐方式选择供应商的，采购人推荐供应商的比例不得高于推荐供应商总数的（）","A. 30% B. 40% C. 50% D. 60%","C"
"单选题","在竞争性磋商采购中，综合评分法服务采购项目的价格分值权重范围为 （）","A. 10%–30% B. 20%–40% C. 30%–50% D. 30%–60%","A"
"单选题","根据《政府采购竞争性磋商采购方式管理暂行办法》，在竞争性磋商采购项目中，成交供应商确定后，采购人或采购代理机构应当在（）个工作日内在指定媒体公告成交结果。","A. 1 B. 2 C. 3 D. 5","B"
"单选题","在竞争性磋商采购中，未成交供应商的磋商保证金应当自发出成交通知书之日起几个工作日内退还（）","A. 3 B. 5 C. 7 D. 10","B"
"单选题","根据《政府采购竞争性磋商采购方式管理暂行办法》，采购人、采购代理机构应当采取必要措施，保证磋商在何种情况下进行？（）","A. 公开透明 B. 严格保密
C. 全程录音录像并即时直播 D. 向所有供应商同步公开过程","B"
"单选题","在某政府采购项目中，因设备技术复杂，采用竞争性磋商方式采购一批可研设备。磋商过程中，采购人发现原磋商文件中的技术参数存在缺陷，需对设备性能指标作出实质性修改。根据《政府采购竞争性磋商采购方式管理暂行办法》第二十条，以下做法正确的是（ ）。","A. 磋商小组口头通知部分供应商修改内容，后续再补书面通知 B. 磋商小组将修改内容仅书面通知提出异议的供应商
C. 磋商小组应将实质性变动内容以书面形式同时通知所有参加磋商的供应商 D. 磋商小组直接修改磋商文件后继续评审，无需通知供应商","C"
"单选题","A市医院某服务采购项目采用竞争性磋商方式，评审报告提交后，采购人因内部审批流程延迟，未在规定期限内确定成交供应商，且未对评审报告提出任何异议。根据《政府采购竞争性磋商采购方式管理暂行办法》第二十八条，以下说法正确的是（ ）。","A. 采购人可继续无限期拖延，直至完成内部审批 B. 采购人需重新组织磋商活动，重新评审
C. 视为确定评审报告提出的排序第一的供应商为成交供应商 D. 由财政部门直接指定成交供应商","C"
"单选题","某政府采购项目采用竞争性磋商方式，磋商小组在评审过程中发现竞争性磋商文件中要求的某项技术参数违反了国家节能环保强制性标准。根据《政府采购竞争性磋商采购方式管理暂行办法》第十六条第二款，磋商小组应当（ ）。","A. 继续评审，并在评审报告中说明情况 B. 继续评审，但要求采购人书面承诺纠正
C. 停止评审，并向采购人或采购代理机构说明情况 D. 停止评审，并直接报告财政部门处理","C"
"单选题","A市采用竞争性磋商方式采购应急指挥车，发成交通知书后，因突发洪 灾，财政资金全部转防汛，采购任务取消。依据《政府采购竞争性磋商采购方式管理暂行办法》第三十五条，采购人应当：","A. 终止采购、通知全部供应商并报财政 B. 延期签约
C. 改用询价
D. 自行取消不报备","A"
"单选题","A政府采购项目采用竞争性磋商方式完成采购后，采购代理机构发布成交结果公告。根据《政府采购竞争性磋商采购方式管理暂行办法》第二十九条，以下内容不需要包含在公告中的是（ ）。","A. 成交供应商的名称、地址及成交金额
B. 主要成交标的的规格型号、数量、单价和服务要求 C. 所有参与磋商供应商的最终报价明细
D. 磋商小组成员名单","C"
"单选题","H市“智慧停车”PPP项目采用竞争性磋商方式采购。共有3家社会资本提交响应文件，经资格性和实质性审查，仅1家完全符合要求，其余2家因未按采购文件提供关键证明材料被认定为无效响应。此时，采购人应当 （ ）。","A. 与唯一合格供应商继续磋商并推荐成交 B. 依法转为单一来源采购方式
C. 终止本次竞争性磋商，发布终止公告并重新开展采购 D. 报市级财政部门批准后继续完成磋商程序","C"
"单选题","Q市属医院（主管预算单位为市卫健委）采购一批进口医疗设备，预算金额为480万元（当地公开招标数额标准为400万元）。因设备技术复杂，拟采用竞争性磋商方式。以下做法符合规定的是（ ）。","A. 医院直接向市财政局申请批准，未报市卫健委同意 B. 经市卫健委同意后，医院向省级财政部门申请批准 C. 因涉及进口产品，需报财政部批准竞争性磋商
D. 经市卫健委同意后，医院向市财政局申请批准","D"
"单选题","Y省部分高校因拟采购的实验室科研设备技术结构复杂、专业要求特殊，决定采用竞争性磋商方式组织实施本次采购，采购人擅自提高经费预算标准导致磋商文件被投诉，财政部门认定违规，此时已完成的采购合同应当如何处理？（）","A. 合同继续有效，仅对采购人警告罚款
B. 合同自动失效，成交供应商可要求缔约过失赔偿 C. 由财政部门决定是否撤销合同
D. 合同效力不受影响，但须补报财政部备案","C"
"单选题","某市公安局的一政府采购项目采用竞争性磋商方式，评审结束后，采购代理机构发现磋商小组对供应商A的“技术响应”项评分中，存在同一评审因素重复扣分的情况（总扣分超出磋商文件规定的上限）。根据第三十二条，以下处理方式正确的是（ ）。","A. 采购代理机构可直接修改评分结果，重新汇总后确定成交供应商 B. 采购人应组织原磋商小组重新评审，修正重复扣分问题
C. 采购人、采购代理机构需重新开展采购活动，并书面报告财政部门
D. 因重复扣分属于“分值汇总计算错误”，可组织重新评审并报财政部门备案","B"
"单选题","某教育局一采购项目采用竞争性磋商方式进行采购，在评审过程中，评审专家发现供应商A提交的业绩合同存在伪造公章的嫌疑，但无法立即核实 。以下做法正确的是（ ）。","A. 立即停止评审，并向当地公安机关报案
B. 在评审报告中记录该情况，但无需主动报告财政部门
C. 继续评审，待评审结束后以个人名义向财政部门提交书面举报材料
D. 及时向财政部门书面报告供应商涉嫌违法的线索，并暂停评审直至财政部门指示","D"
"单选题","评审结束后，采购人认为成交候选人B的报价明显低于成本价，要求磋商小组重新评审。磋商小组复核后确认报价合理，但采购人仍坚持重新评审 。根据第三十二条，以下说法正确的是（ ）。","A. 采购人有权要求磋商小组多次重新评审，直至确认报价异常
B. 因报价合理性不属于法定重新评审情形，磋商小组应拒绝采购人要求
C. 采购人可自行委托第三方机构对B的报价进行成本检测，并依据检测结果改变评审结果 D. 若其他供应商未提出异议，采购人可直接调整评审结果并确认B为成交供应商","B"
"多选题","根据《政府采购竞争性磋商采购方式管理暂行办法》的规定，下列选项中可以采用竞争性磋商方式的情形有（ ）","A. 政府购买服务项目
B. 技术复杂不能确定详细规格的
C. 市场竞争不充分的科研项目，以及需要扶持的科技成果转化项目 D. 必须进行招标的工程建设项目以外的工程建设项目","ABCD"
"多选题","根据《政府采购竞争性磋商采购方式管理暂行办法》的规定，下列选项中，属于磋商文件应当包含的内容有（）。","A. 采购需求
B. 供应商的注册资本要求 C. 评审程序
D. 合同草案条款","ACD"
"多选题","某科研所组织的竞争性磋商活动中，供应商B在竞争性磋商项目中提交响应文件后，发现其中技术参数存在错误，拟在截止时间前撤回并重新提交 。以下错误的做法是（ ）","A. 供应商B口头通知采购代理机构撤回文件，并于截止时间前重新提交新文件
B. 供应商B通过快递寄送撤回书面通知，但因快递延误导致采购代理机构在截止时间后收到通知 C. 供应商B同时向采购人和采购代理机构发送撤回的书面通知，并在截止时间前重新提交新文件 D. 供应商B直接将原响应文件撕毁，然后重新制作一份新的响应文件，在截止时间前送至采购人处，未与采购人进行任何沟通说明","ABD"
"多选题","某竞争性磋商项目要求供应商提交磋商保证金，以下操作符合《政府采购竞争性磋商采购方式管理暂行办法》第十二条第一款规定的有（ ）。","A. 供应商A通过银行本票方式提交保证金，但未在响应文件中附本票复印件
B. 供应商B提交由某国有银行出具的履约保函（保函中注明“仅用于履约担保，非磋商保证金”） C. 供应商C提交由某融资性担保公司出具的保函，并附该担保公司的融资担保业务经营许可证复印件
D. 供应商D提交由其子公司（非金融机构）出具的保函，并承诺若违约由母公司代为赔付","AC"
"多选题","某竞争性磋商项目评审结束后，采购代理机构编制的评审报告存在以下内容，根据第二十六条，必须修正或补充的有（ ）。","A. 评审情况记录中仅列明“供应商A、B、C通过资格审查”，但未说明未通过资格审查的供应商名单及原因
B. 响应文件开启日期记录为“2023年10月15日上午9:00”，但监控录像显示实际开启时间为9:15 C. 磋商小组成员名单中包含1名采购人代表，但未注明其专业背景或职务
D. 成交候选供应商排序名单中，供应商D排名第一的理由仅记载“综合评分最高”，未附具体评分明细
E. 获取磋商文件的供应商名单中遗漏了1家已缴纳保证金但未参与磋商的供应商","ABDE"
"多选题","根据《政府采购竞争性磋商采购方式管理暂行办法》，出现下列哪些情形，采购人应当终止竞争性磋商采购活动（）","A. 符合要求的供应商不足3家（本办法第二十一条第三款规定的情形和财库〔2015〕124号规定的情形除外）
B. 出现违法违规行为
C. 采购任务因重大变故取消 D. 磋商文件笔误","ABC"
"多选题","A省D市建设局的一政府采购竞争性磋商项目，采购代理机构或者采购人在组织过程中出现以下行为，违反《政府采购竞争性磋商采购方式管理暂行办法》第十七条的有（ ）。","A. 在磋商小组评审前，向评审专家暗示“供应商A的产品曾在本单位其他项目中表现优异” B. 为方便供应商了解项目现场，单独安排供应商B在非工作时间进行实地考察
C. 在答疑会上，针对供应商C提出的“技术参数是否可放宽”问题，回复“需严格按磋商文件执行 ”
D. 向评审专家发放项目背景资料时，附上采购人倾向的供应商名单及联系方式","ABD"
"多选题","某单位因拟采购的实验室科研设备技术结构复杂、专业要求特殊，决定采用竞争性磋商方式组织实施本次采购。关于本次采购评审中价格分值的权重设置，下列选项中符合《政府采购竞争性磋商采购方式管理暂行办法》规定的有（ ）。","A. 20% B. 40% C. 50% D. 60%","BCD"
"多选题","在竞争性磋商采购中，磋商小组要求供应商澄清的内容不得（）","A. 超出响应文件范围 B. 改变实质性内容 C. 补正计算错误
D. 更正文字错误","AB"
"多选题","根据《政府采购竞争性磋商采购方式管理暂行办法》及相关规定，下列关于政府采购供应商库的说法中，正确的有（）","A. 财政部门不得收取入库费用
B. 不得利用供应商库进行地区封锁 C. 符合条件供应商可随时申请入库
D. 符合条件供应商可在采购活动开始前申请入库","ABD"
"多选题","根据《政府采购竞争性磋商采购方式管理暂行办法》，关于采购人确定成交供应商，下列说法正确的有（ ）","A. 采购人应当在收到评审报告后5个工作日内确定成交供应商
B. 采购人应当从评审报告提出的成交候选供应商中，按照排序由高到低的原则确定成交供应商 C. 采购人可以书面授权磋商小组直接确定成交供应商
D. 采购人逾期未确定成交供应商且不提出异议的，视为确定评审报告提出的排序第一的供应商为成交供应商","ABCD"
"多选题","某“智能监控系统”采购项目采用竞争性磋商方式，评审时最后报价分别为：供应商甲：88万元、供应商乙：95万元、供应商丙：82万元 供应商丁：105万元、磋商小组在计算价格分时，下列做法符合《政府采购竞争性磋商采购方式管理暂行办法》第二十四条规定的有（ ）。","A. 采用综合评分法，价格分统一采用低价优先法计算
B. 去掉最高报价105万元和最低报价82万元，以乙、甲报价的平均值作为磋商基准价
C. 按公式“磋商报价得分 = (磋商基准价/最后磋商报价) × 价格权值 × 100”计算各供应商价格分
D. 将最低报价82万元设为磋商基准价
E. 在评审过程中，因丁的报价过高，决定将其报价排除后计算基准价","ACD"
"多选题","某市数据局采用竞争性磋商方式采购“政务数据治理服务”。磋商文件要求供应商提供有效的营业执照副本复印件和近3年无重大违法记录的书面声明。供应商甲在响应文件中提交了上述材料并成交。后经查实，其营业执照已于响应文件提交前被吊销。下列说法正确的有（ ）。","A. 供应商应对其提交的响应文件的真实性、合法性承担法律责任 B. 提交已被吊销的营业执照，属于提供不合法的响应材料
C. 即使供应商不知晓执照被吊销，仍需依法承担责任
D. 磋商小组应在评审阶段对营业执照真实性进行司法鉴定","ABC"
"多选题","根据《政府采购竞争性磋商采购方式管理暂行办法》，下列哪些事项必须在竞争性磋商公告中公开？（）","A. 采购项目预算金额
B. 获取磋商文件的时间、地点、方式及售价 C. 响应文件提交的截止时间、开启时间及地点 D. 评审专家的人数与专业要求","ABC"
"多选题","根据《政府采购竞争性磋商采购方式管理暂行办法》，关于采购人与成交供应商签订合同时，采购人不得对下列哪些内容进行变更（）","A. 提高技术标准 B. 减少采购数量 C. 增加实质性条款
D. 要求成交供应商赠送耗材","ABCD"
"多选题","某高校就一信息化建设项目采用竞争性磋商方式进行政府采购。在磋商过程中，下列哪些做法符合《政府采购竞争性磋商采购方式管理暂行办法》第十九条的规定？","A. 磋商小组先与报价最低的供应商进行磋商，再视情况决定是否与其他供应商磋商 B. 磋商小组集中全体成员，分别与每一家提交响应文件的供应商进行一对一磋商 C. 为提高效率，磋商小组分两组同时与不同供应商进行磋商
D. 磋商小组给予所有实质性响应的供应商平等的磋商机会，包括相同的问题澄清时间与技术方案修改机会","BD"
"多选题","某高校拟以竞争性磋商方式，采购技术复杂的专用科研设备。磋商文件规定：“提供国家强制节能认证产品的，每项加2分；未提供的，不加分但可参与评审。”评审中，磋商小组发现该要求将《节能产品政府采购清单 》中的强制采购品目仅作为加分项，未设为实质性响应条件。此时，磋商小组应如何处理？","A. 继续评审，因多数供应商已按文件准备材料 B. 停止评审
C. 向采购人或采购代理机构说明情况 D. 直接书面报告财政部门","BC"
"多选题","某市高校采用竞争性磋商方式采购信息化系统建设项目。评审结束后发 现：①专家甲对供应商A的“业绩”项（属客观分）打3分，其他专家均打 1分；②汇总表因录入错误，将供应商B的总分少计2分；③成交候选人C提供的设备样品经第三方检测，关键参数低于响应文件承诺值。采购人拟组织重新评审。下列说法符合规定的有（ ）。","A. 因客观分评分不一致，可对第①项重新评审 B. 因分值汇总计算错误，可对第②项重新评审
C. 因样品检测结果不符，可据此取消C资格并调整排序 D. 重新评审方案须报财政部门批准后方可实施","AB"
"多选题","某高校竞争性磋商采购教学软件系统。3人磋商小组评审后，2人同意推荐 A公司为第一成交候选人，专家王某反对但未在评审报告上签字，也未提交书面说明。下列做法中，符合规定的有（ ）。","A. 磋商小组按少数服从多数原则确定A公司为成交候选人，采购程序继续 B. 要求王某必须在报告上签署不同意见并说明理由
C. 因王某拒签且未说明理由，视为其同意评审报告 D. 采购人应在3个工作日内确认成交结果","AC"
"多选题","某市医院采用竞争性磋商方式采购医疗信息系统。磋商小组在评审过程中发现供应商有下列哪些违法行为时，应当及时向财政部门报告？（ ）","A. 供应商甲向采购人、采购代理机构或磋商小组成员赠送购物卡； B. 供应商乙提交的业绩合同系伪造；
C. 供应商丙与丁私下协商报价；
D. 供应商戊未完全响应“7×24小时运维”要求，但承诺签约后落实；","ABC"
"多选题","某市交通局竞争性磋商采购智能公交调度系统，磋商文件要求：软件须基于“阿里云”架构开发；供应商须本省注册且有本市同类业绩；核心人员需持“阿里云高级工程师”认证；鼓励使用节能环保设备。下列哪种情形属于磋商文件编制的禁止行为？（）","A. 要求基于“阿里云”架构开发 B. 要求本省注册及本市业绩
C. 要求持有阿里云认证 D. 鼓励使用节能环保设备","ABC"
"多选题","在某科研设备运维服务竞争性磋商项目中，磋商小组根据供应商反馈，拟对磋商文件进行调整。根据《政府采购竞争性磋商采购方式管理暂行办法 》第二十条，以下哪些内容可以由磋商小组在磋商过程中作出实质性变动？（）","A. 技术、服务要求 B. 合同草案条款
C. 最终报价的提交形式和轮次 D. 磋商保证金数额","AB"
"判断题","竞争性磋商采购方式只能用于政府购买服务项目。（ ）","A. 正确 B. 错误","B"
"判断题","根据《政府采购竞争性磋商采购方式管理暂行办法》的规定，磋商文件可以要求供应商必须在采购人所在地设有分支机构或注册实体。（ ）","A. 正确 B. 错误","B"
"判断题","根据《政府采购竞争性磋商采购方式管理暂行办法》，采购人代表不得以评审专家身份参加本部门或本单位采购项目的评审。（ ）","A. 正确 B. 错误","A"
"判断题","根据《政府采购竞争性磋商采购方式管理暂行办法》，采购人或者采购代理机构应当在成交结果公告中公告磋商小组成员名单。（ ）","A. 正确 B. 错误","A"
"判断题","根据《政府采购竞争性磋商采购方式管理暂行办法》，采购人与成交供应商应当在成交通知书发出之日起30个工作日内签订政府采购合同。（ ）","A. 正确 B. 错误","B"
"判断题","根据《财政部关于政府采购竞争性磋商采购方式管理暂行办法有关问题的补充通知》（财库〔2015〕124号），在竞争性磋商采购过程中，符合要求的供应商（社会资本）只有1家时，采购人（项目实施机构）或者采购代理机构可以继续与其进行磋商。（ ）","A. 正确 B. 错误","B"
"判断题","根据《政府采购竞争性磋商采购方式管理暂行办法》，在采用综合评分法进行评审时，计算价格得分可以去掉最后报价中的最高报价和最低报价。 （ ）","A. 正确 B. 错误","B"
"判断题","根据《政府采购竞争性磋商采购方式管理暂行办法》，采购人可以书面授权磋商小组直接确定成交供应商。（ ）","A. 正确 B. 错误","A"
"判断题","根据《政府采购竞争性磋商采购方式管理暂行办法》，评审专家在评审过程中泄露评审情况和评审中获悉的商业秘密的，应当承担相应的法律责任。（ ）","A. 正确 B. 错误","A"
"判断题","某县教育局采购智能阅卷软件系统，磋商文件规定保证金为项目预算的2% （即2万元）。供应商B提交了1.5万元保证金，并在响应文件中说明“剩余5000元将在签订合同后补交”。供应商B已提交大部分保证金且承诺后续补足，采购人可酌情接受其响应，避免因小额差额导致采购失败。","A. 正确 B. 错误","B"
"判断题","某市自然资源局采用竞争性磋商方式采购地理信息系统开发服务，项目预算为500万元。采购代理机构在发售磋商文件时，按预算金额的0.1%（即 5000元）定价，并解释称“高价可筛选更有实力的供应商”。","A. 正确 B. 错误","B"
"判断题","某市医院医疗设备运维服务项目，允许供应商以联合体形式参与磋商。联合体由A公司（牵头方）和B公司（成员）组成，磋商文件要求交纳保证金 5万元。A公司单独向采购代理机构账户转账5万元，并在备注中注明“联合体保证金”。采购代理机构可以B公司未参与交纳保证金，认定该联合体未按规定提交保证金并否决其响应文件。","A. 正确 B. 错误","B"
"判断题","某市级单位通过竞争性磋商采购财务软件系统，成交供应商A的最后报价为98万元。在合同签订前，采购人以“预算不足”为由，要求A公司在最后报价基础上再降低5%（即降价4.9万元），否则将取消其成交资格并顺延至第二名供应商。","A. 正确 B. 错误","B"
"判断题","某县农业农村局采购农产品质量检测服务，需推荐5家供应商。采购人推荐了2家，评审专家推荐了3家。","A. 正确 B. 错误","A"
"判断题","市交通局采购智能交通管理系统，磋商文件规定“综合评分仅以最后报价为准，报价最低者得满分100分，其余按比例扣分”。","A. 正确 B. 错误","B"
"判断题","某市疾控中心通过竞争性磋商确定A公司为核酸检测信息系统成交供应商 。签约前，采购人组织实地考察，认为A公司技术团队规模小、履约能力不足，遂拒绝与其签订合同，并直接与排名第二的B公司签约。该做法是否符合（ ）","A. 正确 B. 错误","B"
"判断题","某高校因突发校区搬迁重大变故，决定取消原定的竞争性磋商采购项目。采购代理机构随即电话通知所有已提交响应文件的供应商“项目终止”，并书面报告财政部门说明原因。该做法是否符合（ ）","A. 正确 B. 错误","B"
"判断题","某市住建局在竞争性磋商采购智慧工地系统后，发现磋商小组未按文件要求对“数据对接能力”进行评分。采购人拟组织原磋商小组重新评审并修正结果。（ ）","A. 正确 B. 错误","B"
"判断题","某市档案馆采用竞争性磋商采购数字化加工服务，磋商文件已详细列明扫描分辨率、图像格式、质检标准等技术和服务要求。磋商结束后，共有3家实质性响应供应商提交了最后报价。采购人据此推进后续程序。（）","A. 正确 B. 错误","A"
"判断题","某采购代理机构于9月26日（周四）发布竞争性磋商公告并开始发售文 件，原定发售截止日为10月2日（周三）。因10月1日至3日为国庆法定节 假日，采购人认为“5个工作日已满”，决定不再顺延截止日，仍按10月2日截止。（ ）","A. 正确 B. 错误","B"
"判断题","某市疾控中心以竞争性磋商方式采购一批采购技术复杂的检验设备，成交候选人A提供的样品在履约前被第三方检出关键性能不达标。采购人组织原磋商小组对样品复测，A公司未提出异议。随后，采购人据此取消其中标资格，并顺位确定第二名为成交供应商。（ ）","A. 正确 B. 错误","B"
"判断题","某市住建局于周一收到采购代理机构的竞争性磋商评审报告，市住建局未对其评审结果提出异议，并于第6个工作日（下周二） 正式向采购代理机构发文确定以评审报告中综合得分排序第一的供应商为成交人。采购代理机构认为：“既然最终还是选了第一名，且未提异议，应视为程序合法。 ”（ ）","A. 正确 B. 错误","B"
"单选题","某单位需要采购一批服务器，技术标准统一，但由于信息化项目分批建设，需要在未来一年内分多次采购。此情形符合框架协议采购的哪个核心特征？","A. 单一来源采购
B. 需要多次重复采购 C. 必须进行国际招标 D. 适用于紧急采购","B"
"单选题","某集中采购机构拟采用框架协议采购方式采购办公耗材，关于其采购流程的表述，正确的是？","A. 拟定采购方案后直接实施
B. 拟定采购方案报本级财政部门备案后实施 C. 拟定采购方案报本级财政部门审核后实施 D. 无需拟定采购方案，直接发布征集公告","C"
"单选题","某主管预算单位拟采用框架协议采购方式采购法律鉴证服务，关于其采购方案管理的说法，正确的 是？","A. 需报本级财政部门审核后实施
B. 应当在采购活动开始前报本级财政部门备案 C. 无需备案或审核，自主实施即可
D. 需报上级主管部门审核后实施","B"
"单选题","某框架协议项目，面向采购人和供应商开展需求调查时，应当选择具有代表性的调查对象，调查对象一般各不少于( )个。","A. 2 B. 1 C. 3 D. 5","C"
"单选题","确定最高限制单价时，如果没有政府定价，应当如何确定？","A. 直接设定一个较低价格
B. 通过需求调查，并根据需求标准科学确定 C. 由领导拍板决定
D. 参照其他省份的价格","B"
"单选题","货物项目框架协议有效期一般不超过( )年。","A. 3 B. 1 C. 2 D. 5","B"
"单选题","服务项目框架协议有效期一般不超过( )年。","A. 3 B. 1 C. 2 D. 5","C"
"单选题","对耗材使用量大的复印、打印、实验、医疗等仪器设备进行框架协议采购的，应当要求供应商同时对( )年以上约定期限内的专用耗材进行报价。","A. 2 B. 1
C. 5
D. 3","D"
"单选题","采用质量优先法的检测、实验等仪器设备采购，淘汰比例不得低于40%，且至少淘汰( )供应商。","A. 1家 B. 2家 C. 3家 D. 4家","A"
"单选题","( )应当确保征集文件和入围信息在整个框架协议有效期内随时可供公众查阅。","A. 服务对象 B. 征集人 C. 供应商
D. 采购代理机构","B"
"单选题","征集人应当在框架协议签订后( )个工作日内通过电子化采购系统将入围信息告知适用框架协议的所有采购人或者服务对象。","A. 2 B. 1 C. 5 D. 3","D"
"单选题","框架协议顺序轮候一般适用于( )。","A. 货物项目 B. 工程项目 C. 服务项目 D. 采购项目","C"
"单选题","框架协议采购二次竞价一般适用于采用( )的采购项目。","A. 价格优先法 B. 质量优先法 C. 服务优先法 D. 技术优先法","A"
"单选题","( )采购应当订立固定价格合同。","A. 合同协议 B. 框架协议 C. 采购合同 D. 招标文件","B"
"单选题","直接选定方式是确定框架协议( )成交供应商的主要方式。","A. 第一阶段 B. 第二阶段 C. 第三阶段 D. 第四阶段","B"
"单选题","某采购人在框架协议第二阶段采用二次竞价方式确定成交供应商，以下操作符合规定的是（）。","A. 以框架协议约定价格为最高限价 B. 要求供应商必须高于协议价格报价 C. 仅允许部分入围供应商参与竞价
D. 竞价后直接确定报价最高的供应商成交","A"
"单选题","某省级教育系统作为征集人，通过封闭式框架协议采购确定了一批办公耗材入围供应商，征集人在第二阶段确定成交供应商时，根据《政府采购框架协议采购方式管理暂行办法》，可采用的方式不包括 （ ）。","A. 直接选定 B. 间接待定 C. 二次竞价 D. 顺序轮候","B"
"单选题","关于框架协议采购的电子化要求，下列说法错误的是？","A. 应当实行电子化采购。
B. 征集文件与入围信息随时可供公众查阅。 C. 仅接收纸质流程
D. 电子档案具有同等效力。","C"
"单选题","关于开放式框架协议采购，下列说法不符合《政府采购框架协议采购方式管理暂行办法》规定的有（ ）。","A. 供应商可在框架协议期满前随时申请加入。 B. 第二阶段成交供应商通过直接选定方式确定。 C. 征集人必须与供应商签订书面框架协议。
D. 供应商履行合同后按凭单、订单结算。","C"
"单选题","以下哪项不属于框架协议采购的特点？","A. 采购人或服务对象在入围供应商范围内确定第二阶段成交供应商。
B. 需要一次性确定最终供应商并签订采购合同。
C. 适用于技术、服务等标准明确、统一，需要多次重复采购的货物和服务。
D. 通过公开征集程序确定第一阶段入围供应商。","B"
"单选题","某市级集中采购机构组织开放式框架协议采购，关于供应商加入的说法正确的是？","A. 仅能在征集期内申请加入。
B. 愿意接受协议条件的供应商可随时申请加入。 C. 需经所有入围供应商同意方可加入。
D. 加入后需缴纳高额保证金。","B"
"单选题","某科研所一批办公耗材须进行框架协议采购，根据 《政府采购框架协议采购方式管理暂行办法》的规定，以下可接受采购人合同授予并履约成为入围的供应商是（）。","A. 未获委托的第三方代理商 B. 生产厂家
C. 其他入围供应商推荐的代理商
D. 无授权的分支机构","B"
"单选题","某医院服务类项目采用框架协议进行采购，采用顺序轮候方式，以下关于合同授予的说法错误的是？","A. 入围供应商按轮候顺序轮流获得合同。
B. 每个入围供应商在一个轮候期内仅有一次获授机会。 C. 框架协议有效期内可随意调整轮候顺序。
D. 轮候顺序确定后应书面告知所有入围供应商。","C"
"单选题","某框架协议采购项目，采购人拟将第二阶段合同授予非入围供应商，以下条件中必须满足的是（）。","A. 非入围供应商报价更低，且入围供应商不同意降价。 B. 经所有入围供应商书面同意。
C. 报省级财政部门审批。 D. 重新组织公开征集。","A"
"单选题","某封闭式框架协议采购项目，供应商无正当理由放弃入围资格，该行为将面临（）","A. 仅退还保证金
B. 依照政府采购法等有关法律、行政法规追究法律责任 C. 记入企业信用档案但不处罚
D. 限制6年内参与政府采购活动","B"
"单选题","某供应商在框架协议采购中提供虚假材料谋取入围，其需要承担的法律责任是（）。","A. 仅解除框架协议
B. 依照政府采购法等有关法律、行政法规追究法律责任 C. 罚款5000元以下
D. 限期整改即可","B"
"单选题","某高校封闭式框架协议执行期间，采购人向征集人提出，原入围供应商有不少放弃了入围资格，需要补充征集供应商，征集人说，补充征集是有前提的 。下列说法中错误的是？","A. 补充征集的前提之一是，剩余入围供应商不足的情况影响了框架协议执行。
B. 补充征集的前提之一是，必须为货物采购。
C. 补充征集的前提之一是，框架协议中事先约定了补充征集程序
。
D. 补充征集的前提之一是，剩余入围供应商不足入围供应商总数 70%。","B"
"单选题","某医院需长期采购常规医用耗材（多频次、小额度需求），计划采用框架协议采购方式，以下关于该采购方式的说法正确的是？","A. 仅适用于货物采购
B. 需通过公开征集程序确定第一阶段入围供应商 C. 框架协议有效期可自行设定为3年
D. 采购人可直接与任意供应商签订第二阶段合同","B"
"单选题","某集中采购机构开展封闭式框架协议采购，在确定第一阶段入围供应商时，提交响应文件且符合资格条件、实质性要求的供应商有 4 家。若该采购项目为普通货物采购（无政府定价、政府指导价，对质量无特别要求），根据规定，其淘汰比例应当（ ） 。","A. 不低于 20%，且至少淘汰 1 家 B. 不低于 40%，且至少淘汰 2 家 C. 不低于 30%，且至少淘汰 2 家 D. 无强制淘汰比例要求","A"
"单选题","某开放式框架协议采购项目，供应商乙于 2025年 5月 6 日周二提交加入框架协议的申请，集中采购机构收到申请后，应在（ ）前完成审核并书面通知乙 。","A. 2025 年 5 月 13 日 B. 2025 年 5 月 15 日 C. 2025 年 5 月 10 日 D. 2025 年 5 月 16 日","B"
"单选题","某服务类框架协议采购项目采用封闭式框架协议采购方式，征集人在征集文件中明确采用顺序轮候方式确定第二阶段成交供应商。关于该方式的适用及操作，下列说法正确的是？","A. 该方式仅适用于货物项目，本次采购适用违法。
B. 每个入围供应商在一个轮候期内可多次获得合同授予机会。 C. 合同授予顺序确定后，框架协议有效期内不得调整（清退、补充征集除外）。
D. 无需将合同授予顺序告知入围供应商。","C"
"单选题","某主管预算单位开展开放式框架协议采购，为服务对象提供政府购买服务，已确定统一付费标准，因地域服务便利性要求需接纳所有符合条件的供应商 。供应商丁于 2025 年 8 月 1 日周五提交加入申请，集中采购机构8 月 12 日周二完成审核并通知丁审核通过。根据规定，集中采购机构应最晚于（ ）发布入围结果公告。","A. 2025 年 8 月 14 日 B. 2025 年 8 月 15 日 C. 2025 年 8 月 16 日 D. 2025 年 8 月 19 日","A"
"单选题","某高校封闭式框架协议采购项目（框架协议已约定补充征集规则），框架协议有效期为 1 年，初次征集确定入围供应商 8 家。协议履行 6 个月后，因 3 家供应商被清退，剩余入围供应商为 5 家（占原总数的 62.5%），且已影响框架协议正常执行。关于补充征集的说法，正确的是？","A. 不得补充征集，因框架协议有效期已过半。
B. 可以补充征集，补充征集的淘汰比例可低于初次征集的 20%。 C. 可以补充征集，补充征集的评审方法应与初次征集一致。
D. 需经本级财政部门批准后，方可补充征集。","C"
"多选题","货物项目应当明确货物的技术和商务要求，包括( )等内容","A. 交货期限、交货的地域范围。 B. 功能、性能、材料、结构。 C. 外观、安全、包装。
D. 售后服务。","ABCD"
"多选题","服务项目应当明确服务内容、服务标准、技术保障 、服务人员组成、服务交付或者实施的地域范围，以及( )等","A. 所涉及的服务工作量的计量方式。 B. 所涉及的产品数量。
C. 所涉及的货物的质量标准。 D. 所涉及的服务质量。","AC"
"多选题","某省级集中采购机构作为征集人，拟与入围供应商签订公务车辆维修保养服务框架协议。根据《政府采购框架协议采购方式管理暂行办法》，该封闭式框架协议应当明确资金的（ ）","A. 支付方式。 B. 付费标准。 C. 时间。
D. 条件。","ACD"
"多选题","某征集人拟通过封闭式框架协议采购方式确定征集人所需的评估咨询服务的供应商（属小额零星采 购，集中采购目录外、采购限额标准以上），在第一阶段确定入围供应商时，根据《政府采购框架协议采购方式管理暂行办法》，可采用的评审方法包括（ ）","A. 服务优先法。 B. 时间优先法。 C. 价格优先法。 D. 质量优先法。","CD"
"多选题","某省公共资源交易中心作为征集人，组织开展框架协议采购（属集中采购目录以内小额零星采购），供应商参与响应时需遵循相关规定。根据《政府采购框架协议采购方式管理暂行办法》，供应商响应的（ ）等条件不得低于采购需求，货物原则上应当是市场上已有销售的规格型号，不得是专供政府采购的产品。","A. 货物的技术。 B. 货物的商务。 C. 服务的技术。 D. 服务的商务。","ABCD"
"多选题","某科研院所作为征集人，拟通过框架协议采购一批实验室常用仪器设备（属集中采购目录以内小额零星采购），其中部分仪器耗材使用量大。根据《政府采购框架协议采购方式管理暂行办法》，对耗材使用量大的（ ）等仪器设备进行框架协议采购时，应当要求供应商同时对 3 年以上约定期限内的专用耗材进行报价。","A. 复印设备。 B. 打印设备。 C. 实验仪器。 D. 医疗仪器。","ABCD"
"多选题","某省级公共资源交易中心作为征集人，完成办公设备框架协议采购后，需通过电子化采购系统向适用框架协议的采购人及服务对象告知入围信息。根据 《政府采购框架协议采购方式管理暂行办法》，入围信息应当包括所有入围供应商的（ ）、入围产品信息和协议价格等内容。","A. 注册日期。 B. 联系方式。 C. 名称。
D. 地址。","BCD"
"多选题","某市级机关事务管理局作为征集人，通过封闭式框架协议采购确定了一批办公耗材入围供应商，征集人在第二阶段确定成交供应商时，根据《政府采购框架协议采购方式管理暂行办法》，可采用的方式包括（ ）","A. 直接选定。 B. 间接待定。 C. 二次竞价。 D. 顺序轮候。","ACD"
"多选题","某市教育系统需采购一批教学用投影仪，属于集中采购目录内品目，年度预算总额为5万元，属于小额零星采购。下列不应采用哪种采购方式？","A. 公开招标。 B. 竞争性谈判。
C. 框架协议采购。 D. 单一来源采购。","ABD"
"多选题","某单位采用封闭式框架协议采购办公用品，第一阶段已入围5家供应商。在协议有效期内，若剩余入围供应商不足总数的多少时，不可启动补充征集？","A. 50%。 B. 60%。 C. 70%。 D. 40%。","ABD"
"多选题","关于框架协议采购的电子化要求，下列说法正确的是：（ ）","A. 应当实行电子化采购。
B. 征集文件与入围信息应随时可供查阅。 C. 仅接收纸质流程。
D. 电子档案与纸质档案具有同等效力。","ABD"
"多选题","框架协议采购中，货物项目响应时应注意哪些事项？（ ）","A. 货物应为市场上已有销售的型号。 B. 不得是专供政府采购的产品。
C. 每个采购包只能用一个产品响应。
D. 征集文件有要求时需对耗材进行报价。","ABCD"
"多选题","某主管预算单位在框架协议采购中未按规定将采购方案报财政部门备案，情节严重。根据《政府采购框架协议采购方式管理暂行办法》，财政部门可采取以下哪些处理方式？（ ）","A. 责令限期改正。 B. 给予警告。
C. 对直接负责的主管人员依法给予处分。 D. 予以通报。
E. 处以采购金额千分之五的罚款。","ABCD"
"多选题","根据《政府采购框架协议采购方式管理暂行办法》第五章法律责任规定，下列属于供应商应当被追究法律责任的情形有（ ）","A. 提供虚假材料谋取入围资格。 B. 恶意串通谋取合同成交。
C. 无正当理由拒不接受合同授予。 D. 开放式框架协议下自愿申请退出。 E. 按时提交响应文件但未入围。","ABC"
"多选题","关于开放式框架协议采购，下列说法符合《政府采购框架协议采购方式管理暂行办法》规定的有（ ）","A. 供应商可在框架协议期满前随时申请加入。 B. 第二阶段成交供应商通过直接选定方式确定。 C. 征集人必须与供应商签订书面框架协议。
D. 供应商履行合同后按凭单、订单结算。 E. 入围结果公告无需公开供应商联系方式。","ABD"
"多选题","根据《政府采购框架协议采购方式管理暂行办法》规定，框架协议采购遵循（ ）的原则，应当有明确的采购标的和定价机制，不得采用供应商符合资格条件即入围的方法。","A. 价格择优。 B. 产品择优。 C. 竞争择优。 D. 讲求绩效。","CD"
"多选题","某单位现计划采购一批空调机，由集中采购机构采用封闭式框架协议采购，下列属于集中采购机构职责范围的","A. 征集程序。
B. 订立框架协议。 C. 审核采购方案。 D. 备案采购方案。","AB"
"多选题","框架协议采购需求应当符合以下规定","A. 符合预算标准、资产配置标准等有关规定，厉行节约，可以超标准采购。
B. 货物项目应当明确货物的技术和商务要求，包括功能、性能、材料、结构、外观、安全、包装、交货期限、交货的地域范围、售后服务等。
C. 按照《政府采购品目分类目录》，将采购标的细化到底级品目，并细分不同等次、规格或者标准的采购需求，合理设置采购包。
D. 满足采购人和服务对象实际需要，符合市场供应状况和市场公允标准，在确保功能、性能和必要采购要求的情况下促进竞争。 E. 符合预算标准、资产配置标准等有关规定，厉行节约，不得超标准采购。","BCDE"
"多选题","关于开放式框架协议采购的实施操作，下列说法正确的有（ ）","A. 征集公告发布后至协议期满前，供应商可随时提交加入申请。 B. 征集人收到供应商申请后，应在 7 个工作日内完成审核并书面通知结果。
C. 审核通过后，需在 2 个工作日内发布入围结果公告并动态更新供应商信息。
D. 可申明不与供应商另行签订书面框架协议，发布入围结果公告即视为协议成立。
E. 第二阶段必须通过二次竞价方式确定成交供应商。","ABCD"
"多选题","入围供应商在框架协议履行过程中出现下列情形，征集人可取消其入围资格或解除框架协议的有（ ）","A. 与其他供应商恶意串通谋取合同成交。 B. 提供虚假材料骗取入围资格。
C. 无正当理由拒不接受合同授予。
D. 因产品升级换代，在质量不降低、价格不提高的前提下更换入围产品。
E. 框架协议有效期内，因违法行为被限制参加政府采购活动。","ABCE"
"多选题","某集中采购机构签订封闭式框架协议后，下列后续管理操作中，符合规定的有（ ）","A. 协议签订后7个工作日内，将框架协议副本报本级财政部门备案。
B. 协议签订后3个工作日内，通过电子化采购系统将入围信息告知适用框架协议的所有采购人或者服务对象。
C. 框架协议有效期内，剩余入围供应商为原总数的60%，立即启动补充征集。
D. 建立用户反馈评价机制，并将用户反馈和评价情况向采购人和服务对象公开。
E. 框架协议有效期满后10个工作日内，发布成交结果汇总公告。","ABDE"
"多选题","关于框架协议采购档案管理及公告发布的操作要求，正确的有（ ）","A. 采购档案可采用电子形式保存，与纸质档案具有同等效力。 B. 合同授予的采购文件资料一律由征集人负责保存。
C. 入围结果公告需列明入围供应商名称、地址、入围单价及评审小组成员名单。
D. 开放式框架协议的征集公告需在协议有效期内随时可供公众查阅。","ACD"
"多选题","某集中采购机构开展开放式框架协议采购，采购集中采购目录内的某类货物（因受行政许可限制，供应商数量为 2 家且不宜淘汰），下列操作合规的有 （ ）","A. 征集公告中明确付费标准（即最高限制单价）、履行合同的地域范围及入围供应商清退机制。
B. 供应商在框架协议期满前随时提交加入申请，集中采购机构在收到申请后 10 个工作日内完成审核并书面通知。
C. 审核通过后 3 个工作日内发布入围结果公告，动态更新入围供应商信息。
D. 第二阶段由采购人从入围供应商中直接选定成交供应商，供应商履行合同后依据框架协议约定的凭单、订单和结算方式与采购人结算。","AD"
"多选题","某采购人在与入围供应商合作过程中，发现部分供应商存在违规情形。根据《政府采购框架协议采购方式管理暂行办法》，下列哪些情形会导致供应商被取消入围资格（尚未签订框架协议）或解除框架协议（已签订框架协议）（ ）","A. 甲供应商因突发不可抗力，无法满足合同约定的供货时间，明确表示不接受本次合同授予。
B. 乙供应商与其他入围供应商私下协商统一报价，共同谋取框架协议入围资格。
C. 丙供应商在响应文件中提供虚假的检测报告，骗取成交机会。 D. 丁供应商无正当理由拒绝接受采购人依据框架协议约定授予的合同。","BCD"
"多选题","关于开放式框架协议采购，下列说法正确的有？（ ）","A. 征集公告发布后至框架协议期满前，供应商可以按照征集公告要求，随时提交加入框架协议的申请。
B. 适用于所有集中采购目录以外的小额零星采购。 C. 第二阶段成交供应商只能通过二次竞价方式确定。
D. 征集人应在收到供应商加入申请后7个工作日内完成审核。","AD"
"多选题","某省级公共资源交易中心作为征集人，拟开展开放式框架协议采购。在起草征集公告时，以下哪些内容必须依法载明？（ ）","A. 供应商的资格条件。
B. 付费标准，费用结算及支付方式。
C. 是否与入围供应商另行签订书面框架协议。
D. 第二阶段确定成交供应商必须采用二次竞价方式。 E. 入围供应商的清退和补充规则。","ABCE"
"多选题","符合下列情形之一的，可以采用框架协议采购方式采购","A. 集中采购目录以外品目，以及与之配套的必要耗材、配件等，属于小额零星采购的。
B. 集中采购目录以外，采购限额标准以上，本部门、本系统行政管理所需的法律、评估、会计、审计等鉴证咨询服务，属于小额零星采购的，且需求可归集形成单一项目的。
C. 集中采购目录以外，采购限额标准以上，为本部门、本系统以外的服务对象提供服务的政府购买服务项目，需要确定2家以上供应商由服务对象自主选择的。
D. 国务院财政部门规定的其他情形。","CD"
"多选题","某省级集中采购机构拟采用框架协议采购方式采购集中采购目录内的小额零星办公设备，下列关于采购实施主体及程序的说法，正确的有（ ）","A. 应由该集中采购机构负责征集程序和订立框架协议。 B. 采购前需拟定采购方案，报本级财政部门审核后实施。
C. 若供应商数量仅2家且不宜淘汰，可采用开放式框架协议采购
。
D. 框架协议有效期最长不得超过2年。 E. 必须采用封闭式框架协议采购形式。","ABE"
"多选题","主管预算单位拟对本系统所需的审计鉴证咨询服务 （小额零星采购，集中采购目录外、采购限额标准以上）实施框架协议采购，下列关于采购需求确定的操作中，符合规定的有（ ）","A. 采购需求在框架协议有效期内可根据实际情况适当调整。
B. 开展需求调查时，选取的采购人、供应商调查对象各不少于 3 个。
C. 按照《政府采购品目分类目录》将采购标的细化到底级品目。 D. 明确服务内容、服务标准及服务工作量的计量方式
E. 直接以供应商符合资格条件即确定入围，简化评审流程。","BCD"
"多选题","某封闭式框架协议采购项目进入第二阶段，采购人确定成交供应商的操作中，合法的有（ ）","A. 依据入围产品价格、质量及用户评价，直接选定成交供应商。 B. 对符合竞价需求的入围供应商组织二次竞价，确定报价最低者成交。
C. 按照征集文件约定的轮候顺序，依次向入围供应商授予合同。 D. 发现非入围供应商报价更低且入围供应商不同意降价，直接与非入围供应商签订合同。
E. 自行改变框架协议约定的合同实质性条款，与成交供应商签订采购合同。","ABC"
"多选题","供应商参与封闭式框架协议采购的响应文件编制及评审相关操作，符合规定的有（ ）","A. 响应文件中列明的货物技术条件不低于采购需求，且为市场已有销售型号。
B. 货物项目每个采购包用 2 个不同规格产品进行响应，提高入围概率。
C. 对复印设备采购项目，同时填报 3 年专用耗材报价，供评审时考虑使用成本。
D. 评审采用价格优先法时，响应报价不超过最高限制单价即直接入围。
E. 质量优先法评审中，将服务经验作为可量化指标划分等次进行
评分。","ACE"
"多选题","某主管预算单位拟对为本系统外服务对象提供的政务咨询服务（集中采购目录外、采购限额标准以 上）实施框架协议采购，且需供服务对象自主选择供应商，下列操作符合《政府采购框架协议采购方式管理暂行办法》规定的有（ ）","A. 因需服务对象自主选择，确定采用开放式框架协议采购形式。 B. 采购需求调查时，选取 3 家代表性服务对象、3 家潜在供应商参与调研。
C. 供应商提交加入申请后，主管预算单位在 10 个工作日内完成审核并书面通知结果。
D. 第二阶段由服务对象依据入围供应商的服务便利性、用户评价直接选定成交供应商。
E. 框架协议有效期设定为 3 年，确保服务连续性。","ABD"
"多选题","某集中采购机构采用质量优先法对检测仪器设备进行框架协议采购，下列评审及入围操作合规的有（ ）","A. 评审指标中，将仪器的检测精度、稳定性等可量化指标划分 3 个等次作为评分项。
B. 把供应商必须具备的计量认证资质作为实质性要求，不纳入评分。
C. 参与响应且符合条件的供应商共 5 家，按规定淘汰 2 家（淘汰比例 40%）。
D. 因某供应商报价略高于最高限制单价，但承诺免费提供 3 年维保，仍将其纳入入围名单。","ABC"
"判断题","框架协议采购最高限制单价是供应商第二阶段响应报价的最高限价","A. 正确 B. 错误","B"
"判断题","入围供应商只能委托一家代理商，按照框架协议约定接受采购人合同授予，并履行采购合同","A. 正确 B. 错误","B"
"判断题","采用质量优先法的检测、实验等仪器设备采购，淘汰比例不得低于40%，且至少淘汰一家供应商","A. 正确 B. 错误","A"
"判断题","供应商响应的货物和服务的技术、商务等条件不得低于采购需求，货物原则上应当是专供政府采购的产品","A. 正确 B. 错误","B"
"判断题","征集人应当在审核通过后3个工作内，发布入围结果公告，公告入围供应商名称、地址、联系方式及付费标准，并动态更新入围供应商信息","A. 正确 B. 错误","B"
"判断题","框架协议采购进行二次竞价应当给予供应商必要的响应时间","A. 正确 B. 错误","A"
"判断题","根据《政府采购框架协议采购方式管理暂行办法》规定，框架协议采购遵循竞争择优、讲求绩效的原则，应当有明确的采购标的和定价机制，不得采用供应商符合资格条件即入围的方法。","A. 正确 B. 错误","A"
"判断题","某市直机关需常年采购办公用打印纸（属于集中采购目录内品目），采购量小且每月分批采购。该机关直接采用框架协议采购方式，通过公开征集确定3家入围供应商。","A. 正确 B. 错误","A"
"判断题","某教育局为下属学校统一征集课桌椅供应商，通过价格优先法公开征集确定5家入围供应商并在征集文件中载明采用二次竞价方式确定第二阶段成交供应商。某学校采购时，直接选择报价最低的供应商签订合同。","A. 正确 B. 错误","B"
"判断题","某医院计划采购零星医用耗材，在框架协议供应商征集公告中注明 “仅限本市注册的医疗器械公司参与”。","A. 正确 B. 错误","B"
"判断题","供应商在框架协议期满前随时提交加入申请，集中采购机构在收到申请后10个工作日内完成审核并书面通知。","A. 正确 B. 错误","B"
"判断题","某集中采购机构就货物类项目开展封闭式框架协议采购，为方便供应商投标，允许供应商对同一个采购包用 A、B 两款不同型号的产品进行响应，且两款产品均符合采购需求。","A. 正确 B. 错误","B"
"判断题","某主管预算单位就一项服务类项目开展封闭式框架协议采购，框架协议期限定为3年，且未向财政部门申请批准。","A. 正确 B. 错误","B"
"判断题","某采购人在框架协议采购第二阶段，因急需完成采购任务，未按照框架协议约定的二次竞价规则，而是直接指定了一家入围供应商作为成交供应商。","A. 正确 B. 错误","B"
"判断题","征集人补充征集供应商的，补充征集规则应当在框架协议中约定，补充征集的条件、程序、评审方法和淘汰比例应当与初次征集相同","A. 正确 B. 错误","A"
"判断题","集中采购机构或者主管预算单位应当在入围通知书发出之日起30日内和入围供应商签订框架协议，并在框架协议签订后7个工作日内，将框架协议副本报本级财政部门备案","A. 正确 B. 错误","A"
"判断题","开放式框架协议采购，供应商可以随时提交加入框架协议的申请。","A. 正确 B. 错误","A"
"判断题","某开放式框架协议采购项目，供应商A于2025年5月7日周三提交加入框架协议的申请，集中采购机构收到申请后，在2025年5月17日周六前完成审核并书面通知入围供应商A。","A. 正确 B. 错误","B"
"判断题","某集中采购机构采用框架协议采购方式采购通用设备，通过公开征集确定15家入围供应商（均满足资格条件）并在征集文件中载明采用二次竞价方式确定第二阶段成交供应商。因采购需求紧急，采购单位直接从入围供应商中选择报价最低的3家签订采购合同，未履行二次竞价程序，该做法符合《办法》规定。","A. 正确 B. 错误","B"
"判断题","某高校就一批通用办公设备（无政府定价、政府指导价）开展封闭式框架协议采购，因对设备稳定性有较高要求，采用质量优先法确定入围供应商，淘汰率设置为15%","A. 正确 B. 错误","B"
"判断题","入围供应商在框架协议履行过程中因产品升级换 代，在质量不降低、价格不提高的前提下更换入围产品","A. 正确 B. 错误","A"
"判断题","封闭式框架协议采购项目，征集文件中未载明采用二次竞价或者顺序轮候方式，某采购人在第二阶 段，依据入围产品价格、质量及服务便利性、用户评价等因素，从第一阶段入围供应商直接确定成交供应商","A. 正确 B. 错误","A"
"判断题","某采购人在与入围供应商合作过程中，丙供应商与其他入围供应商私下协商统一报价，共同谋取框架协议入围资格，取消其入围资格。","A. 正确 B. 错误","A"
"判断题","某集中采购机构签订封闭式框架协议后，框架协议有效期内，剩余入围供应商为原总数的60%，立即启动补充征集","A. 正确 B. 错误","B"
"判断题","某框架协议采购第二阶段，采购人发现入围供应商提供的产品型号与框架协议约定一致，但拟签订的交货期比协议约定延长了3天，供应商承诺承担逾期违约金，采购人遂直接与该供应商签订成交合同。","A. 正确 B. 错误","B"
"判断题","框架协议采购需求应当符合预算标准、资产配置标准等有关规定，厉行节约，可以超标准采购。","A. 正确 B. 错误","B"
"判断题","某集中采购机构采用质量优先法对检测仪器设备进行框架协议采购，因某供应商报价略高于最高限制单价，但承诺免费提供5年维保，仍将其纳入入围名单。","A. 正确 B. 错误","B"
"判断题","某市级集中采购机构就通用办公设备开展封闭式框架协议采购，征集文件中规定采用质量优先法确定入围供应商，且未设置淘汰比例，仅明确入围供应商数量上限为 10 家。最终有 12 家供应商响应，均满足采购需求且报价未超最高限制单价，采购机构将 12 家供应商全部确定为入围供应商。","A. 正确 B. 错误","B"
"判断题","某主管预算单位，就校内空调机实施开放式框架协议采购，明确了空调机采购需求和统一付费标准。协议履行期间，因空调机价格大幅下跌，采购方面提高了采购需求，并要求已入围供应商必须接受新采购需求，否则取消其协议资格。","A. 正确 B. 错误","B"
"判断题","某封闭式框架协议采购项目中，入围供应商甲公司因自身业务调整，无正当理由主动向征集人申请退出框架协议，征集人考虑到甲公司退出不会影响项目实施，便同意了其退出申请，并书面通知了其他入围供应商。","A. 正确 B. 错误","B"
"判断题","某中央预算单位需多频次采购单笔金额80万元的办公用计算机（属于集中采购目录内品目），该采购活动适用的采购方式应为框架协议采购，主导主体应为集中采购机构。","A. 正确 B. 错误","A"
"判断题","某开放式框架协议采购项目，征集人在征集公告中申明不再与供应商另行签订书面框架协议。供应商丙的申请审核通过后，征集人完成审核之日视为双方签订框架协议。","A. 正确 B. 错误","B"
"判断题","某县教育局作为征集人，就全县中小学教辅材料采购开展封闭式框架协议采购，第一阶段入围10家供应商。协议履行期间，因新增乡村学校采购需求，征集人启动补充征集程序，补充征集的供应商仅限本县内企业，最终新增2家本地供应商入围。","A. 正确 B. 错误","B"
"单选题","根据《政府采购评审专家管理办法》（财库〔2016〕198号），评审专家实行的管理原则不包括以下哪项（ ）","A. 统一标准 B. 管用分离 C. 随机抽取 D. 固定指派","D"
"单选题","根据《政府采购评审专家管理办法》（财库〔2016〕198号），财政部负责建设管理的是哪一级评审专家库（ ）","A. 省级 B. 市级 C. 国家 D. 县级","C"
"单选题","根据《政府采购评审专家管理办法》（财库〔2016〕198号），评审专家选聘的方式不包括以下哪种（ ）","A. 公开征集 B. 单位推荐 C. 自我推荐 D. 内部指定","D"
"单选题","根据《政府采购评审专家管理办法》（财库〔2016〕198号），评审专家下列情形不属于不良行为记录（）","A. 未按照采购文件规定的评审程序、评审方法和评审标准进行独立评审
B. 泄露评审文件、评审情况
C. 收受采购人、采购代理机构、供应商贿赂或者获取其他不正当利益
D. 履行配合答复供应商询问、质疑、投诉","D"
"单选题","根据《政府采购评审专家管理办法》（财库〔2016〕198号），某政府采购询价采购中，其中询价小组由随机抽取的专家甲 、乙、采购人代表丙组成，采购人委派现场监督代表丁，采购人需求部门代表戊 （到场未进入评审现场），下列哪些人员可以获取评审劳务报酬（）","A. 甲 B. 丙 C. 丁 D. 戊","A"
"单选题","根据《政府采购评审专家管理办法》（财库〔2016〕198号），评审专家申请成为评审专家时，需提供的材料不包括以下哪项（ ）","A. 个人简历、申请书和承诺书 B. 学历学位证书
C. 家庭财产证明
D. 身份证明有效证件","C"
"单选题","根据《政府采购评审专家管理办法》（财库〔2016〕198号），除采用竞争性谈判 、竞争性磋商方式采购，以及异地评审的项目外，采购人或者采购代理机构抽取评审专家的开始时间原则上不得早于评审活动开始前多少个工作日（）","A. 2 个 B. 3 个 C. 5 个 D. 7 个","A"
"单选题","根据《政府采购评审专家管理办法》（财库〔2016〕198号），评审专家名单应在何时公开（ ）","A. 评审活动开始前 B. 评审活动进行中 C. 评审结果公告时 D. 任意时间","C"
"单选题","根据《政府采购评审专家管理办法》（财库〔2016〕198号），集中采购目录内的项目，评审专家劳务报酬由谁支付（ ）","A. 采购人
B. 采购代理机构 C. 集中采购机构 D. 财政部门","C"
"单选题","根据《政府采购评审专家管理办法》（财库〔2016〕198号），财政部门工作人员在评审专家管理工作中滥用职权的，应依据以下哪部法律追究责任（ ）","A. 《政府采购法》 B. 《民法典》
C. 《公司法》
D. 《环境保护法》","A"
"单选题","根据《政府采购评审专家管理办法》（财库〔2016〕198号），申请人赵某申请成为评审专家，其申报的评审专业依据（ ）确定符合文件规定。","A. 采购人指定的专业 B. 本人职称对应专业 C. 财政部门推荐的专业 D. 热门专业","B"
"单选题","根据《政府采购评审专家管理办法》（财库〔2016〕198号），技术复杂、专业性强的采购项目，难以通过随机方式确定评审专家的，经主管预算单位同意后，采购人选定评审专家的优先原则是（ ）","A. 优先选择本单位内部专家 B. 优先选择本单位以外专家 C. 优先选择本地专家
D. 优先选择外地专家","B"
"单选题","根据《政府采购评审专家管理办法》（财库〔2016〕198号），评审专家与供应商的法定代表人存在三代以内旁系血亲关 系，其正确做法是（ ）","A. 无需回避，正常参与评审 B. 主动提出回避
C. 仅需告知采购人即可 D. 隐瞒关系继续评审","B"
"单选题","根据《政府采购评审专家管理办法》（财库〔2016〕198号），评审专家对评审报告有异议但未签署不同意见和理由，视为 （ ）","A. 反对评审报告 B. 同意评审报告 C. 保留意见
D. 无效评审","B"
"单选题","根据《政府采购评审专家管理办法》（财库〔2016〕198号），省级人民政府财政部门制定本地区评审专家劳务报酬标准，中央预算单位应如何执行（ ）","A. 执行中央统一标准
B. 参照所在地或评审活动所在地标准 C. 自行制定标准
D. 无需支付劳务报酬","B"
"单选题","根据《政府采购评审专家管理办法》（财库〔2016〕198号），评审专家未完成评审工作擅自离开评审现场，其劳务报酬的处理方式是（ ）","A. 全额支付 B. 支付50% C. 不予支付 D. 支付80%","C"
"单选题","根据《政府采购评审专家管理办法》（财库〔2016〕198号），评审专家张某的工作单位发生变更，其应履行的义务是（ ）","A. 在变更后15个工作日内向市级财政部门申请变更信息
B. 在下次参与评审时告知采购人变更情况 C. 及时向相关省级以上人民政府财政部门申请变更信息
D. 重新提交完整申请材料重新选聘入库","C"
"单选题","根据《政府采购评审专家管理办法》（财库〔2016〕198号），某评审项目中，2名专家因回避导致评审现场专家数量不足，采购人的正确处理方式是（ ）","A. 由剩余专家继续评审
B. 及时补抽评审专家或依规定自行选定补足 C. 终止项目采购
D. 延期10个工作日再评审","B"
"单选题","根据《政府采购评审专家管理办法》（财库〔2016〕198号），关于评审专家名单 保密与公告的要求，下列说法正确的是（ ）","A. 评审结果公示后10个工作日内公告评审专家名单
B. 自行选定的评审专家名单无需公告
C. 评审结果公告前需对所有评审专家名单保密
D. 审计部门工作人员可查询未公告的评审专家名单","C"
"单选题","根据《政府采购评审专家管理办法》（财库〔2016〕198号），评审专家参加异地评审，其城市间交通费可参照的报销依据是（ ）","A. 评审专家自行选定的交通方式对应的费用标准
B. 参照采购人执行的差旅费管理办法相应标准
C. 按省级财政部门制定的固定标准报销 D. 实报实销","B"
"多选题","根据《政府采购评审专家管理办法》（财库〔2016〕198号），评审专家管理原则包括以下哪几项（）","A. 随机抽取 B. 管用分离 C. 统一标准 D. 异地抽取","ABC"
"多选题","根据《政府采购评审专家管理办法》（财库〔2016〕198号），评审专家选聘的方式包括以下哪几种（ ）","A. 公开征集 B. 单位推荐 C. 自我推荐 D. 内部指定","ABC"
"多选题","根据《政府采购评审专家管理办法》（财库〔2016〕198号），评审专家申请加入评审专家库，应当具备的基本条件包括 （）","A. 具有良好的职业道德，廉洁自律，遵纪守法
B. 具有中级专业技术职称或同等专业水平 C. 熟悉政府采购相关法律法规和政策
D. 从事相关领域工作满 8 年","ABCD"
"多选题","根据《政府采购评审专家管理办法》（财库〔2016〕198号），申请成为评审专家的人员，需提供的材料包括以下哪些（ ）","A. 证明本人身份的有效证件
B. 学历学位证书、专业技术职称证书 C. 家庭财产证明
D. 本人认为需要申请回避的信息","ABD"
"多选题","根据《政府采购评审专家管理办法》（财库〔2016〕198号），评审专家信息发生下列变化，应及时申请变更的有（）","A. 工作单位变更 B. 联系方式变更
C. 专业技术职称晋升 D. 需要回避的信息变化","ABCD"
"多选题","根据《政府采购评审专家管理办法》（财库〔2016〕198号），除采用竞争性谈判 、竞争性磋商方式采购,以及异地评审的项目外,采购人或者采购代理机构抽取评审专家的开始时间那几个是符合规定的 （）","A. 评审活动开始前3个工作日 B. 评审活动开始前2个工作日 C. 评审活动开始前1个工作日 D. 评审活动结束后","BC"
"多选题","根据《政府采购评审专家管理办法》（财库〔2016〕198号），属于采购人或采购代理机构应该完成的工作包括（ ）","A. 宣布评审工作纪律
B. 将评审纪律书面文件纳入采购文件存档 C. 提前告知专家评审结果
D. 把采购人的采购意向告知评审专家","AB"
"多选题","根据《政府采购评审专家管理办法》（财库〔2016〕198号），评标专家与参加采购活动的供应商存在下列哪些（）利害关系，应当主动回避","A. 参加采购活动前三年内,与供应商存在劳动关系
B. 参加采购活动前三年内，担任过供应商的董事、监事
C. 与供应商的法定代表人或者负责人有夫妻
、直系血亲关系
D. 与供应商有其他可能影响政府采购活动公平、公正进行的关系","ABCD"
"多选题","根据《政府采购评审专家管理办法》（财库〔2016〕198号），评审专家在政府采购评审活动中，应当履行下列义务（）","A. 客观、公正、廉洁地履行评审职责
B. 按照评审文件规定的评审标准和方法进行评审
C. 对评审过程和结果保密
D. 配合答复供应商的询问、质疑和投诉等事项","ABCD"
"多选题","根据《政府采购评审专家管理办法》（财库〔2016〕198号），评审专家不得获取劳务报酬的情形包括（）","A. 未完成评审擅自离开现场 B. 评审中有违法违规行为
C. 按时完成评审且无违规行为 D. 仅参与评审预备会议","AB"
"多选题","根据《政府采购评审专家管理办法》（财库〔2016〕198号），有下列哪些情形 的，经主管预算单位同意，可以不随机抽取评审专家（）","A. 技术复杂的采购项目,通过随机方式难以确定合适评审专家的
B. 专业性强的采购项目,通过随机方式难以确定合适评审专家的
C. 采购标的涉及投标人商业秘密，需要限定专家范围的
D. 紧急采购项目，无法按常规程序抽取专家的","AB"
"多选题","根据《政府采购评审专家管理办法》（财库〔2016〕198号），评审专家在评审过程中，发现采购文件存在歧义、重大缺陷导致评审无法进行的，错误的做法有（）","A. 停止评审并向采购人或者采购代理机构书面说明情况
B. 征求采购人意见，根据采购人意见继续评审
C. 自行修改采购文件后继续评审 D. 与供应商协商解决后继续评审","BCD"
"多选题","评审专家对评审报告内容提出异议。根据 《政府采购评审专家管理办法》（财库〔 2016〕198号），第十九条规定，下列关于评审专家行为的表述，哪些情形符合规定（）","A. 专家1对评审报告内容有异议，在报告上签署不同意见并详细写明理由签字
B. 专家2对评审报告内容有异议，但未在报告上签署任何意见，视为同意评审报告
C. 专家3因评审结论与自己的意见相悖，直接拒绝在评审报告上签字离场
D. 专家4按照少数服从多数的原则作出的最终认定结论与自己的意见相悖，按照自己意见打分，并在评审报告上签署不同意见说明理由","AB"
"多选题","根据《政府采购评审专家管理办法》（财库〔2016〕198号），关于评审专家名单管理，下列操作符合规定的有（）","A. 评审结果公告前，代理机构对评审专家名单严格保密
B. 评审活动结束后，随中标结果一并公告评审专家名单
C. 对自行选定的评审专家，在公告名单时予以标注
D. 评审前，采购人向供应商透露部分评审专
家姓名","ABC"
"多选题","根据《政府采购评审专家管理办法》（财库〔2016〕198号），关于评审专家劳务报酬支付，下列表述符合规定的有（）","A. 集中采购目录内的项目，由集中采购机构支付劳务报酬
B. 集中采购目录外的项目，由采购代理机构支付劳务报酬
C. 劳务报酬标准由省级财政部门制定
D. 中央预算单位项目按照财政部标准支付劳务报酬标准","AC"
"多选题","根据《政府采购评审专家管理办法》（财库〔2016〕198号），评审专家参加异地评审可报销的费用包括（）","A. 城市间交通费 B. 住宿费
C. 误工费
D. 市内交通费","AB"
"多选题","根据《政府采购评审专家管理办法》（财库〔2016〕198号），福建省某政府采购评审专家库中的专家陈某，近期出现下列情形，财政部门应当将其从评审专家库中解聘的有（）","A. 陈某因身体原因，无法正常参与评审工作，主动提交退出专家库的书面申请
B. 陈某因家庭原因，出国三个月看望家人 C. 陈某受到刑事处罚
D. 陈某拒绝配合答复供应商针对评审结果的质疑","ACD"
"多选题","某政府采购代理机构组织医疗设备采购项目评审，评审专家李某在评审过程中，对评审报告中的供应商得分统计提出异议，与其他专家无法达成一致。关于李某的行为及后续处理，符合规定的有（）","A. 李某拒绝在评审报告上签字，且未注明任何异议理由
B. 李某在评审报告上签字确认，同时书面注明自己的不同意见及理由，提交至采购人和代理机构
C. 李某因异议未被采纳，现场擅自离场，未完成全部评审工作
D. 李某在评审报告上签字，同时在报告备注栏标注异议内容，继续配合完成后续评审工作","BD"
"多选题","与《政府采购评审专家管理办法》（财库 〔2016〕198号）相比，《福建省政府采购评审专家管理办法》（闽财规〔2025〕 17号）在评标专家回避中进一步明确了哪些情形（ ）","A. 除文件规定情形外,评审专家对本单位的政府采购项目只能作为采购人代表参与评审活动
。
B. 各级财政部门政府采购监督管理工作人员,不得作为评审专家参与政府采购项目的评审活动。
C. 采购人及其预算主管部门的人员，不得作为评审专家参与本部门本单位或被管理预算单位政府采购项目的评审活动。
D. 除文件规定采购人可以自行选定相应专业领域的评审专家外，同一采购项目不得有两个或两个以上来自同一法人单位的评审专家。","CD"
"多选题","根据《政府采购评审专家管理办法》（财库〔2016〕198号），关于评审专家管理的特殊规定，下列表述符合规定的有（）","A. 采购人代表参与评审，管理参照本办法执行
B. 采购人委派纪检监察等相关人员进入评审现场，相关人员管理按照本办法执行
C. 国家对评审专家抽取有特殊规定的，从其规定
D. 省级财政部门可对自行选定专家的程序作出另行规定,从其规定。","ACD"
"判断题","根据《政府采购评审专家管理办法》（财库〔2016〕198号），评审专家是指经省级以上人民政府财政部门选聘,以独立身份参加政府采购评审,纳入评审专家库管理的人员。评审专家选聘、解聘、抽取、使用、监督管理适用本办法。","A. 正确 B. 错误","A"
"判断题","根据《政府采购评审专家管理办法》（财库〔2016〕198号），财政部负责制定全国统一的评审专家专业分类标准和评审专家库建设标准,建设管理国家评审专家库 。","A. 正确 B. 错误","A"
"判断题","根据《政府采购评审专家管理办法》（财库〔2016〕198号），评审专家的选聘必须采用公开征集的方式。","A. 正确 B. 错误","B"
"判断题","根据《政府采购评审专家管理办法》（财库〔2016〕198号），自行选定评审专家的,应当优先选择本单位以外的评审专家。","A. 正确 B. 错误","A"
"判断题","参加采购活动前一年内,评审专家与参加采购活动的供应商存在劳动关系,或者担任过供应商的董事、监事,或者是供应商的控股股东或实际控制人应当回避。","A. 正确 B. 错误","A"
"判断题","根据《政府采购评审专家管理办法》（财库〔2016〕198号），各级财政部门政府采购监督管理工作人员,不得作为评审专家参与政府采购项目的评审活动。","A. 正确 B. 错误","A"
"判断题","根据《政府采购评审专家管理办法》（财库〔2016〕198号），评审专家发现本人与参加采购活动的供应商有利害关系的,应当主动提出回避。采购人或者采购代理机构发现评审专家与参加采购活动的供应商有利害关系的,可以视情况要求其回避。","A. 正确 B. 错误","B"
"判断题","根据《政府采购评审专家管理办法》（财库〔2016〕198号），评审专家应当严格遵守评审工作纪律,按照客观、公正、审慎的原则,根据采购文件规定的评审程序 、评审方法和评审标准进行独立评审。","A. 正确 B. 错误","A"
"判断题","根据《政府采购评审专家管理办法》（财库〔2016〕198号），所有政府采购项目 评审专家的劳务报酬标准由采购人支付。","A. 正确 B. 错误","B"
"判断题","根据《政府采购评审专家管理办法》（财库〔2016〕198号），市级人民政府财政部门应当根据实际情况,制定本地区评审专家劳务报酬标准","A. 正确 B. 错误","B"
"判断题","根据《政府采购评审专家管理办法》（财库〔2016〕198号），评审专家工作单位 、联系方式、专业技术职称、需要回避的信息等发生变化的,应当及时向相关省级以上人民政府发改部门申请变更相关信息 。","A. 正确 B. 错误","B"
"判断题","根据《政府采购评审专家管理办法》（财库〔2016〕198号），出现评审专家缺席 、回避等情形导致评审现场专家数量不符合规定的,采购人或者采购代理机构应当及时补抽评审专家,或者经省级以上人民政府发改部门同意自行选定补足评审专家 。","A. 正确 B. 错误","B"
"判断题","某项目评标过程中，参与采购活动的供应商负责人为该项目一名评审专家的亲堂 哥，因该情形未构成评审专家与供应商法定代表人之间的利害关系，该评审专家无需回避。","A. 正确 B. 错误","B"
"判断题","根据《政府采购评审专家管理办法》（财库〔2016〕198号），某远程异地项目结果公告发布后，收到供应商对评审结果的质疑，采购代理机构要求评审专家一起协助处理质疑事项，评审专家以距离较远为由无法配合协助是合理的。","A. 正确 B. 错误","B"
"判断题","某项目评审结束，处于评审结果确认期 间，评审专家对外告知该项目评审专家名单的行为是合理，因为项目评审工作已完成。","A. 正确 B. 错误","B"
"判断题","某医院采购项目技术复杂、专业性强，通过随机方式难以确定合适评审专家的，采购人出具本单位盖章确认以上情况后，可以自行选定相应专业领域的评审专家。","A. 正确 B. 错误","B"
"判断题","某项目评审专家接受某项目未中标供应商的200元的礼品，因金额比较小，且供应商并未中标，所以不需要承担处罚。","A. 正确 B. 错误","B"
"判断题","某项目中标结果发布后，有未中标的投标人通过公告和其他公开渠道认识了该项目的评审专家张某。该评审专家张某出于好心提醒了该投标人其投标文件中出错以及和中标人有差距的地方，但拒绝了该投标人送的茶叶。上述行为不属于不良行为。","A. 正确 B. 错误","B"
"判断题","某项目中标结果发布后，有投标人认为评标委员会评审有误，对评审结果提出质疑 。某评审专家提出按照评审专家劳务报酬标准支付误工费，采购人无法支付，该专家拒绝协助配合答复供应商质疑。","A. 正确 B. 错误","B"
"判断题","某评审专家接受某供应商邀请进行授课，向供应商投标人员教授防止被认定串通投标的注意事项。","A. 正确 B. 错误","B"
"单选题","政府采购供应商提出质疑和投诉应当坚持依法依规 、（）。","A. 诚实信用原则 B. 公平竞争原则 C. 公开透明原则 D. 公正原则","A"
"单选题","政府采购质疑答复和投诉处理应当坚持依法依规、权责对等、公平公正、( )。","A. 简便高效原则 B. 诚实信用原则 C. 公平竞争原则 D. 公开透明原则","A"
"单选题","供应商投诉按照采购人所属预算级次，由( )处理。","A. 本级财政部门 B. 本级预算部门 C. 本级纪检部门 D. 所有选项都不对","A"
"单选题","跨区域联合采购项目的投诉由谁受理（）","A. 采购人所属预算级次相同的由资金比例高的所属部门财政部门 B. 采购人所属预算级次相同的，由采购文件事先约定的财政部门负责处理
C. 由部门预算级次最高的财政部门负责处理 D. 由最先收到投诉的预算主管部门负责处理","B"
"单选题","采购代理机构应当在采购文件中载明接收质疑函的方式、（）、联系电话和通讯地址等信息。","A. 联系部门 B. 采购人联系方式 C. 采购办联系方式 D. 所有选项都不对","A"
"单选题","供应商可以委托代理人进行质疑和投诉。其授权委托书应当载明代理人的姓名或者名称、代理事项、具体权限、（）和相关事项。","A. 期限 B. 日期
C. 报名材料 D. 法人姓名","A"
"单选题","代理人提出质疑和投诉，应当提交供应商( )。","A. 签署的授权委托书 B. 公司授权书
C. 营业执照
D. 法定代表人身份证","A"
"单选题","以联合体形式参加政府采购活动的，其投诉应当由组成联合体的( )。","A. 所有供应商共同提出 B. 牵头方提出
C. 主要成员提出 D. 任意一方提出","A"
"单选题","供应商认为采购文件、采购过程、中标或者成交结果使自己的权益受到损害的，可以在知道或者应知其权益受到损害之日起（）内，以书面形式向采购人、采购代理机构提出质疑。","A. 7个工作日 B. 7日内
C. 5个工作日 D. 5日内","A"
"单选题","采购文件（）要求供应商在法定质疑期内一次性提出针对同一采购程序环节的质疑。","A. 可以 B. 应当 C. 必须 D. 适当","A"
"单选题","潜在供应商已依法获取其可质疑的采购文件的，可以对该文件提出质疑。对采购文件提出质疑的，应当在获取采购文件或者采购文件公告期限届满之日起（）内提出。","A. 7个工作日 B. 7日内
C. 5个工作日 D. 5日内","A"
"单选题","供应商提出质疑应当提交质疑函和必要的证明材料 。质疑函不包括内容：（）","A. 质疑项目的名称、编号； B. 事实依据；
C. 提出质疑的日期； D. 保证金凭证；","D"
"单选题","某项目2025年12月1日(周一）下午下班前发布的结果公告，供应商对结果提出质疑，以下哪个日期供应商提出质疑依然在受理时间内。（）","A. 2025年12月10日 B. 2025年12月16日 C. 2025年12月22日 D. 2025年12月31日","A"
"单选题","质疑答复不包括内容：（）","A. 收到质疑函的日期 B. 质疑项目名称及编号 C. 质疑答复人名称
D. 联系人","D"
"单选题","质疑供应商对采购人、采购代理机构的答复不满 意，或者采购人、采购代理机构未在规定时间内作出答复的，可以在答复期满后（）内向本办法第六条规定的财政部门提起投诉。","A. 7个工作日 B. 7日内
C. 15个工作日 D. 15日内","C"
"单选题","投诉书不包括内容：（）","A. 质疑和质疑答复情况说明及相关证明材料 B. 事实依据；
C. 提起投诉的日期； D. 报名凭证；","D"
"单选题","某项目供应商向财政部门提出投诉，以下什么原因财政部门可以不受理或者书面告知其投诉不合法： （）","A. 提起投诉前未依法进行质疑； B. 投诉书内容符合本办法的规定； C. 在投诉有效期限内提起投诉；
D. 同一投诉事项未经财政部门投诉处理；","A"
"单选题","财政部门2025年12月12日（周五）收到投诉书后，应当在（）之前进行审查；","A. 2025年12月19日 B. 2025年12月20日 C. 2025年12月21日 D. 2025年12月22日","A"
"单选题","财政部门在2025年11月3日（周一）收到项目投诉书后发现投诉书不符合法律规定应在（）之前书面告知投诉人不予受理，并说明理由。","A. 2025年11月6日 B. 2025年11月7日 C. 2025年11月8日 D. 2025年11月9日","A"
"单选题","投诉不属于本部门管辖的，应当在（）内书面告知投诉人向有管辖权的部门提起投诉。","A. 3个工作日 B. 3日内
C. 5个工作日 D. 5日内","A"
"单选题","被投诉人和其他与投诉事项有关的当事人应当在收到投诉答复通知书及投诉书副本之日起（）内，以书面形式向财政部门作出说明，并提交相关证据、依据和其他有关材料。","A. 3个工作日 B. 3日内
C. 5个工作日 D. 5日内","C"
"单选题","财政部门应当自收到投诉之日起（）内，对投诉事项作出处理决定。","A. 30个工作日 B. 30日内
C. 15个工作日 D. 15日内","A"
"单选题","投诉处理过程中，有下列情形之一的，财政部门应当驳回投诉（）","A. 受理后发现投诉不符合法定受理条件； B. 投诉人提供真实材料；
C. 投诉事项事实依据完整，投诉事项成立； D. 投诉人以合法取得的证明材料。","A"
"单选题","经认定成立的投诉事项不影响采购结果的，（）采购活动；","A. 继续开展 B. 暂停
C. 终止
D. 所有选项都不对","A"
"单选题","采购人认为供应商质疑不成立，或者成立但未对中标结果构成影响的，（ ）。","A. 作出答复前暂停采购活动 B. 对质疑不予答复
C. 继续开展采购活动 D. 视具体情况处理","C"
"单选题","质疑答复不包括（ ）。","A. 质疑供应商的姓名或者名称 B. 提出质疑的日期
C. 质疑答复的事实依据和法律依据 D. 告知质疑供应商依法投诉的权利","B"
"单选题","供应商认为自己的权益受到损害的，可以在（ ）之日起7个工作日内，以书面形式向采购人、采购代理机构提出质疑。","A. 知道损害事实发生
B. 知道或者应知其权益受到损害 C. 知道损害结果发生
D. 确认权益受到损害","B"
"单选题","A供应商与B供应商以联合体形式参加政府采购活动的，A是牵头方，其投诉应当（ ）","A. 由A和B共同提出 B. 由A提出
C. 由B提出
D. 经组成联合体的所有供应商授权，由被授权供应商单独提出","A"
"单选题","应当由投诉人承担举证责任的投诉事项，投诉人未提供相关证据、依据和其他有关材料的，（ ）。","A. 应当不予受理
B. 视为无效投诉事项 C. 视为自动撤回投诉 D. 视为投诉事项不成立","D"
"单选题","财政部门受理投诉后，投诉人书面申请撤回投诉 的，财政部门应当（ ），并书面告知相关当事人。","A. 中止投诉处理程序
B. 按照监督检查程序继续处理 C. 终止投诉处理程序
D. 视具体情况处理","C"
"单选题","财政部门在处理某项投诉。期间须对投标设备的性能进行鉴定，由（ ）先行垫付费用。","A. 第三方检测机构 B. 财政部门
C. 提出申请的供应商 D. 被投诉人","C"
"单选题","投诉处理决定明确双方责任后，因处理投诉发生的第三方检验、检测、鉴定等费用按照（ ）原则由承担责任的一方负担；双方都有责任的，由双方合理分担。","A. 谁主张谁负担 B. 谁过错谁负担 C. 无过错责任 D. 公平责任","B"
"单选题","采购人和采购代理机构收到暂停采购活动通知后，应当（ ）。","A. 立即中止采购活动 B. 立即终止采购活动 C. 重新开展采购活动 D. 继续开展采购活动","A"
"单选题","（ ）不属于政府采购质疑答复和投诉处理应当坚持的原则。","A. 依法依规 B. 平等自愿 C. 权责对等 D. 简便高效","B"
"单选题","（ ）不属于虚假、恶意投诉的情形。","A. 捏造事实
B. 提供虚假材料
C. 证据来源合法性存在疑问，但投诉人能证明其取得方式合法的 D. 以非法手段取得证明材料","C"
"单选题","投诉人在全国范围（）内（）以上投诉查无实据的，由财政部门列入不良行为记录名单。","A. 12个月，五次 B. 12个月，四次 C. 12个月，三次 D. 12个月，二次","C"
"多选题","财政部门作出处理决定，应当制作投诉处理决定 书，并加盖公章。投诉处理决定书包括下列内容： （）","A. 投诉人和被投诉人的姓名或者名称、通讯地址等；
B. 处理决定查明的事实和相关依据，具体处理决定和法律依据； C. 作出处理决定的日期。
D. 调查取证的通知","ABC"
"多选题","财政部门及其工作人员在履行投诉处理职责中违反本办法规定及存在其他滥用职权、玩忽职守、徇私舞弊等违法违纪行为的，依照（ ）等国家有关规定追究相应责任；涉嫌犯罪的，依法移送司法机关处理。","A. 《中华人民共和国政府采购法》 B. 《中华人民共和国公务员法》 C. 《中华人民共和国行政监察法》
D. 《中华人民共和国政府采购法实施条例》","ABCD"
"多选题","财政部门收到一份含有外文的证明材料作为投诉证明，不需要附以下（）材料。","A. 中文译本，由翻译机构盖章或者翻译人员签名。 B. 外国机构营业执照
C. 入关证明
D. 委托翻译的凭证","BCD"
"多选题","相关当事人提供的在（）地区内形成的证据，应当履行相关的证明手续。","A. 香港特别行政区 B. 澳门特别行政区 C. 台湾地区
D. 海南","ABC"
"多选题","对在质疑答复和投诉处理过程中知悉的（），财政部门、采购人、采购代理机构等相关知情人应当保密。","A. 国家秘密 B. 商业秘密 C. 个人隐私
D. 依法不予公开的信息","ABCD"
"多选题","政府采购质疑答复和投诉处理应当坚持（）原则。","A. 依法依规 B. 权责对等 C. 公平公正 D. 简便高效","ABCD"
"多选题","采购人、采购代理机构应当在采购文件中载明（）等信息。","A. 接收质疑函的方式 B. 联系部门
C. 联系电话 D. 通讯地址","ABCD"
"多选题","质疑函中应当载明供应商下列哪些内容：（）","A. 姓名或者名称 B. 地址
C. 邮编
D. 联系人及联系电话","ABCD"
"多选题","供应商对评审过程、中标或者成交结果提出质疑 的，采购人、采购代理机构可以组织（）协助答复质疑。","A. 原评标委员会 B. 竞争性谈判小组 C. 询价小组
D. 竞争性磋商小组","ABCD"
"多选题","财政部门可以根据法律、法规规定或者职责权限，委托相关单位或者第三方开展（）。","A. 调查取证 B. 检验
C. 检测 D. 鉴定","ABCD"
"多选题","财政部门处理投诉事项，需要检验、（），所需时间不计算在投诉处理期限内。","A. 检测 B. 鉴定
C. 专家评审
D. 需要投诉人补正材料","ABCD"
"多选题","供应商认为( )使自己的权益受到损害的，可以在知道或者应知其权益受到损害之日起7个工作日内，以书面形式向采购人、采购代理机构提出质疑。","A. 采购文件 B. 采购过程 C. 中标结果 D. 成交结果","ABCD"
"多选题","质疑函应当包括的内容（ ）","A. 具体、明确的质疑事项和与质疑事项相关的请求； B. 事实依据；
C. 必要的法律依据； D. 提出质疑的日期。","ABCD"
"多选题","质疑答复应当包括内容（ ）","A. 质疑供应商的姓名或者名称； B. 质疑答复人名称；
C. 答复质疑的日期；
D. 收到质疑函的日期、质疑项目名称及编号；","ABCD"
"多选题","投诉书应当包括内容（ ）","A. 事实依据； B. 法律依据；
C. 提起投诉的日期； D. 报名材料","ABC"
"多选题","以下属于投诉人提起投诉条件：（ ）","A. 提起投诉前已依法进行质疑； B. 投诉书内容符合本办法的规定； C. 在投诉有效期限内提起投诉；
D. 同一投诉事项未经财政部门投诉处理；","ABCD"
"多选题","制定《政府采购质疑和投诉办法》（财政部令第94号）的法律依据包括（ ）。","A. 《中华人民共和国招标投标法》 B. 《中华人民共和国政府采购法》
C. 《中华人民共和国政府采购法实施条例》 D. 其他有关法律法规规定","BCD"
"多选题","政府采购供应商提出质疑和投诉应当坚持（ ）原则 。","A. 公序良俗 B. 依法依规 C. 诚实信用 D. 平等自愿","BC"
"多选题","下列有关提出质疑和答复质疑的行为中，正确的是 （ ）。","A. 潜在供应商己依法获取其可质疑的采购文件的，在获取采购文件后第7个工作日内提出
B. 供应商应当委托代理人进行质疑和投诉，代理人可以提交供应商签署的授权委托书
C. 采购人不得拒收质疑供应商在法定质疑期内发出的质疑函
D. 质疑答复导致中标结果改变的，应当将有关情况书面报告本级财政部门","ACD"
"多选题","下列有关提起投诉和处理投诉的行为中，正确的是 （ ）。","A. 财政部门向第三方开展检验的，所需时间不计算在投诉处理期限内
B. 财政部门视具体情况可以暂停采购活动，但时间最长不得超过 30个工作日
C. 预算主管部门负责依法处理本级项目供应商投诉
D. 供应商投诉的事项不得超出已质疑事项的范围，但基于质疑答复内容提出的投诉事项除外","AD"
"多选题","投诉人对采购文件提起的投诉事项，财政部门认定成立的投诉事项影响或者可能影响采购结果的，按照下列情况处理（ ）。","A. 未确定中标或者成交供应商的，责令重新开展采购活动
B. 已确定中标或者成交供应商但尚未签订政府采购合同的，认定中标或者成交结果无效，责令重新开展采购活动
C. 政府采购合同已经签订但尚未履行的，撤销合同，责令重新开展采购活动
D. 政府采购合同已经履行，给他人造成损失的，相关当事人可依法提起诉讼，由责任人承担赔偿责任","ABCD"
"多选题","质疑函应当包括（ ）等内容。","A. 质疑答复人名称 B. 质疑项目的编号
C. 与质疑事项相关的请求 D. 答复质疑的日期","BC"
"多选题","投诉书应当包括（ ）等内容。","A. 质疑和质疑答复情况说明及相关证明材料 B. 具体、明确的投诉事项
C. 与投诉事项相关的投诉请求 D. 事实依据及法律依据","ABCD"
"多选题","投诉人提起投诉应当符合（ ）条件。","A. 提起投诉前已依法进行质疑
B. 投诉书内容符合《政府采购质疑和投诉办法》的规定 C. 在投诉有效期限内提起投诉
D. 同一投诉事项已经在财政部门投诉处理","ABC"
"多选题","财政部门处理投诉事项，所需时间不计算在投诉处理期限内的情形有（ ）。","A. 检验、检测、鉴定 B. 专家评审
C. 投诉人补正材料
D. 核实当事人身份信息","ABC"
"多选题","财政部门驳回投诉的情形有（ ）。","A. 受理后发现投诉不符合法定受理条件
B. 投诉事项缺乏事实依据，投诉事项不成立 C. 投诉人捏造事实或者提供虚假材料
D. 投诉人以非法手段取得证明材料","ABCD"
"多选题","财政部门制作的投诉处理决定书应当包括（ ）。","A. 投诉人和被投诉人的姓名或者名称、通讯地址等 B. 作出处理决定的日期
C. 处理决定查明的事实和相关依据，具体处理决定和法律依据 D. 告知相关当事人申请行政复议以及提起行政诉讼的权利","ABCD"
"多选题","财政部门在处理某一供应商投诉事项，发现投诉人在该年度三次（含本次）提供虚假证明材料，财政部门可以进行哪些处理（ ）。","A. 处以采购金额千分之一以上千分之五以下的罚款 B. 处以采购金额千分之三以上千分之十以下的罚款 C. 列入不良行为记录名单
D. 在一至三年内禁止参加政府采购活动","CD"
"多选题","采购人、采购代理机构有下列（ ）情形的，由财政部门责令限期改正；情节严重的，给予警告，对直接负责的主管人员和其他直接责任人员，由其行政主管部门或者有关机关给予处分，并予通报。","A. 拒收质疑供应商在法定质疑期内发出的质疑函 B. 对质疑不予答复，并不能作出合理说明
C. 质疑答复与事实明显不符，但能作出合理说明 D. 拒绝配合财政部门处理投诉事宜","ABD"
"多选题","某市财政部门受理一份投诉事项，中标人资格无 效，投诉成立影响采购结果的，该项目尚未签订政府采购合同的，应当（ ）。","A. 继续开展采购活动 B. 认定中标结果无效
C. 合格供应商依然有3家，该项目有3个中标候选人，采购人应另行确定中标供应商
D. 合格供应商只有2家，责令重新开展采购活动","BCD"
"多选题","供应商提出质疑应当提交质疑函时，应当（）","A. 提供具体质疑事项
B. 明确质疑事项相关的请求 C. 供应商提交必要的法律依据 D. 提出质疑的日期","ABCD"
"多选题","（）情况下视为投诉不成立；（）情况下对视同被投诉人放弃说明权利，依法承担不利后果。","A. 投诉供应商未提供证据
B. 被投诉方接到投诉答复通知后未对投诉事项提供证据 C. 财政部门自行收集
D. 财政部门要求当事人双方均需提供投诉事项证据","AB"
"多选题","供应商在哪些情况下可以提交质疑（）","A. 采购文件损害其权益 B. 采购过程损害其权益 C. 采购结果损害其权益 D. 采购需求损害其权益","ABCD"
"多选题","财政部门收到投诉书后，什么情况下会做出不予受理处理。（）","A. 投诉人书面申请撤回投诉
B. 投诉不符合财政部令第94号第十八条规定条件的，投诉人未按照补正期限进行补正
C. 投诉不符合财政部令第94号第十九条规定条件的，未在投诉有效期限内提起投诉
D. 投诉人已经质疑对答复不满意，在规定时间内提交投诉书","BC"
"多选题","提出政府采购投诉应当符合哪些条件？（）","A. 投诉书内容符合本办法的规定； B. 在投诉有效期限内提起投诉；
C. 同一投诉事项未经财政部门投诉处理； D. 财政部规定的其他条件。","ABCD"
"多选题","财政部门在处理投诉过程中，可以采取哪些措施？ （）","A. 进行调查取证；
B. 委托相关单位或者第三方开展调查取证； C. 组织当事人质证；
D. 鉴定相关设备。","ABCD"
"多选题","供应商在以下哪些情况可以提出质疑？（）","A. 供应商认为采购文件不符合相关法律法规规定； B. 供应商的权益受到侵害；
C. 结果公告发出后3日内提出；
D. 采购文件中技术参数是某一品牌的独有专利。","ABCD"
"判断题","供应商认为采购文件、采购过程、中标或者成交结果等不符合相关法律法规规定，其权益受到侵害 的，可以自知道或者应当知道其权益受到侵害之日起30日内提出质疑。（ ）","A. 对 B. 错","B"
"判断题","政府采购质疑的受理机构应当是采购代理机构。（ ）","A. 对 B. 错","B"
"判断题","采购人或者采购代理机构应当在收到质疑之日起7日内，对质疑事项进行调查处理并作出答复。（ ）","A. 对 B. 错","B"
"判断题","供应商对采购人或者采购代理机构的处理决定不服的，可以自收到处理决定之日起15日内向上一级政府采购监督管理部门投诉。（ ）","A. 对 B. 错","B"
"判断题","政府采购投诉的受理机关是人民法院。（ ）","A. 对 B. 错","B"
"判断题","供应商在提出质疑或者投诉时，可以匿名进行。（ ）","A. 对 B. 错","B"
"判断题","政府采购质疑和投诉处理决定书应当送达当事人。 （ ）","A. 对 B. 错","A"
"判断题","质疑供应商在投诉处理期间，可以书面撤回其投诉 。（ ）","A. 对 B. 错","A"
"判断题","如果采购人或者采购代理机构逾期未处理质疑，质疑供应商可以直接向人民法院提起诉讼。（ ）","A. 对 B. 错","B"
"判断题","财政部门在受理投诉过程中发现投诉人提交的鉴定证明材料与鉴定出具单位的答复函不一致故判定投标不成立的，应当驳回投诉。（ ）","A. 对 B. 错","A"
"判断题","政府采购供应商提出质疑和投诉应当坚持依法依规 、诚实信用原则。","A. 对 B. 错","A"
"判断题","采购人负责供应商质疑答复。采购人委托采购代理机构采购的，采购代理机构在委托授权范围内作出答复。","A. 对 B. 错","A"
"判断题","采购人、采购代理机构应当在采购文件中载明接收质疑函的方式、采购人联系电话和通讯地址等信息 。","A. 对 B. 错","B"
"判断题","代理人提出质疑和投诉，应当提交供应商签署的授权委托书。","A. 对 B. 错","A"
"判断题","供应商为自然人的，应当由本人签字。","A. 对 B. 错","A"
"判断题","以联合体形式参加政府采购活动的，其投诉应当由组成联合体的一方供应商提出。","A. 对 B. 错","B"
"判断题","采购文件可以要求供应商在法定质疑期内一次性提出针对同一采购程序环节的质疑。","A. 对 B. 错","A"
"判断题","潜在供应商已依法获取采购文件的，可以在7日内对该文件提出质疑。","A. 对 B. 错","B"
"判断题","质疑答复的内容不得涉及商业秘密。","A. 对 B. 错","A"
"判断题","质疑答复导致中标、成交结果改变的，采购人或者采购代理机构应当将有关情况书面报告本级财政部门。","A. 对 B. 错","A"
"判断题","供应商投诉的事项不得超出已质疑事项的范围，但基于质疑答复内容提出的投诉事项除外。","A. 对 B. 错","A"
"判断题","某市财政部门收到一份不属于本市项目的投诉书。在第4个工作日书面告知投诉人向有管辖权的部门提起投诉。","A. 对 B. 错","B"
"判断题","财政部门处理投诉事项原则上采用书面审查的方式 。财政部门认为有必要时，应当进行调查取证或者组织质证。","A. 对 B. 错","B"
"判断题","质证应当通知相关当事人到场，并制作质证笔录。质证笔录应当由当事人签字确认。","A. 对 B. 错","A"
"判断题","财政部门应当自收到投诉之日起30日内，对投诉事项作出处理决定。","A. 对 B. 错","B"
"判断题","财政部门收到投诉，需要对投诉事项部分内容进行检测，将所需的时间告知投诉人。","A. 对 B. 错","A"
"判断题","财政部门受理投诉后，投诉人书面申请撤回投诉 的，财政部门应当终止投诉处理程序，并书面告知相关当事人。","A. 对 B. 错","A"
"判断题","投诉人对废标行为提起的投诉事项成立的，财政部门可以认定废标行为无效。","A. 对 B. 错","B"
"判断题","财政部门应当建立投诉处理档案管理制度，并配合有关部门依法进行的监督检查。","A. 对 B. 错","A"
"判断题","质疑函和投诉书可以使用中文。质疑函和投诉书的范本，由财政部制定。","A. 对 B. 错","B"
"判断题","相关当事人提供外文书证或者外国语视听资料的，应当附有中文译本，由翻译机构盖章或者翻译人员签名。","A. 对 B. 错","A"
"判断题","相关当事人提供的在香港特别行政区、澳门特别行政区和台湾地区内形成的证据，应当履行相关的证明手续","A. 对 B. 错","A"
"判断题","本办法规定的期间开始之日，不计算在期间内。期间届满的最后一日是节假日的，以节假日后的第一日为期间届满的日期。期间不包括在途时间，质疑和投诉文书在期满前交邮的，不算过期。","A. 对 B. 错","A"
"判断题","供应商投诉按照采购人所属预算级次，由本级财政部门处理。","A. 对 B. 错","A"
"判断题","代理人提出质疑和投诉，视情况提交供应商签署的授权委托书。","A. 对 B. 错","B"
"判断题","被投诉人未按照投诉答复通知书要求提交相关证据 、依据和其他有关材料的，视同其放弃说明权利，依法承担不利后果。","A. 对 B. 错","A"
"单选题","采购人拟采购进口产品，在进口产品审批立项环节，以下内控要求中必须执行的是 （ ）","A. 无需选择对应采购项目，直接填写进口产品审批信息即可提交 B. 需新增进口产品采购论证专家信息，补充完整专家姓名、职称、工作单位等信息
C. 申请理由仅需选择“中国境内无法获取”，无需填写具体说明 D. 审批信息填写完成后无需上传任何附件，直接提交审核即可","B"
"单选题","福建省省级预算单位C在部门预算批复前公开采购意向和部门预算批复后公开采购意向，以下说法正确的是？","A. 部门预算批复前公开的采购意向，以部门预算为依据
B. 部门预算批复后公开的采购意向，以部门预算 “二上”内容为依据
C. 原则上不得晚于采购活动开始前30日公开采购意向；若属于预算执行中新增采购项目，无需公开采购意向
D. 因预算单位不可预见的原因急需开展的采购项目，可不公开采购意向","D"
"单选题","采购人委托采购代理机构编制采购需求 时，根据相关内控要求，需在哪个环节对采购需求进行书面确认？（ ）","A. 采购需求论证完成后 B. 采购文件编制完成后 C. 采购活动开始前
D. 项目立项审核通过后","C"
"单选题","下列哪项不属于福建省政府采购意向公开必须包含的主要内容？","A. 采购项目名称 B. 采购需求概况 C. 预算金额
D. 拟定的唯一供应商名称","D"
"单选题","采购人政府采购内部控制的核心目标是什么？","A. 尽可能提高采购效率 B. 确保采购价格最低
C. 规范采购行为、防范化解风险、提升采购效能 D. 简化采购审批流程","C"
"单选题","采购人自主择优选择1家代理机构代理采购业务时，根据内控及相关规定，需完成的关键操作是（ ）","A. 直接与选择的代理机构签订委托协议，无需在系统中留存相关材料
B. 需在系统中上传单位内控领导小组会议纪要 C. 需经财政部门审批同意后，方可确定代理机构
D. 无需履行内控决策流程，由采购经办岗直接确定代理机构","B"
"单选题","福建省省级预算单位C计划开展物业管理服务采购项目，该项目属于政府集中采购目录内且预算金额超过采购限额标准，关于公开采购意向渠道说法不正确的是？","A. 应在福建省政府采购网公开采购意向 B. 应在单位C门户网站同步公开
C. 福建省政府采购网和单位C门户网站公开渠道发布同一政府采购意向的，公开时间和内容应保持一致
D. 公开时间和内容不一致的，以福建省政府采购网公开的时间和内容为准。","B"
"单选题","采购人通过自行采购平台实施采购项目 时，以下关于内控及监管责任的表述正确的是（ ）","A. 该类项目属于政府采购监管范围，质疑投诉由政府采购监管部门受理
B. 采购过程中的质疑、投诉等情形，按采购单位内控管理规定执行，政府采购监管部门不予受理
C. 无需遵守本单位内控管理规定，仅需符合自行采购平台操作要求即可
D. 项目实施前需向财政部门报备内控管理方案","B"
"单选题","某市级单位在年初部门预算中，为“业务信息系统升级”项目批复了200万元，并已按规定公开采购意向，预计9月采购。6月，上级部门突然下发强制性的全国统一业务系统，要求年底前必须完成切换。原升级计划被取消。对于这笔已公开意向的 200万元预算，单位最合规的调整处理流程是？","A. 直接调剂使用。将资金立即用于采购上级要求的统一系统，因事出紧急且为上级指令，可特事特办。
B. 履行预算调整程序。按程序报请财政部门调整预算用途，在获批准后，撤下原采购意向，并就新项目（统一系统）重新公开采购意向。
C. 履行预算调整程序。在获财政部门批准后，发布原采购意向的终止公告，说明原因。新项目是否需公开意向，视其是否达到公开标准而定。
D. 暂不处理。待统一系统采购完成后，在年终决算时一并说明情况即可","C"
"单选题","采购人在采购项目立项时，若判断项目预算累计金额已达到本年度分散采购限额标准，以下内控要求中需严格执行的是（ ）","A. 在“项目安排”中“是否政府采购”选择“否”，并说明原因 B. 无需填写累计达到限额标准相关说明，直接上传批复表即可 C. 在“项目安排”中“是否政府采购”选择“是”，同时填写累计达到限额标准相关说明并上传对应材料
D. 直接将项目转为集中采购，无需在系统中完成立项流程","C"
"单选题","在政府采购活动中，下列哪些岗位属于原则上应当分离的不相容岗位？","A. 采购需求制定与审核 B. 采购文件编制与复核 C. 合同签订与验收
D. 项目付款申请与审批","ABCD"
"单选题","通过自行采购平台完成的采购项目，采购人必须归档保存的电子及书面材料至少应包括？","A. 经审定的采购需求
B. 平台生成的成交（中标）通知书 C. 签订的政府采购合同
D. 验收证明
E. 供应商的报价响应文件","ABCDE"
"单选题","推行政府采购意向公开的主要目的包括？","A. 提高政府采购透明度
B. 便于供应商提前做好投标准备
C. 保障各类市场主体平等参与政府采购活动 D. 优化政府采购营商环境
E. 取代正式的采购公告","ABCD"
"单选题","采购人在配合完成对代理机构的执业评价工作中，负有哪些责任？","A. 如实、客观地反馈代理机构的执业情况 B. 根据个人好恶随意打分
C. 按要求在评价系统中填报相关信息
D. 对评价工作中知悉的代理机构商业秘密予以保密 E. 将评价结果作为支付代理费的条件","ACD"
"单选题","某采购人单位计划通过内部评议方式选择一项重大工程的采购代理机构。为体现公正、择优原则，其内控流程应包括哪些关键环节？","A. 发布内部遴选公告，明确项目概况和选择标准 B. 由单位领导直接指定一家熟悉的代理机构
C. 评议小组根据既定标准对报名机构进行评审打分 D. 将评审结果报单位领导集体决策或按权限审批","ACD"
"单选题","福建省对采购代理机构的执业评价，通常涵盖以下哪些方面？","A. 执业规范性与合规性 B. 专业能力与服务质量 C. 收费合理性
D. 业务量大小
E. 采购人满意度反馈","ABCE"
"单选题","为防范采购需求制定风险，采购人单位内部控制制度应要求对技术复杂、专业性强的采购项目需求进行论证。论证方式可包括？","A. 由业务部门自行确定
B. 组织相关专家或第三方机构进行咨询论证 C. 邀请潜在供应商参与讨论
D. 征求相关供应商的意见
E. 进行市场调研或向社会公开征求意见","BE"
"单选题","采购人单位应建立政府采购内部问责制度 。在出现下列哪些情形时，应当追究相关人员责任？","A. 未经批准擅自采购 B. 化整为零规避招标
C. 与供应商串通谋取不正当利益
D. 因重大过失导致采购无效或造成损失 E. 未按规定进行意向公开","ABCDE"
"多选题","政务信息系统政府采购项目（服务类），采用招标方式采购的，下列哪些做法不符合政府采购规定（）","A. 可以根据项目实际采用综合评分法、最低评标价法 B. 采用综合评分法，设置价格权重15%
C. 采用综合评分法，设置技术权重70%
D. 评审结束后，发现专家某项客观分评分一致全部评错（应得3分，全给了0分），采购人组织评标委员会重新评审，修正了错误","ABD"
"多选题","某政府采购谈判项目中，下列哪些行为违反政府采购相关规定（ ）","A. 采购人委派1名采购人代表组成谈判小组，同时还委派2名纪检监察等相关人员进行监督，委派1名需求部门人员进入评审现场，列席旁听。
B. 评审开始前，采购人委派的监督代表提交书面介绍材料并向谈判小组介绍项目背景和技术需求，书面介绍材料作为采购项目文件随其他文件一并存档。
C. 谈判小组报价评审结束后，采购人委派的监督代表认为某供应商报价明显低于过低，要求谈判小组对上述情况发起澄清并否则该报价；
D. 评审结束，采购人委派的监督代表现场要求复制一整套评审资料回去","ABCD"
"单选题","政府采购意向公开是政府采购项目在正式启动前，向社会公众提前告知采购计划安排的信息公开行为。","A. 正确 B. 错误","A"
"单选题","采购人是政府采购活动的责任主体，必须对采购过程和结果负总责，不得因委托代理机构而转移或减轻责任。","A. 正确 B. 错误","A"
"单选题","福建省政府采购网上公开信息系统中的自行采购模块，其性质是采购人执行政府采购集中采购目录以外，分散采购限额标准以下的电子化操作工具和监管平台。","A. 正确 B. 错误","A"
"单选题","福建省对政府采购代理机构的执业评价是定期开展的，固定为每季度一次。","A. 正确 B. 错误","B"
"单选题","通过福建省政府采购网上超市采购商品，采购人无需与供应商另行签订书面合同。","A. 正确 B. 错误","B"
"单选题","在采购人单位内部，对于技术复杂、专业性强的采购项目，其采购需求应当由提出需求的业务部门单独确定，以确保需求的准确性和专业性，采购归口管理部门（如采购办）不应过多干预。","A. 正确 B. 错误","B"
"单选题","只要采购项目预算金额未达到政府采购分散采购限额标准，采购人就必须通过自行采购平台实施。","A. 正确 B. 错误","B"
"单选题","采购意向公开的内容应当清晰完整，但对于一个包含多品目设备的打包项目，可以只公开打包后的总预算，无需公开各品目的明细预算。","A. 正确 B. 错误","B"
"单选题","某政府采购公开招标项目2025年6月3日 （周二）发布采购公告，获取招标文件为 6月3日-10日，6月24日开标。合计三家公司获取文件，其中甲公司3日获取文件、乙、丙公司都是8日获取文件。6月11日乙的母公司提交针对招标文件质疑函，这个属于有效质疑。","A. 正确 B. 错误","B"
"单选题","福州市属单位某道路运输服务采购项目进行公开招标，在2025年9月10日组织资格审查，其中：某公司的法定代表人因个人原因2025年7月1日被列入重大税收违法案件当事人名单，应当按照资格审查不合格处理。","A. 正确 B. 错误","B"
"单选题","某省级机关办公自动化设备政府采购项目中，供应商 A 报价为 80 万元，低于其他所有有效投标人平均报价的40%，且无法提供合理成本说明。根据《关于推动解决政府采购异常低价问题的通知》（财库 〔2026〕2号），该异常低价情形的认定主体是（）","A. 采购人
B. 采购代理机构 C. 评审委员会 D. 财政部门","C"
"单选题","根据《关于推动解决政府采购异常低价问题的通知》（财库〔2026〕2号），采购人设置什么情形下评审委员会应当启动异常低价投标（响应）审查程序违反文件规定（ ）：","A. 投标（响应）报价低于全部通过符合性审查供应商投标（响应）报价平均值50%的，即投标（响应）报价<全部通过符合性审查供应商投标（响应）报价平均值×50%；
B. 投标（响应）报价低于通过符合性审查的次低报价供应商投标
（响应）报价55%的，即投标（响应）报价<通过符合性审查的次低报价供应商投标（响应）报价×55%；
C. 投标（响应）报价低于采购项目最高限价45%的，即投标（响应）报价<采购项目最高限价×45%；
D. 投标（响应）报价低于采购项目最高限价70%的，即投标（响应）报价<采购项目最高限价×70%；","D"
"单选题","根据财库〔2026〕2号，某医院采购一批医疗仪器，最高限价为 100 万元，4家投标人参与，全部通过符合性审查。其中供应商 A 报价为 41 万元，供应商 B 报价为78万元，供应商 C 报价为80万元，供应商 D报价为89万元。根据《通知》规 定，供应商A报价是否触发异常低价审查程序？触发依据是（）","A. 不触发，未达到审查比例标准 B. 触发，报价低于最高限价 45% C. 触发，报价低于最高报价 50%
D. 触发，报价低于所有有效报价平均值70%","B"
"多选题","根据《关于推动解决政府采购异常低价问题的通知》（财库〔2026〕2号），评审委员会依据专业经验，参考（ ）等情 况，对报价合理性进行判断。","A. 同类项目中标（成交）价格 B. 类似产品市场价格水平
C. 协会人工费用标准
D. 国家有关部门指导行业协会发布的行业平均成本","ABD"
"多选题","根据《关于推动解决政府采购异常低价问题的通知》（财库〔2026〕2号），采购人可以引入全生命周期成本理念，在采购文件中要求供应商对约定期限内的( )等费用进行报价，作为评审因素。","A. 运营
B. 维护
C. 升级
D. 专用耗材
E. 处置报废","ABCDE"
"多选题","在异常低价审查程序中，评审委员会的下列哪些行为违反了相关规定？","A. 对于启动审查的供应商，评审委员会以“报价说明内容是否齐全”作为异常低价审查通过的标准。
B. 评审委员会认为异常低价需要澄清的内容比较简单，且已有制式示范文本，因此要求供应商在5分钟内提交盖章确认的相关材料。
C. 评审委员会经审查认为某供应商的报价不合理，虽然其报价没有出现低于全部通过符合性审查供应商投标报价平均值50%等情 况，但依然坚持启动异常低价的审查程序。
D. 审查结束后，评审委员会仅在评审报告中记录“已对异常低价进行审查”，未详细记载启动理由、审查过程、判断依据及结论。","ABD"
"判断题","根据《关于推动解决政府采购异常低价问题的通知》（财库〔2026〕2号），未设定最高限价的采购项目，以采购人评审现场确认的合理报价作为最高限价。","A. 正确 B. 错误","B"
"判断题","根据《关于推动解决政府采购异常低价问题的通知》（财库〔2026〕2号），采购人纪委部门认为项目存在异常低价的，可以要求评审委员重新进行评审。","A. 正确 B. 错误","B"
"判断题","根据《关于推动解决政府采购异常低价问题的通知》（财库〔2026〕2号），评审委员会借助互联网等渠道查询相关信息的进行异常低价审核的，可同时查询该供应商的注册资金、企业成立年限等信息用于判定供应商是否有实力履行合同。","A. 正确 B. 错误","B"
"单选题","代理机构接收采购人下达的采购计划后，采购人发现计划名称写错且代理机构尚未接收计划，采购人可通过以下哪种方式撤回计划？","A. 联系财政部门直接删除计划
B. 在【计划管理】-【计划下达】-【已办理】中点击【撤回】 C. 要求代理机构直接修改计划名称
D. 重新提交新的采购计划覆盖原计划","B"
"单选题","采购人通过自有代理机构库随机抽取代理机构时，抽取后需完成的关键操作是？","A. 直接通知中选代理机构
B. 对抽取单进行电子签章并点击【完成】 C. 无需备案，直接开展采购业务
D. 向财政部门提交抽取结果备案表","B"
"单选题","代理机构发起采购结果变更流程并选择送审采购人确认时，采购人应在哪个模块处理该任务？","A. 【合同管理】-【待起草】
B. 【计划管理】-【采购方式变更录入】 C. 【待办任务】-【采购人确认结果变更】 D. 【项目档案】-【电子档案】","C"
"单选题","采用统招分签模式签订电子合同时，合同明细金额需遵守的规则是？","A. 可超过采购包预算金额 B. 可超过单位所占比例金额 C. 无需关联采购计划金额
D. 不得超过单位所占比例金额","D"
"单选题","代理机构在评审环节发起供应商澄清操作，发起权限归属","A. 评审小组组长
B. 任意评审小组成员 C. 采购人代表
D. 代理机构经办人员","A"
"单选题","代理机构接收采购计划的正确菜单路径是","A. 【项目创建】→【计划受理】→【待办理】 B. 【计划管理】→【计划受理】→【待办理】 C. 【计划管理】→【计划下达】→【待办理】 D. 【采购项目】→【计划接收】→【待办理】","B"
"单选题","采用综合评分法时，评审因素设置区间分，主观评审因素每项等次不得少于？","A. 2 B. 3 C. 4 D. 5","B"
"单选题","代理机构进行专家抽取时，需求专家人数总和需与编制采购文件时设置的（ ）一致","A. 专家人数 B. 采购包数量 C. 评审环节数 D. 供应商数量","A"
"单选题","线上开标环节中，供应商解密投标文件需使用的 CA 是","A. 任意有效CA
B. 代理机构分配的CA C. 原加密投标文件的CA D. 采购人授权的 CA","C"
"单选题","供应商变更名称后，需在系统哪个菜单进行变更信息确认","A. 【系统管理】-【信息变更】 B. 【合同管理】-【待起草】 C. 【供应商库】-【用户管理】
D. 【供应商库】-【机构信息维护】","D"
"单选题","评审专家发起供应商澄清时，需设置的核心要素不包括","A. 澄清原因 B. 响应时间 C. 澄清要求
D. 供应商资质等级","D"
"单选题","远程异地评审项目中，分会场的产生方式是","A. 采购人指定
B. 代理机构随机抽取 C. 评审小组协商确定 D. 系统自动分配","B"
"单选题","代理机构在设置项目负责人时，“分段负责制” 中负责采购文件编制、发布采购 / 变更公告等环节的是","A. 项目负责人 B. 标前经办人 C. 标后经办人 D. 采购人代表","B"
"单选题","关于框架协议采购方式，下列说法错误的是","A. 框架协议采购可采用供应商符合资格条件即入围的方法。
B. 采购档案可以采用电子形式保存，电子档案和纸质档案具有同等效力。
C. 同一框架协议采购应当使用统一的采购合同文本，采购人、服务对象和供应商不得擅自改变框架协议约定的合同实质性条款。 D. 被取消入围资格或者被解除框架协议的供应商不得参加同一封闭式框架协议补充征集，或者重新申请加入同一开放式框架协议。","A"
"单选题","在框架协议采购中，确定第一阶段入围供应商时，提交相应文件和符合资格条件、实质性要求的供应商应当均不少于2家，淘汰比例一般不得低于（），且至少淘汰一家供应商。采用质量优先法的监测、实验等仪器设备采购，淘汰比例不得低于 （），且至少淘汰一家供应商。","A. 10%；20% B. 20%；40% C. 30%；20% D. 40%；10%","B"
"单选题","刚注册的供应商，进入框架协议采购，为什么会提示信息未下达？","A. 未向征集单位报备
B. 未向监管单位报备
C. 该供应商信息已被注册过 D. 该供应商未在供应商库菜单中完成基础信息维护","D"
"单选题","采购人在框架协议采购二阶段服务类项目已完成，如果需要终止项目，采购人发起终止后，由（）点击确认，由（）操作审核。","A. 供应商；采购单位审核岗 B. 供应商；征集单位
C. 征集单位；供应商
D. 采购单位审核岗；征集单位","B"
"多选题","代理机构在编制采购文件时，需落实的政府采购政策包括","A. 促进中小企业发展政策 B. 节能产品优先采购政策
C. 环境标志产品优先采购政策 D. 进口产品采购政策
E. 残疾人福利性单位视同小微企业政策","ABCDE"
"多选题","采购人计划下达后，需要调整项目名称，下列合规处理方式有哪些？","A. 退回采购计划，由采购人完成计划名称修改，重新备案下达 B. 不退回采购计划，代理机构直接在立项环节调整项目名称
C. 不退回采购计划，采购人与代理机构签订书面确认书，明确名称调整为非实质性修改，代理机构在系统立项环节调整项目名称 D. 由代理机构向财政部门提交申请，直接修改系统内的采购项目名称","AC"
"多选题","代理机构接收采购计划后，在立项前需确认的计划核心信息包括?","A. 计划编号、计划名称 B. 采购方式、预算金额
C. 采购标的、技术规格要求 D. 采购人联系方式
E. 代理机构自有库等级","ABCD"
"多选题","以下关于采购合同签订的说法正确的有","A. 一般项目合同可由采购人或中标供应商发起
B. 统招分签合同需在系统内选择对应合同类型并关联计划 C. 电子合同签订需加盖电子公章和骑缝章
D. 合同归档后自动备案发布
E. 不签订合同仅需采购人单方确认即可生效","ABCD"
"多选题","评审过程中出现以下哪些情况时，评审小组可终止评标？","A. 符合专业条件的供应商不足法定数量 B. 个别评审专家对评分有异议
C. 投标人报价均超过采购人预算
D. 出现影响采购公正的违法违规行为
E. 采购文件存在重大缺陷导致评审无法进行","ACDE"
"多选题","代理机构在开标环节的核心操作包括","A. 投标文件解密 B. 保证金核验 C. 评审结果公示
D. 供应商签名确认 E. 异常报告生成","ABDE"
"多选题","代理机构场地维护时，需填写的核心信息包括","A. 场地地址 B. 场地类型 C. 机位数量 D. 监控数量
E. 共享代理机构名单","ABCD"
"多选题","供应商制作投标文件的分项报价模式中，报价分册需响应的内容包括","A. 联合体协议（若有） B. 中小企业声明函
C. 监狱企业证明文件
D. 优先类节能产品统计表 E. 投标报价明细表","BCDE"
"多选题","供应商在评审阶段可能参与的线上操作包括","A. 价格修正 B. 内容澄清 C. 二次报价 D. 在线演示 E. 保证金补缴","ABCD"
"多选题","评审专家在评审准备阶段需完成的操作包括","A. 编制评审报告框架 B. 签署评审纪律承诺书 C. 核实评审成员身份 D. 进行主动回避确认 E. 推选评审小组组长","BCDE"
"多选题","以下属于远程异地评审强制范围的项目有","A. 500万（含）以上的服务类项目 B. 省级400万以上的物业类项目
C. 400 万（含）以上的非公开招标工程类项目 D. 500 万以上的货物类公开招标项目","ABC"
"多选题","关于框架协议采购方式，下列说法正确的是","A. 封闭式框架协议采购中，确定第一阶段入围供应商的评审方法包括价格优先法和质量优先法。
B. 封闭式框架协议采购中，除剩余入围供应商不足入围供应商总数70%且影响框架协议执行的情形外，框架协议有效期内，征集人不得补充征集供应商。
C. 货物项目框架协议的入围供应商应当为入围产品生产厂家或者生产厂家唯一授权供应商。
D. 货物项目入围供应商可以委托一家或者多家代理商，按照框架协议约定接受采购人合同授予，并履行采购合同。","ABCD"
"多选题","在框架协议采购中，确定第二阶段成交供应商的方式包括哪些","A. 直接选定 B. 二次竞价 C. 定点反拍 D. 顺序轮候","ABD"
"多选题","入围供应商与征集单位签订框架协议时，会提示“确认要委托自己为代理商吗”，接下来可以怎么操作？","A. 选择“确定”，默认委托自己为代理商。
B. 选择“前往委托代理商”，在跳转的菜单页委托自己为代理商。
C. 选择“前往委托代理商”，在跳转的菜单页委托其他公司为代理商
D. 选择“前往委托代理商”，在跳转的菜单页委托自己和其他公司为代理商。","ABCD"
"多选题","在封闭式货物框架协议项目中，征集人需要编制到征集文件的内容为（）","A. 适用采购人范围 B. 履约合同地域范围 C. 框架协议期限
D. 项目需求调查的问题和回答","ABC"
"判断题","电子合同签订后，若需修改，可直接在系统内编辑后重新提交，无需撤销原签章。","A. 正确 B. 错误","B"
"判断题","代理机构自有库中，B 等级代理机构数量可少于 A 等级代理机构数量。","A. 正确 B. 错误","B"
"判断题","专家抽取时，选择省本级主评区域后，系统会自动勾选其他区域。","A. 正确 B. 错误","A"
"判断题","供应商获取采购文件后，若采购文件变 更，线下交易项目无需重新获取采购文件 。","A. 正确 B. 错误","B"
"判断题","供应商解密投标文件的时限由代理机构设置，超时未解密将自行承担不利后果。","A. 正确 B. 错误","A"
"判断题","远程异地评审强控范围内的项目，评标方式默认远程异地且不可修改。","A. 正确 B. 错误","A"
"判断题","采购人代表参与评标时，可同时作为采购人监督参与评审监督。","A. 正确 B. 错误","B"
"判断题","代理机构需在抽取专家前完成远程异地评审分会场的一键抽取操作。","A. 正确 B. 错误","A"
"判断题","采购文件编制时，货物类品目不可设置核心产品标识，仅服务类品目可设置。","A. 正确 B. 错误","B"
"判断题","流标重招选择 “原样重招” 时，代理机构需重新进行编制采购文件、发布公告等全部流程。","A. 正确 B. 错误","A"
"判断题","货物项目框架协议有效期一般不超过 2年，服务项目框架协议有效期一般不超过1年。","A. 正确 B. 错误","B"
"判断题","确定框架协议采购需求应当开展需求调 查，听取采购人、供应商和专家等意见。","A. 正确 B. 错误","A"
"判断题","无论何种情形，进行框架协议二阶段采 购，必须严格执行“意向公开满30天”后采购。","A. 正确 B. 错误","B"
"判断题","在框架协议二阶段采购过程中，不会生成预付款账号。","A. 正确 B. 错误","A"
"单选题","政府采购关于""财政性资金""，下列说法不正 确的是（）","A. 财政性资金是指纳入预算管理的资金。
B. 财政性资金是指以税收为主体的财政收入
C. 以财政性资金作为还款来源的借贷资金，视同财政性资金
D. 国家机关、事业单位和团体组织的采购项目既使用财政性资金又使用非财政性资金的，财政性资金与非财政性资金无法分割采购的，统一适用适用《中华人民共和国政府采购法》及《中华人民共和国政府采购法实施条例》","B"
"单选题","政府采购项目信息应当在（)指定的媒体上 发布。","A. 省级以上人民政府财政部门
B. 市级以上人民政府财政部门
C. 县级以上人民政府财政部门
D. 采购人预算主管部门","A"
"单选题","集中采购机构是（）。","A. 设区的市级以上人民政府依法设立的非营利事业法人
B. 县级以上人民政府依法设立的非营利事业法人
C. 省级以上人民政府依法设立的营利事业法人
D. 设区的市级以上人民政府依法设立的营利事业法人","A"
"单选题","采购人采购公开招标数额标准以上的货物或者 服务，符合法定情形时，经（）可以依法采 用公开招标以外的采购方式。","A. 设区的市级以上人民政府财政部门批准
B. 设区的市级以上人民政府财政部门备案
C. 设省级以上人民政府财政部门批准
D. 设省级以上人民政府财政部门备案","A"
"单选题","关于电子化政府采购的法律效力，正确的理解 是：","A. 电子文件与纸质文件具有同等法律效力
B. 电子文件仅作为参考，不具有法律效力
C. 需要另外签订纸质合同确认电子文件效力
D. 由采购人决定是否承认电子文件效力","A"
"单选题","政府采购中，招标代理机构项目经理与供应商 有利害关系却没有依法回避，财政部n应给 予：","A. 行政拘留
B. 2000以上2万以下罚款
C. 记大过处分
D. 2万以上5万以下罚款","B"
"单选题","政府采购中，W下履约保证金中哪种是应被拒 绝的：","A. 某担保公司按照招标文件要求格式出具的保函
B. 某银行按招标文件要求格式出具的银行保函
C. 现金
D. 由投标人开户银行出具的银行汇票","C"
"单选题","根据《政府采购法实施条例》，供应商提出的 询问或者质疑超出采购人对采购代理机构委托 授权范围的，采购代理机构应当采取的方式是 ()","A. 告知供应商向采购人提出
B. 拒绝回答
C. 告知采购人回答供应商
D. 询问采购人意见","A"
"单选题","省级W上人民政府财政部口应当对政府采购评 审专家库实行0，具体管理办法由国务院财政 部口制定。","A. 分级管理
B. 静态管理
C. 动态管理
D. 综合管理","C"
"单选题","根据《政府采购法实施条例》，下列关于采购 人的情形，应当由财政部口责令限期改正，给 予警告，对直接负责的主管人员和其他直接责 任人员依法给予处分的是（）。","A. 按照规定时间将政府采购合同副本报本级人民政府财政部口
B. 未按照规定将政府采购实施计划报本级人民政府财政部口备案
C. 将政府采购合同进行公告
D. 在采购合同履行中追加的相同货物的采购金额为原合同采购金额的8%","B"
"单选题","政府采购货物和服务采购项目采购人应当在评 审报告推荐的中标或者成交候选人中（）确 定中标或者成交供应商。","A. 按综合得分最高
B. 按顺序
C. 按业绩最优
D. 按价格最低","B"
"单选题","政府采购项目竞争性谈判和询价采购应按照符 合采购需求、质量和服务相等且报价最低的原 则确定成交供应商。质量和服务相等是指供应 商提供的产品质量和服务（）。","A. 均能满足采购文件规定的实质性要求
B. 可以不相同
C. 完全相同
D. 基本相同","A"
"单选题","政府采购货物和服务采购项目，采购人或者采 购代理机构应当按照（）制定的招标文件标准 文本编制招标文件。","A. 当地财政部口
B. 财政部
C. 采购代理机构
D. 国家发改委等屯部委","B"
"单选题","有权可W制定县级集中采购目录和采购限额标 准的主体是（）","A. 设区的市级人民政府或其授权的机构
B. 市级人民政府或其授权的机构
C. 省级人民政府或其授权的机构
D. 县级人民政府或其授权的机构","C"
"单选题","政府采购工程采用竞争性谈判方式进行采购 时，适用（）。","A. 招标投标法
B. 政府采购竞争性磋商采购方式管理暂行办法
C. 政府采购法
D. 财政部87号令","C"
"单选题","在福建省某政府购买居家养老服务项目的验收 环节，除了采购人肉部人员外，还应邀请谁参 与？","A. 同级审计部口人员
B. 项目所在地的街道、社区工作人员及服务对象代表
C. 上级主管部口领导
D. 质量技术监督部口人员","B"
"单选题","供应商依法缴纳税收的证明材料是指参加政府 采购活动前一段时间内缴纳税收的凭据，不包 括（）。","A. 増值税
B. 营业税
C. 企业所得税
D. 个人所得税","D"
"单选题","以下哪一个情形不属于《中华人民共和国政府 采购法》 第二十二条第一款第五项重大违法记录（）","A. 公司因在与政府采购无关的经营活动中的违法行为而受到刑事处罚
B. 公司经营活动因违法被罚款150万元
C. 公司因违反环保相关规定被有关部口责令停产停业
D. 公司因销售假冒产品被有关部口吊销营业执照","B"
"单选题","下列说法中正确的是（）。","A. 采购人可以接受供应商主动给予的与采购无关的赠品
B. 图书采购项目中，可W要求供应商组织教师外出考察
C. 采购人可以在采购文件中将供应商承诺赠送与采购无关的其他商品、服务作为评审因素 D.采购人不得接受与采购无关的其他商品、服务","D"
"单选题","评审委员会在对某复杂医疗器械项目进行评审 时，发现招标文件存在一处关键的技术参数歧 义，导致评审无法继续。此时应：","A. 由评审委员会集体讨论决定含义
B. 停止评审，向采购人或代理机构书面说明情况
C. 按照对采购人有利的原则进行解释
D. 要求所有投标人进行澄清说明","B"
"单选题","根据《政府采购法实施条例》，询问或者质疑 事项可能影响中标、成交结果的，己经签订合 同的，采购人应当采取的方式是0。","A. 终止履行合同
B. 撤销合同
C. 解除合同
D. 中止履行合同","D"
"单选题","政府采购评审专家的下列行为中，会导致其被 禁止参加政府采购评审活动的是（）。","A. 评审方法不符合评审标准的
B. 泄露评审情况影响中标、成交结果的
C. 未按照采购文件规定的评审程序评审的
D. 泄露评审文件的","B"
"单选题","在政府采购活动中，下列关于采购人员与供应 商的说法正确的是（）。","A. 采购人员与供应商有利害关系而不依法回避的，应当由监察机关给与
警告
B. 采购人员与供应商有利害关系而不依法回避的，应当由检查机关给予
警告
C. 采购人员与供应商有利害关系而不依法回避的，由财政部口给予警
告，并处一定数额罚款。
D. 采购人员与供应商有利害关系而不依法回避的，由监察机关给予警
告，并处一定数额罚款。","C"
"单选题","以下关于电子化政府采购的说法，正确的是（ ) 0","A. 国家建设统一的政府采购电子交易平台
B. 为了保证信息可追溯，国家不鼓励电子化政府采购
C. 国家委托市场主体建设统一的政府采购电子交易平台
D. 国家实行统一的政府采购电子交易平台建设标准","D"
"单选题","政府采购合同自签订之日起，采购人应在何时 进行公告？政府采购合同确需变更政府采购合 同肉容的，采购人应当自合同变更之日起，何 时进行公告？","A. 2个工作日内，2个工作日内。
B. 3曰内，3曰内。
C. 2个工作日内，3个工作日内。
D. 5个工作日内，3个工作日内。","A"
"单选题","政府采购关于""采购本国货物""政策，正确的理解是","A. 完全禁止采购进口产品
B. 经批准可以采购进口产品
C. 国产产品优先，进口产品一律不批准
D. 由采购人自主决定是否采购本国产品","B"
"单选题","某智慧城市数据平台项目招标，为保证系统兼 容性和数据平滑迁移，招标文件要求""投标人 需提供与本市现有王大基础数据库（A、B、C 系统）成功对接的案例证明，每个有效案例得 3分，本项最高9分""。该市现有王大数据库均 由甲公司承建。此评审因素的设置，最可能构成：","A. 合理的项目需求，因为需要保证系统兼容性
B. 以不合理的条件对供应商实行差别待遇或者歧视待遇
C. 属于对供应商实施规模条件的限制
D. 属于变相指定品牌或供应商","B"
"单选题","某学校校园网升级项目由了公司中标。经采购 人书面同意，了公司将项目中综合布线工程分 包给戊公司。因戊公司使用的线缆材质不达 标，导致部分楼宇网络擁疾。此时，采购人应 如何主张权利？","A. 只能依据分包合同追究戊公司的违约责任
B. 只能依据总包合同追究了公司的违约责任
C. 有权选择要求了公司或戊公司承担全部赔偿责任，也可要求二者承担
连带责任
D. 应先要求戊公司赔偿，戊公司无力赔偿时才能要求了公司赔偿","C"
"单选题","某服务项目评审结束后，排名第二的供应商提 出质疑，称评审委员会对其""服务团队资质"" 项的评分有误，认为其提供的证书应得更高分 数。采购代理机构复核发现，评审委员会在该 项的评分确实存在理解偏差，导致该项证书打 分存在不一致。此时，采购代理机构应如何处理？","A. 可以组织原评标委员会进行重新评审
B. 书面答复质疑供应商，说明评分是专家的独立判断，不予更改
C. 报告财政部口，由财政部0决定是否启动重新评审
D. 认定质疑成立，直接发布废标公告。","A"
"单选题","为某政府采购项目提供过下列（）服务的供应 商可以再参加该采购项目的其他采购活动","A. 规范编制
B. 局部设计
C. 检测
D. 监理","B"
"多选题","国务院财政部口应当根据国家的经济和社会发 展政策，会同国务院有关部口制定政府采购政 策，通过（）等措施，实现节约能源、保护 环境、扶持不发达地区和少数民族地区、促进 中小企业发展等目标。","A. 制定采购需求标准
B. 预留采购份额
C. 价格评审优惠
D. 优先采购
E. 直接选定","ABCD"
"多选题","在政府采购活动中，采购人员及相关人员与供 应商有下列哪些利害关系之一的，应当回避？ ()","A. 参加采购活动前3年内与供应商存在劳动关系
B. 参加采购活动前3年肉担任供应商的董事、监事
C. 参加采购活动前3年肉是供应商的控股股东或者实际控制人
D. 与供应商的法定代表人或者负责人有夫妻、直系血亲、三代以内旁系
血亲或者近姻亲关系
E. 与供应商的员工是同学关系。","ABCD"
"多选题","下列哪些行为属于W不合理的条件对供应商实 行差别待遇或者歧视待遇？（）","A. 非法限定供应商的所有制形式、组织形式或者所在地
B. 对供应商采取不同的资格审查或者评审标准
C. 采购需求中的技术、服务等要求指向持定供应商、特定产品
D. 限定或者指定特定的专利、商柄、品牌或者供应商
E. 要求供应商提供具备履行合同所必需的设备和专业技术能力的证明材料","ABCD"
"多选题","在评审过程中，评审委员会成员应当遵守的工 作纪律包括：","A. 客观、公正、审慎地履行职责，遵守职业道德
B. 不得泄露评审文件、评审情况和在评审过程中获悉的商业秘密
C. 发现采购文件存在歧义、重大缺陷导致评审工作无法进行时，应当停
止评审并向采购人或者采购代理机构当面说明情况
D. 对于需要共同认定的事项存在争议的，按照少数服从多数的原则做出结论
E. 对自己的评审意见承担法律责任","ABDE"
"多选题","政府采购项目中下列哪些行为，属于供应商之 间恶意串通？","A. 供应商之间协商报价、技术方案等投标文件的实质性内容
B. 属于同一集团、协会、商会等组织成员的供应商按照该组织要求协同
参加政府采购活动
C. 供应商之间事先约定由某一特定供应商中标、成交
D. 供应商之间商定部分供应商放弃参加政府采购活动或者放弃中标、成交
E. 供应商按照采购人或者采购代理机构的授意撤换、修改投标文件或者
响应文件","ABCD"
"多选题","根据《政府采购法实施条例》规定，询问或 者质疑事项可能影响中标、成交结果的，采购 人应（）。","A. 未签订合同的，终止签订合同
B. 己经签订合同的，继续履行合同
C. 未签订合同的，暂停签iT合同
D. 己经签订合同的，应当中止履行合同
E. 己经签订合同的，暂停履行合同","CD"
"多选题","根据《政府采购法实施条例》，采购人应当自 政府采购合同签iT之日起2个工作日内，将政 府采购合同在省级W上人民政府财政部口指定 的媒体上公告，可W公告的内容有（）","A. 项目的名称、编号及预算金额
B. 合同标的的名称、规格型号与单价
C. 中标供应商的名称与地址
D. 商业秘密
E. 国家秘密","ABC"
"多选题","为实现节约能源、保护环境、扶持不发达地区 和少数民族地区、促进中小企业发展等政府采 购政策目标，目前国家己经出台的政府采购措 施包括0。","A. 预留采购份额
B. 价格评审优惠
C. 优先采购
D. 可以不进行公开招标
E. 制定采购需求标准","ABCE"
"多选题","根据《政府采购法实施条例》，政府采购活动 中采购人或者采购代理机构应当在（）中公开 采购项目预算金额。","A. 谈判文件
B. 中标公告
C. 终止公告
D. 招标文件
E. 询价通知书","ADE"
"多选题","政府采购项目，采购人、采购代理机构的下列 ()行为，可W依法追究法律责任。","A. 非法干预采购评审活动
B. 采用综合评分法时评审标准中的分值设置对应评审因素的量化指标
C. 未依法在指定的媒体上发布政府采购项目信息
D. 通过对样品进行检测、对供应商进行考察等方式改变评审结果
E. 未按照规定组织对供应商履约情况进行验收","ACDE"
"多选题","按照《政府采购法实施条例》规定，对供应商 履约情况进行验收，说法正确的是（）。","A. 政府采购合同的履约验收，应当邀请其他供应商参加
B. 采购人不得委托采购代理机构对供应商履约情况进行验收
C. 验收是对供应商履约情况的实质性验收，而不仅是清点数量及目测的
形式验收
D. 采购人可以委托采购代理对供应商履约情况验收
E. 政府向社会公众提供的公共服务项目，验收时应当邀请服务对象参与
并出具意见，验收结果应当向社会公告","CDE"
"多选题","依据《政府采购法实施条例》，对于""采购需 求""下列选项正确的是（）","A. 采购需求应当完整、明确
B. 采购需求必须征求社会公众意见
C. 采购需求必须征求供应商的意见
D. 采购需求应当合法合规
E. 采购需求必须另征求专家意见","AD"
"多选题","依据《政府采购法实施条例》，属于采购代理 机构的禁止行为的有（）。","A. 接受礼品、现金、有价证券等
B. 接受供应商的宴请、旅游、娱乐等活动安排
C. 与采购人、供应商恶意串通操纵采购活动
D. 组织供应商开讨论会
E. 以不正当的手段获得代理业务","ABCE"
"多选题","采购代理机构发现采购人（），应当建议改正 。采购人拒不改正的，采购代理机构应当向采 购人的本级人民政府财政部口报告，财政部口 应当依法处理。","A. 以不合理条件对供应商实行差别待遇、歧视待遇
B. 未要求供应商提交履约保证金
C. 采购需求存在其他不符合法律、法规和政府采购政策规定内容
D. 有其他违法行为的
E. 采购的产品数量可能无法满足需要","ACD"
"多选题","供应商的下列行为可能被列入不良行为记录名 单，禁止其1至3年内参加政府采购活动的有（ )。","A. 提供虚假材料进行投诉的
B. 在投标文件中以高价报价的
C. 捏造事实投诉的
D. 以非法手段取得证明材料投诉的
E. 在投标文件中以低价报价的","ACD"
"多选题","不同供应商不得参加同一合同项下的政府采购 活动的情形包括（）。","A. 存在直接控股关系
B. 存在参股关系
C. 存在管理关系
D. 单位负责人为同一人
E. 有供货合同关系","ACD"
"多选题","在政府向社会公众提供公共服务项目的公开招 标活动中，以下内容中应在指定媒体上进行公 告的是（）。","A. 验收结果
B. 项目中标人投标文件
C. 中fe结果
D. 政府采购合同
E. 招标公告","ACDE"
"多选题","政府采购评审专家在评审过程中受到非法干预 的，应当及时向（）举报。","A. 采购人
B. 审计部口
C. 财政部0
D. 采购代理机构
E. 监察部口","CE"
"多选题","根据《政府采购法实施条例》，采购文件要求 中标或者成交供应商提交履约保证金的，供应 商应当w()形式提交。","A. 汇票
B. 现金
C. 金融机构、担保机构出具的保函
D. 支票
E. 本票","ACDE"
"多选题","在政府采购活动中，采购人员及相关人员与供 应商有下列哪些利害关系，应当回避？","A. 参加采购活动前3年内与供应商存在劳动关系
B. 与供应商的法定代表人或者负责人有直系血亲关系
C. 是供应商的实际控制人
D. 与供应商的负责人有兰代W内旁系血亲关系
E. 与供应商有其他可能影响政府采购活动公平、公正进行的关系","ABCDE"
"多选题","政府采购工程依法不进行招标的应采用W下哪 种方式采 购：（）","A. 竞争性谈判
B. 询价
C. 单一来源采购
D. 竞争性磋商
E. 框架协议采购","ACD"
"多选题","采购人、采购代理机构在编制采购文件时，下 列哪些行为符合规定。","A. 应根据政府采购政策、采购预算、采购需求编制采购文件
B. 采购需求应当完整、明确，符合国家相关法律法规要求
C. 政府向社会公众提供的公共服务项目，无须就确定采购需求征求社会
公众的意见
D. 采购人可以就确定采购需求征求特定供应商、专家的意见
E. 政府采购工程招标适用招标投标法，可不执行政府采购政策","AB"
"多选题","下列属于""就同一采购项目向供应商提供有差 别的项目信息""的情形的是（）。","A. 公告内容与采购文件内容不一致
B. 采购人有差别的向潜在供应商介绍需求目标
C. 采购人分别组织潜在供应商踏勘项目现场
D. 采购人统一组织潜在供应商进行项目答疑，介绍采购文件的澄清修改内容
E. 采购人统一组织潜在供应商踏勘项目现场","ABC"
"多选题","下列情形中属于特定行政区域或者特定行 业的业绩、奖项作为加分条件或者中标、成交 条件""的是（）","A. 某省直单位采购家具项目，采购文件设定供应商在福州市有家具销售业绩的得3分
B. 某高校采购实验仪器项目，采购文件设定供应商具备""985高校""实验仪器销售业绩的得3分
C. 某省直医院采购物业项目，采购文件设定供应商具备医院物业服务业绩的得3分
D. 某单位采购信息化建设项目，采购文件设定供应商具备信息化建设类似业绩的得3分
E. 某水利单位中央空调维保项目，采购文件设定供应商具有水利系统中央空调维保业绩的得3分","AB"
"多选题","关于联合体投标，下列说法正确的有（）。","A. 联合体各方应共同与采购人签iT合同
B. 联合体各方对采购人承担连带责任
C. 联合体各方均应具备《政府采购法》规定的基本条件
D. 联合体中有相同资质的供应商按较高资质认定
E. 联合体中有相同资质的供应商按较低资质认定","ABCE"
"多选题","政府采购中，全国统一的信用信息平台对不良 行为记录的对象包括（）。","A. 监管部口
B. 采购代理机构
C. 供应商
D. 采购人
E. 评审专家","BCE"
"多选题","政府采购项目招标文件应当包括的内容有（） 0","A. 采购需求
B. 评标方法和标准
C. 投标保证金提交比例
D. 投标人的资格条件
E. 投标报价要求","ABDE"
"多选题","政府采购活动中，有政府采购法第屯十一条、 第走十二条规定的违法行为之一，影响或者可 能影响中标、成交结果的，依照下列规定处 理：","A. 政府采购合同己经履行，给采购人、供应商造成损失的，由责任人承
担赔偿责任
B. 政府采购合同己签巧但尚未履行的，合同有效，继续履行，并由责任
人赔偿损失
C. 未确定中标或者成交供应商的，终止本次政府采购活动，重新开展政
府采购活动
D. 政府采购合同己签订但尚未履行的，撤销本次政府采购合同
E. 己确定中标或者成交供应商但尚未签iT政府采购合同的，中标或者成
交结果无效","ACDE"
"多选题","根据《政府采购法实施条例》，供应商应知其 权益受到损害之日，正确的有（）。","A. 对中标或者成交结果提出质疑的，为提出质疑之日
B. 对中标或者成交结果提出质疑的，为中标或者成交结果公告之日
C. 对可以质疑的采购文件提出质疑的，为收到采购文件之日或者采购文
件公告期限届满之日
D. 对采购过程提出质疑的，为各采购程序环节结束之日
E. 对中标或者成交结果提出质疑的，为中标或者成交结果公告期限届满之日","CDE"
"多选题","按照《政府采购法实施条例》规定，采购人 做法不正确的是（）。","A. 采购人按照国务院财政部口的规定组织重新评审的，应当书面报告本
级人民政府财政部门
B. 采购人发现评审报告存在错误，可以重新组建评审委员会进行重新评审
C. 采购人按照国务院财政部口的规定组织重新评审的，新的评审报告应","BCE"
"多选题","根据《政府采购法实施条例》，关于政麻采购 代理机构的说法，正确的有（）。","A. 注册资本金超过100万元
B. 具有政府采购代理机构资质
C. 具备开展政府采购业务所需的评审条件和设施
D. 建立完善的政府采购内部监督管理制度
E. 有自有产权的办公场所","CD"
"多选题","按照《政府采购法实施条例》规定，政府采购 评审专家下列做法不正确的是（）。","A. 在评审过程中发现供应商有行贿、提供虚假材料或者串通等违法行为的，应当在评审完成后向公共资源交易中屯报告
B. 在评审过程中受到非法干预的，应当在评审完成后向财政、监察等部门举报
C. 采购人可以与评审专家沟通
D. 在评审过程中受到非法干预的，应当及时向财政、监察等部口举报。
E. 在评审过程中发现供应商有行贿、提供虚假材料或者串通等违法行为的，应当在评审完成后向财政部n报告","ABE"
"多选题","下列情形中，哪些属于政府采购法实施条例定 义的""财政性资金""范围。","A. 行政机关纳入预算管理的财政拨款收入
B. 行政机关纳入预算管理的利息收入
C. 事业单位纳入预算管理的经营收入
D. 事业单位纳入预算管理的捐赠收入
E. 纳入预算管理的附属单位上缴收入","ABCDE"
"多选题","下列采购项目适用《中华人民共和国政府采购 法》及《中华人民共和国政府采购法实施条例 》的有（）","A. 某省直高校采购与建筑物和构筑物新建、改建、扩建项目无关的单独的装修工程项目，预算金额800万元
B. 某省直机关单位办公大楼修緯工程项目，预算金额3抓万元
C. 某省直医院科研楼建设工程项目，预算金额抓00万元
D. 某商业银行钢结构停车场改造工程项目，预算金额300万元
E. 某保险公司新建宿舍楼建设工程项目，预算金额3000万","AB"
"多选题","公开招标项目，评审专家在评审时发现，采购 文件规定的号实质性要求条款存在明显 书写错误，导致所有投标人均不可能满足。此 时评审专家错误的做法是：","A. 按照字面意思评审，将所有投标作无效处理，导致废标
B. 集体讨论后，自行修正该错误条款的含义并进行评审
C. 停止评审，与采购人或者采购代理机构沟通并作书面记录
D. 忽略此条款，继续对其他条款进行评审
E. 建议采购人代表当场进行澄清","ABDE"
"多选题","政府采购项目中，以下（）属于评审委员会需 要重新审查自己的评审意见","A. 评审结束后出现法定情形发起的重新评审
B. 出现质疑后的配合协助答复
C. 单一来源公示后对供应商质疑的答复
D. 采购人要求的评审
E. 评标报告签署前的复核","ABE"
"多选题","根据《政府采购法》及其实施条例，下列属于 不能事先计算出价格总额的情形是0","A. 所采购的货物只能采用特定专利才能满足采购人的需求
B. 政府采购与建筑物新建相关的装修工程
C. 技术复杂或者性质特殊，需要聘请专业咨询机构确定详细规格或者具
体要求的
D. 政府采购某艺术品
E. 因服务时间和数量不能事先确定","ADE"
"多选题","根据《政府采购法实施条例》，采购人编制政 府采购实施计划的依据有（）。","A. 采购方案
B. 采购限额标准
C. 己批复的部口预算
D. 对供应商的资格要求
E. 集中采购目录","BCE"
"多选题","财政部口处理投诉事项，需要（）的时间，不 计算在投诉处理期限内。","A. 调查当事人基本信息
B. 投诉人补正材料
C. 检验、检测、鉴定
D. 询问相关当事人
E. 专家评审","BCE"
"多选题","政府采购法所称分散采购包括（）行为。","A. 采购人委托采购代理机构采购未列入集中采购目录，也未达到采购限额的项目
B. 采购人委托集中采购机构采购集中采购目录W外但属于政府采购范围内的品目
C. 采购人委托采购代理机构采购集中采购目录W外采购限额标准W上的项目
D. 采购人自行采购采购限额标准W上的未列入集中采购目录的项目
E. 采购人自行采购政府采购范围外的品目","BCD"
"判断题","在非被密或不存在敏感信息的政府采购项目中 要求供应商有从事涉密业务的资格属于对供应 商实行差别待遇的情形。","A. 正确
B. 错误","A"
"判断题","工程建设有关的货物，是指构成工程不可分割 的组成部分，且为实现工程基本功能所必需的 设备、材料等。","A. 正确
B. 错误","A"
"判断题","采购代理机构工作人员不得接受采购人或者供 应商组织的宴请、旅游、娱乐，不得收受礼品 、现金、有价证券等，不得向采购人或者供应 商报销应当由个人承担的费用","A. 正确
B. 错误","A"
"判断题","政府采购法实施条例的规定，审计机关，监察机关发现采购当事人有违法行为的，应当及时通报财政部0。","A. 正确
B. 错误","A"
"判断题","政府采购项目评审专家对评审报告有异议的可以不在评审报告上签字，只需书面说明不同意见及理由。","A. 正确
B. 错误","B"
"判断题","政府采购货物和服务，采购人公示采购信息和 唯一供应商名称时，公示期不得少于3个工作曰。","A. 正确
B. 错误","B"
"判断题","采购人应当自政府采购合同签订之日起2个工 作日肉，将政府采购合同在省级以上人民政府 财政部口指定的媒体上公告，但政府采购合同 中被及国家秘密、商业秘密的内容除外。","A. 正确
B. 错误","A"
"判断题","供应商对采购文件提出质疑的，可以自采购文 件公告之日起7个工作日肉提出。","A. 正确
B. 错误","B"
"判断题","采购人、采购代理机构不得向供应商索要或者接受其给予的赠品、回扣或者与采购无关的其他商品、服务","A. 正确
B. 错误","A"
"判断题","采购人或者采购代理机构不得通过对样品进行检测、对供应商进行考察等方式改变评审结果0","A. 正确
B. 错误","A"
"判断题","中标通知书发出后，因采购人内部审批流程复杂，双方在通知书发出后第40天才正式签订政府采购合同。只要供应商同意，此行为不违反法律规定。","A. 正确
B. 错误","B"
"判断题","招标文件要求提交样品，评审结束后，采购代 理机构将中标人的样品留样封存，将未中标人 的样品自行处理变卖，所得款项用于冲抵采购 代理成本费用。此做法符合法律规定。","A. 正确
B. 错误","B"
"判断题","政府采购项目，中标结果公告中必须公布所有 投标人的报价和评分明细。","A. 正确
B. 错误","B"
"判断题","供应商对采购文件有疑问，在投标截止日3天前向采购人口头提出询问，采购人必须书面答复。","A. 正确
B. 错误","B"
"判断题","中标供应商将项目非主体部分分包给子公司， 不需要采购人同意。","A. 正确
B. 错误","B"
"判断题","银行、保险、石油石化、电力、电信等有行业 将殊情况的，采购人可按照其特点在采购文件 中专门规定允许分支机构参加政府采购。","A. 正确
B. 错误","A"
"判断题","政府采购项目中，为采购项目提供整体设计、规范编制的供应商，可以再参加该采购项目监理、检测服务的采购。","A. 正确
B. 错误","A"
"判断题","采购人或采购代理机构不得通过强制供应商组 成联合体参与投标。","A. 正确
B. 错误","A"
"判断题","政府采购法律法规明确的由采购人承担的法律 责任，不因为采购人将相关事项委托出去而转移。","A. 正确
B. 错误","A"
"判断题","在政府采购管理中，凡使用纳入预算管理的资金，不论资金来源，都应当纳入政府采购管理范畴。","A. 正确
B. 错误","A"
"判断题","政府采购工程以及与工程建设有关的货物、服务，采用招标方式采购的，可不执行政府采购政策。","A. 正确
B. 错误","B"
"判断题","政府采购工程项目的可行性研究报告服务采购 属于《中华人民共和国政府采购法实施条例》 规定的与工程建设有关的服务。","A. 正确
B. 错误","B"
"判断题","政府采购评审专家与供应商存在利害关系未回 避的，处2万元以上日万元以下的罚款，禁止其 参加政府采购评审活动。","A. 正确
B. 错误","A"
"判断题","采购代理机构应当在中标通知书发出后5个工 作日肉，退还中标供应商的投标保证金。","A. 正确
B. 错误","B"
"判断题","政府采购项目中，单位负责人为同一人或者存 在控股、管理关系的不同供应商，不得参加同 一合同项下的政府采购活动。","A. 正确
B. 错误","B"
"判断题","福建省某事业单位利用财政性资金和接受的社 会捐赠资金共同实施一个信息化项目，项目预 算300万元，其中财政性资金150万元，社会捐 赠资金150万元。该项目整体必须执行政府采 购程序，并按照300万元的总预算确定采购方式。","A. 正确
B. 错误","A"
"判断题","政府采购评审专家未按照采购文件规定的评审 程序、评审方法和评审标准进行独立评审或者 泄露评审文件、评审情况的，由财政部口给予 警告，并处2000元以上2万元以下的罚款；影 响中标、成交结果的，处2万元以上5万元以下 的罚款，禁止其参加政府采购评审活动。","A. 正确
B. 错误","A"
"判断题","某事业单位使用其下属独立核算企业的分红利 涧（该利润未上缴财政，直接用于单位设备更 新）采购一批价值300万元的科研设备。因该 资金来源于投资收益，故该项目可不适用《政 府采购法》及其实施条例。","A. 正确
B. 错误","B"
"判断题","为确保项目成功率，某服务项目招标文件规 定：""投标人须提供近呈年内在副省级以上城 市完成的同类项目业绩，每个业绩得2分，最 高得6分""。该规定因限制了特定行政区域的 业绩，属于以不合理条件实行差别待遇的规定（（）","A. 正确
B. 错误","A"
"判断题","甲、乙两家公司的投标文件中，技术方案章节 出现了兰处完全相同的、非通用的描述性语句 错误。评标委员会据此认定两家公司投标文件 ""异常一致""，视为串通投标，否决了其投标 。此认定符合政府采购相关规定。","A. 正确
B. 错误","A"
"单选题","《招标投标法》规定招标投标活动应当遵循的核心原则 是？","A. 公开、公平、公正和诚实信用
B. 科学、择优、保密和高效
C. 合法、合规、合理和合约
D. 独立、客观、公正和保密","A"
"单选题","《招标投标法》规定采用邀请招标方式的，招标人应当 向至少多少个具备承担项目能力、资信良好的特定法人 或其他组织发出投标邀请书？","A. 两个
B. 三个
C. 五个
D. 七个","B"
"单选题","《招标投标法》规定投标人应当在何时之前将投标文件 送达投标地点？","A. 开标时间
B. 评标开始时间
C. 招标文件要求提交投标文件的截止时间
D. 合同签订时间","C"
"单选题","依法必须进行招标的项目，其评标委员会中技术、经济 等方面的专家人数不得少于成员总数的多少？","A. 三分之一
B. 二分之一
C. 三分之二
D. 四分之三","C"
"单选题","根据《招标投标法》，招标人对已发出的招标文件进行 修改的，应当在招标文件要求提交投标文件截止时间至 少（）前，以书面形式通知所有招标文件收受人","A. 5日
B. 7日
C. 10日
D. 15日","D"
"单选题","根据《招标投标法》，由同一专业的单位组成的联合体 共同投标时，其资质等级应如何确定？","A. 按照资质等级较高的单位确定
B. 按照各成员资质等级的平均值确定
C. 按照资质等级较低的单位确定
D. 由招标人指定其中一家为准","C"
"单选题","根据《招标投标法》，中标人的投标除了需满足招标文 件的实质性要求外，若其“经评审的投标价格最低”， 还必须满足一个前提条件。这个前提条件是？","A. 低于招标人设定的标底
B. 低于所有投标人报价的平均值
C. 投标价格不低于成本
D. 得到评标委员会全票通过","C"
"单选题","下列招标投标活动，适用《招标投标法》的是（）","A. 台湾某单位某机电产品国际招标
B. 北京某公司参加泰国建筑工程投标
C. 香港某单位某工程建设项目施工招标
D. 台湾企业参加平潭综合试验区某建筑工程投标","D"
"单选题","某工程施工招标采用“经评审的最低投标价法”。评审 中，评标委员会发现投标人A的报价显著低于其他投标人 。A公司书面说明称因其拥有新型施工专利可大幅节约成 本，但拒绝提供详细的成本分析，称此为核心商业机密 。评标委员会应如何处理？","A. 接受其说明，因其理由合理且报价最低，推荐为第一中标候选人
B. 直接认定其报价低于成本，否决其投标
C. 因A公司未能提供充分证明材料，无法认定其报价不低于成本，
可据此否决其投标
D. 要求所有投标人重新报价，以形成竞争","C"
"单选题","根据《招标投标法》，在某项目评标结束后、中标通知 书发出前，招标人代表私下联系排名第一的中标候选人B 公司，表示“贵公司承诺的项目经理业绩虽满足要求， 但并非最优，若能更换为我方更熟悉的某专家，将更有 利于合同履行”。B公司为求稳妥中标，书面同意了此要 求。此事后被举报查实。该行为性质如何认定？","A. 属于合同签订前的正常人员磋商，不违法
B. 属于招标人代表个人不当沟通，不影响中标结果
C. 属于在确定中标人前，就投标方案（项目经理）这一实质性内容
进行谈判，违法
D. 属于招标人对中标候选人履约能力的合理考察","C"
"多选题","根据《招标投标法》，在中华人民共和国境内，下列哪 些工程建设项目必须进行招标？","A. 大型基础设施项目
B. 部分使用国有资金投资的项目
C. 使用国际组织援助资金的项目
D. 民营企业使用自有资金建设自用的厂房建设项目
E. 关系公共安全的公用事业项目","ABCE"
"多选题","根据《招标投标法》，招标公告应当载明哪些事项？","A. 招标人的名称和地址
B. 招标项目的性质、数量
C. 招标项目的实施地点和时间
D. 获取招标文件的办法
E. 招标项目的评审专家名单","ABCD"
"多选题","根据《招标投标法》，招标文件应当包括以下哪些内 容？","A. 招标项目的技术要求
B. 对投标人资格审查的标准
C. 投标报价要求和评标标准
D. 拟签订合同的主要条款
E. 招标代理机构负责人的姓名","ABCD"
"多选题","根据《招标投标法》，投标人不得从事哪些违法行为？","A. 相互串通投标报价
B. 与招标人串通投标
C. 以向评标委员会成员行贿的手段谋取中标
D. 以低于成本的报价竞标
E. 与他人组成联合体投标","ABCD"
"多选题","根据《招标投标法》，具备什么条件的招标人可以自行 办理招标事宜？","A. 具有法人资格
B. 具有编制招标文件的能力
C. 具有组织评标的能力
D. 在建设主管部门备案
E. 具有与项目规模相适应的专业人员","BC"
"多选题","根据《招标投标法》，招标人负有哪些保密义务？","A. 不得向他人透露已获取招标文件的潜在投标人的名称、数量
B. 不得透露可能影响公平竞争的有关招标投标的其他情况
C. 招标人设有标底的，标底必须保密
D. 评标委员会成员的名单在开标前应当保密
E. 投标文件的内容在开标前应当保密","ABC"
"多选题","根据《招标投标法》，关于联合体投标的说法正确的是 （）","A. 两个以上法人或者其他组织可以组成一个联合体，以一个投标人
的身份共同投标
B. 联合体各方均应当具备承担招标项目的相应能力
C. 由同一专业的单位组成的联合体，按照资质等级较高的单位确定
资质等级
D. 联合体各方应当签订共同投标协议，明确约定各方拟承担的工作
和责任，并将共同投标协议连同投标文件一并提交招标人
E. 联合体中标的，联合体各方应当共同与招标人签订合同，就中标
项目向招标人承担连带责任","ABDE"
"多选题","招标代理机构在组织开标时，应遵守《招标投标法》哪 些规定（）","A. 开标应当在招标文件确定的提交投标文件截止时间的同一时间公
开进行
B. 开标地点应当为招标文件中预先确定的地点
C. 邀请所有投标人参加开标
D. 开标时，由投标人或者其推选的代表检查投标文件的密封情况开标时，也可以由招标人委托的公证机构检查并公证
E. 开标过程应当记录，并存档备查","ABCDE"
"多选题","根据《招标投标法》,某省重点高速公路项目招标，投标 人A为增强竞争力，邀请同省从事建材贸易但无施工资质 的B公司组成联合体投标，并由A公司全权负责投标文件 编制与报价,A、B共同联合参与施工。同时，A公司私下 承诺，若中标将向评审专家C支付一笔“协作费”。根据 《招标投标法》，下列哪些说法是正确的？","A. 联合体AB投标的行为本身合法
B. 该联合体投标行为违法，因为B公司不具备承担项目所需的施工
资质
C. A公司向评审专家C支付“协作费”的承诺，可能构成向他人行贿
以谋取中标
D. 即使B公司无资质，只要联合体协议约定A承担全部责任，该投标
就有效
E. 评标委员会若发现此情况，应否决其投标","BCE"
"多选题","根据《招标投标法》,在某大型设备招标项目的评标结束 后，招标人发现排名第一的中标候选人甲公司，在其投 标文件中提供的某关键业绩合同复印件存在瑕疵，真实 性存疑。招标人欲进行调查核实。在此过程中，下列哪 些做法是《招标投标法》明确禁止或存在重大法律风险 的？","A. 招标人单独约谈甲公司项目负责人，要求其对业绩瑕疵作出解释
并提供证明材料
B. 招标人书面发函要求甲公司限期澄清，并将该澄清函件同时抄送
了排名第二的中标候选人乙公司，以示公正
C. 招标人组织原评标委员会对甲公司的业绩问题进行复核，并由评
标委员会作出是否影响中标结果的认定
D. 招标人以“对中标候选人的业绩真实性无法确认”为由，直接决
定不发出中标通知书，并宣布从第二名候选人中重新确定中标人
E. 招标人将相关线索和材料直接移交行政监督部门，请求监管部门
依法进行调查并作出认定","ABD"
"判断题","根据《招标投标法》，招标代理机构应当在招标人委托 的范围内办理招标事宜，并遵守《招标投标法》关于招 标人的规定。","A. 正确
B. 错误","A"
"判断题","根据《招标投标法》，招标人可以在招标公告中要求潜 在投标人提供有关资质证明文件和业绩情况。","A. 正确
B. 错误","A"
"判断题","根据《招标投标法》，招标人可以在招标文件中标明特 定的生产供应者。","A. 正确
B. 错误","B"
"判断题","根据《招标投标法》，招标人根据招标项目的具体情 况，可以组织潜在投标人踏勘项目现场。","A. 正确
B. 错误","A"
"判断题","根据《招标投标法》，某投标人向招标代理机构询问获 取招标文件的投标人数量，招标代理机构可以告知。","A. 正确
B. 错误","B"
"判断题","根据《招标投标法》，投标人在招标文件要求提交投标 文件的截止时间后，可以补充、修改或撤回其投标文件 。","A. 正确
B. 错误","B"
"判断题","根据《招标投标法》，联合体各方应当共同与招标人签 订合同，并就中标项目向招标人承担连带责任。","A. 正确
B. 错误","A"
"判断题","根据《招标投标法》，招标人从评标专家库中选取的专 家，其专业背景必须与招标项目所属行业完全一致。","A. 正确
B. 错误","B"
"判断题","根据《招标投标法》，某省重点水利项目，因技术复杂 、有特殊要求，只有3家潜在投标人能够承担。经该省水 利厅批准，招标人可以采取邀请招标方式。","A. 正确
B. 错误","B"
"判断题","根据《招标投标法》，由甲、乙、丙三家公司组成的联 合体在某项目中标后，因内部纠纷，甲公司在未通知招 标人的情况下，单独与招标人签署了项目合同。该合同 对招标人具有约束力","A. 正确
B. 错误","B"
"单选题","依法必须进行招标的工程建设项目的具体范围和规模标 准，由（）会同国务院有关部门制订","A. 国务院财政部门
B. 国务院发展改革部门
C. 国务院住房城乡建设部门
D. 国务院办公厅","B"
"单选题","根据《招标投标法实施条例》，资格预审文件或者招标 文件的发售期不得少于（）","A. 5个工作日
B. 5日
C. 7日
D. 7个工作日","B"
"单选题","根据《招标投标法实施条例》，中标候选人的经营、财 务状况发生较大变化或者存在违法行为，招标人认为可 能影响其履约能力的，应当由原评标委员会按照招标文 件规定的标准和方法审查确认。该确认的最晚时间为 （）","A. 中标候选人公示前
B. 确定中标人前
C. 发出中标通知书前
D. 签订书面合同前","C"
"单选题","根据《招标投标法实施条例》规定，依法必须进行招标 的项目，招标人应当自收到评标报告之日起3日内公示中 标候选人，公示期不得少于（）。","A. 1个工作日
B. 3个工作日
C. 3日
D. 10日","C"
"单选题","根据《招标投标法实施条例》规定，投标人在中标候选 人公示期间对评标结果提出异议，招标人应当自收到异 议之日起（）日内作出答复。","A. 3
B. 5
C. 7
D. 10","A"
"单选题","根据《招标投标法实施条例》规定，招标人最迟应当在 书面合同签订后（ ）日内向中标人和未中标的投标人 退还投标保证金及银行同期存款利息。","A. 3
B. 5
C. 7
D. 10","B"
"单选题","根据《招标投标法实施条例》，履约保证金不得超过中 标合同金额的（ ）","A. 1%
B. 2%
C. 5%
D. 10%","D"
"单选题","根据《招标投标法实施条例》，招标人在招标文件中要 求投标人提交投标保证金的，投标保证金不得超过招标 项目估算价的（）","A. 1%
B. 2%
C. 3%
D. 5%","B"
"单选题","根据《招标投标法实施条例》规定，某国有企业使用非 财政性的自有资金建设一座自用的研发中心，总投资额 高于国家规定的必须招标规模标准。根据《招标投标法 实施条例》，该项目（ ）。","A. 必须公开招标
B. 可以邀请招标
C. 采购人依法能够自行建设，可以不进行招标
D. 必须进行竞争性谈判","C"
"单选题","根据《招标投标法实施条例》，评标委员会在评审中发 现，投标人丙的投标函中承诺的项目经理姓名，与其提 交的业绩证明材料中记载的项目经理姓名有一个字同音 不同字（如“峰”与“锋”），可能为笔误。评标委员 会遂书面要求丙澄清。丙回复确认系笔误，其项目经理 实际为业绩材料中所载姓名，并附上了该经理的身份证 及社保缴纳记录复印件。对此，下列哪一说法是正确 的？","A. 澄清有效，评标委员会应以澄清后的信息为准进行评审
B. 澄清无效，因为改变了投标函这一关键文件的实质性内容
C. 澄清无效，评标委员会应直接以投标函内容为准，认定其业绩无
效
D. 评标委员会无权就此类问题要求澄清，应直接作出对其不利的推
定","A"
"多选题","根据《招标投标法实施条例》，招标人对招标文件进行 澄清或修改，可能影响投标文件编制应当（ ）","A. 以书面形式通知所有获取招标文件的潜在投标人
B. 在提交投标文件截止时间至少15日前发出通知
C. 澄清或修改的内容不构成招标文件的组成部分
D. 不足15日时，应顺延提交投标文件截止时间
E. 仅需通知提出疑问的投标人","ABD"
"多选题","《招标投标法实施条例》关于两阶段招标，下列说法正 确的有（ ）","A. 适用于技术复杂或者无法精确拟定技术规格的项目
B. 第一阶段，投标人提交带报价的技术建议
C. 第二阶段，招标人向在第一阶段提交技术建议的投标人提供招标
文件
D. 投标保证金应在第二阶段提交
E. 投标保证金应在第一阶段提交","ACD"
"多选题","根据《招标投标法实施条例》，需要履行项目审批、核 准手续的依法必须进行招标的项目，其（）应当报项目 审批、核准部门审批、核准。","A. 招标公告
B. 招标文件
C. 招标范围
D. 招标方式
E. 招标组织形式","CDE"
"多选题","根据《招标投标法实施条例》，有下列情形之一的，评 标委员会应当否决其投标：","A. 投标文件未经投标单位盖章和单位负责人签字
B. 投标报价大写金额与小写金额不一致
C. 同一投标人提交两个以上不同的投标文件
D. 投标文件没有对招标文件的实质性要求和条件作出响应
E. 投标人根据评标委员会要求对投标文件进行澄清","ACD"
"多选题","根据《招标投标法实施条例》，关于履约保证金，下列 说法符合规定的有（）","A. 招标人不得要求中标人提交现金
B. 履约保证金不得超过中标合同金额的10%
C. 中标人拒绝提交的，视为放弃中标
D. 招标人不得擅自提高履约保证金金额
E. 工程建设项目，只能采用履约保函","BCD"
"多选题","根据《招标投标法实施条例》，排名第一的中标候选人 有哪些情形（），不符合中标条件的，招标人可以按照 评标委员会提出的中标候选人名单排序依次确定其他中 标候选人为中标人，也可以重新招标。","A. 放弃中标
B. 因不可抗力不能履行合同
C. 不按照招标文件要求提交履约保证金
D. 被查实存在影响中标结果的违法行为等情形
E. 与招标人商讨合同签订事宜","ABCD"
"多选题","根据《招标投标法实施条例》，国有资金占控股或者主 导地位的依法必须进行招标的项目，哪些情形可以采用 邀请招标（）","A. 需要采用不可替代的专利或者专有技术
B. 技术复杂，只有少量潜在投标人可供选择
C. 有特殊要求，只有少量潜在投标人可供选择
D. 受自然环境限制，只有少量潜在投标人可供选择
E. 采用公开招标方式的费用占项目合同金额的比例过大","BCDE"
"多选题","根据《招标投标法实施条例》下列哪些行为（ ），属于 以不合理条件限制、排斥潜在投标人或者投标人：","A. 就同一招标项目向潜在投标人或者投标人提供有差别的项目信息
B. 设定的资格、技术、商务条件与招标项目的具体特点和实际需要
不相适应或者与合同履行无关
C. 依法必须进行招标的项目以特定行政区域或者特定行业的业绩、
奖项作为加分条件或者中标条件
D. 对潜在投标人或者投标人采取不同的资格审查或者评标标准
E. 限定或者指定特定的专利、商标、品牌、原产地或者供应商","ABCDE"
"多选题","根据《招标投标法实施条例》，下列哪些项目可以不进 行招标（）","A. 某铁路工程招标，技术复杂、材料有特殊要求，只有少量潜在投标人可供选择
B. 某国有企业建设办公楼，子公司具备相应的施工资质，能够自行建设
C. 已通过招标方式选定某污水处理特许经营项目投资人，该投资人依法能够自行建设​
D. 为保证原有设备正常运行，需向原中标人采购配套零部件，否则将影响功能配套要求​
E. 某国有企业建设工程项目，采用公开招标成本过高","CD"
"多选题","根据《招标投标法实施条例》，下列哪些情形可以被认 定为投标人相互串通投标？","A. 不同投标人的投标文件由同一单位或者个人编制
B. 不同投标人的投标保证金从同一基本账户转出
C. 不同投标人的投标文件相互混装
D. 不同投标人编制的施工组织设计存在部分合理的技术相似性
E. 两家投标人在开标会前一起乘坐同一辆的士抵达现场","ABC"
"判断题","根据《招标投标法实施条例》，招标人根据项目需要， 可以组织单个或者部分潜在投标人踏勘项目现场。","A. 正确
B. 错误","B"
"判断题","根据《招标投标法实施条例》，单位负责人为同一人或 者存在控股、管理关系的不同单位，不得参加同一标段 投标。","A. 正确
B. 错误","A"
"判断题","根据《招标投标法实施条例》，联合体各方在同一招标 项目中以自己名义单独投标或者参加其他联合体投标 的，相关投标均无效。","A. 正确
B. 错误","A"
"判断题","根据《招标投标法实施条例》，投标文件中有含义不明 确的内容、明显文字或者计算错误，评标委员会可以接 受投标人主动提出的澄清、说明。","A. 正确
B. 错误","B"
"判断题","根据《招标投标法实施条例》，投标人撤回已提交的投 标文件，应当在投标截止时间前书面通知招标人。","A. 正确
B. 错误","A"
"判断题","根据《招标投标法实施条例》，通过资格预审的申请 人，在投标时组织机构发生合并、分立的，应当书面告 知招标人，如投标人不再具备资格预审文件、招标文件 规定的资格条件，其投标无效。","A. 正确
B. 错误","A"
"判断题","根据《招标投标法实施条例》，潜在投标人或者其他利 害关系人对招标文件有异议的，应当在投标截止时间15 日前提出。","A. 正确
B. 错误","B"
"判断题","根据《招标投标法实施条例》，投标人在投标截止时间 前书面通知招标人撤回投标文件的，招标人可以不退还 投标保证金。","A. 正确
B. 错误","B"
"判断题","根据《招标投标法实施条例》，甲公司的总经理个人持 有乙公司30%的股份，并担任乙公司董事。甲、乙两公司 可以参加同一标段的投标。","A. 正确
B. 错误","A"
"判断题","根据《招标投标法实施条例》，国有资金占控股地位的 依法必须招标项目，招标人应当确定排名第一的中标候 选人为中标人。当第一中标候选人放弃、被查实不符合 条件或被依法否决时，招标人必须选择排名第二的中标 候选人。","A. 正确
B. 错误","B"
"单选题","根据《政府采购非招标采购方式管理办法》，以下哪 种采购方式不属于该办法规范的非招标采购方式？","A. 竞争性谈判
B. 单一来源采购
C. 询价
D. 公开招标","D"
"单选题","竞争性谈判采购方式中，未达到公开招标数额标准的 货物、服务采购项目谈判小组应当由采购人代表和评 审专家共几人以上的单数组成？","A. 3人
B. 5人
C. 7人
D. 9人","A"
"单选题","根据《政府采购非招标采购方式管理办法》，达到公 开招标数额标准的货物、服务采购项目，拟采用非招 标采购方式的，采购人应当在采购活动开始前，报经 哪个部门批准？","A. 本级人民政府
B. 上级主管部门
C. 设区的市、自治州以上人民政府财政部门
D. 审计部门","C"
"单选题","采用单一来源采购方式时，采购人、采购代理机构应 当在省级以上财政部门指定媒体上进行公示，公示期 不得少于几个工作日？","A. 3个工作日
B. 5个工作日
C. 7个工作日
D. 10个工作日","B"
"单选题","谈判文件除应当包含供应商资格条件、采购预算等基 础内容外，还必须明确的可实质性变动内容不包括以 下哪项？","A. 技术要求
B. 服务要求
C. 合同草案条款
D. 供应商资质标准","D"
"单选题","达到公开招标数额标准的货物采购项目，竞争性谈判 小组的组成人数应满足以下哪项要求？","A. 3 人以上单数
B. 5 人以上单数
C. 7 人以上单数
D. 不少于 3 人即可","B"
"单选题","政府采购非招标采购项目的保证金数额上限为多少？","A. 采购项目预算的 1%
B. 采购项目预算的 2%
C. 最高不超过 5 万元
D. 最高不超过 10 万元","B"
"单选题","达到公开招标数额标准的服务采购项目，拟采用非招 标采购方式的，采购人应向哪一级人民政府财政部门 申请批准？","A. 县级以上
B. 设区的市、自治州以上
C. 省级以上
D. 国家级","B"
"单选题","竞争性谈判小组中评审专家的人数占比不得低于多少？","A. 1/2
B. 2/3
C. 3/4
D. 1/3","B"
"单选题","采用书面推荐方式选择供应商时，采购人推荐的供应 商比例不得超过推荐总数的多少？","A. 30%
B. 40%
C. 50%
D. 60%","C"
"单选题","供应商提交的响应文件在截止时间后送达的，采购人 或谈判小组应当如何处理？","A. 予以接收但不予评审
B. 拒收
C. 经采购人同意后可接收
D. 若文件齐全可接收","B"
"单选题","采购人、采购代理机构组织非招标采购活动时，应当 采取必要措施保证评审在何种情况下进行？","A. 公开透明
B. 严格保密
C. 媒体监督
D. 全程直播","B"
"单选题","技术复杂、专业性强的竞争性谈判采购项目，经主管 预算单位同意后可采取何种方式选定评审专家？","A. 采购人主管预算单位指定
B. 自行选定
C. 从供应商推荐名单中选择
D. 由代理机构选定","B"
"单选题","技术复杂、专业性强的竞争性谈判采购项目，评审专 家中应当包含几名法律专家？","A. 0名
B. 1名
C. 2名
D. 3名","B"
"单选题","根据《政府采购非招标采购方式管理办法》，供应商 为联合体的，保证金的交纳方式正确的是？","A. 必须由联合体牵头方交纳
B. 可由联合体一方或多方共同交纳
C. 联合体各方需分别交纳
D. 无需交纳保证金","B"
"单选题","询价通知书应当明确的核心内容不包括以下哪项？","A. 报价要求
B. 评定成交标准
C. 谈判程序
D. 响应文件编制要求","C"
"单选题","谈判小组的核心职责不包括以下哪项？","A. 制定谈判文件
B. 未获得授权直接确定成交供应商
C. 审查响应文件
D. 编写评审报告","B"
"单选题","根据《政府采购非招标采购方式管理办法》，公开招 标的货物采购项目，招标过程中提交投标文件并实质 性响应的供应商仅有两家时，采购人的正确做法是？","A. 直接与这两家供应商进行竞争性谈判
B. 经本级财政部门批准后可与该两家供应商进行竞争性谈判
C. 转为单一来源采购
D. 转为竞争性磋商采购","B"
"单选题","谈判小组要求供应商澄清响应文件时，澄清内容的限 制条件是？","A. 不得超出响应文件范围且不得改变实质性内容
B. 可适当补充新的技术方案
C. 可调整报价金额
D. 无需书面形式作出","A"
"单选题","谈判文件、询价通知书不得包含的内容是？","A. 采购需求
B. 特定货物品牌要求
C. 报价要求
D. 保证金形式","B"
"单选题","评审专家在非招标采购项目评审中应当履行的义务不 包括以下哪项？","A. 客观公正履行职责
B. 对个人评审意见承担法律责任
C. 参与评审报告起草
D. 配合采购人对项目进行履约验收","D"
"单选题","采购人申请采用非招标采购方式时，无需向财政部门 提交的材料是？","A. 项目基本情况说明
B. 预算批复文件
C. 供应商资质证明
D. 拟采用采购方式的理由","C"
"单选题","采购代理机构人员能否参加本机构代理项目的评审？","A. 可以作为采购人代表参加
B. 可以作为评审专家参加
C. 不得参加
D. 经财政部门批准后可参加","C"
"单选题","竞争性谈判文件应当明确的事项不包括以下哪项？","A. 谈判程序
B. 谈判内容
C. 合同草案的主要条款
D. 供应商的注册资本要求","D"
"单选题","某省级医院采购大型医疗设备（达到公开招标数额标 准），公开招标仅两家供应商实质性响应，经财政部 门批准转为竞争性谈判。关于谈判小组组成，以下正 确的是？","A. 由 3 人组成，其中评审专家 2 名
B. 由 5 人组成，其中评审专家 4 名
C. 由 3 人组成，其中评审专家 1 名
D. 为保证评审专业性，可全部由采购人代表组成","B"
"单选题","某代理机构组织询价采购项目，采用采购人推荐与专 家推荐相结合的方式选择供应商，采购人推荐了 2 家供应商。以下关于供应商数量及保证金的说法正确 的是？","A. 专家需至少推荐 2 家，保证金最高为预算的 2%
B. 专家需至少推荐 3 家，保证金最高为预算的 1%
C. 专家需至少推荐 1 家，保证金最高为 5 万元
D. 专家可推荐 1 家，保证金无上限","A"
"单选题","供应商在提交询价响应文件截止时间前撤回响应文 件，随后又在截止时间前重新提交补充文件（含原响 应文件），以下处理方式正确的是？","A. 拒收补充文件
B. 接收补充文件，以补充文件为准
C. 仅接收原响应文件
D. 视为无效响应","B"
"单选题","根据《政府采购非招标采购方式管理办法》，技术复 杂的竞争性谈判项目，评审专家选择采用自行选定方 式，专家在评审时发现存在需要回避情形，以下处理 方式正确的是？","A. 继续参与评审，注明回避情况即可
B. 立即退出评审，重新选定专家
C. 经采购人同意后可继续参与
D. 无需回避，按原计划评审","B"
"单选题","竞争性谈判结束后，采购人发现成交供应商A在评审 过程中提供的某份业绩证明材料复印件模糊不清，谈 判小组当时未要求澄清，现可能影响其履约能力认定 。采购人应如何处理？","A. 组织原谈判小组对该问题进行重新评审
B. 要求供应商A就此材料进行补充澄清，作为合同附件
C. 如查实且可能影响到评审结果，应当重新开展采购活动，并同时书面
报告本级财政部门
D. 鉴于谈判已结束，此问题不影响合同签订与履行","C"
"单选题","根据《政府采购非招标采购方式管理办法》，某政府 采购货物类项目，达到公开招标数额标准，但技术复 杂只能从唯一供应商处采购，拟采用单一来源采购， 以下做法正确的是？","A. 执行单位内控流程，审批同意即可
B. 提交专家论证意见及公示情况，经主管预算单位同意即可执行
C. 提交专家论证意见及公示情况，经财政部门批准后方可执行
D. 可直接采用单一来源方式，事后备案","C"
"多选题","询价采购中，询价小组在推荐成交候选人时，应遵循 的原则是？","A. 质量和服务均能满足采购文件实质性响应要求
B. 提供增值服务最多
C. 报价由低到高顺序
D. 综合评分最高
E. 综合评审最优","AC"
"多选题","政府采购评审专家在询价采购活动中，应当履行哪些 职责？","A. 要求供应商解释或者澄清其响应文件
B. 编写评审报告
C. 制定询价通知书
D. 告知采购人、采购代理机构在评审过程中发现的供应商的违法违规行
为
E. 与供应商进行一对一谈判","ABCD"
"多选题","关于竞争性谈判小组或询价小组的组成，下列哪些说 法是正确的？","A. 应当由采购人代表和评审专家共同组成
B. 成员人数应当为3人以上单数
C. 该项目采购代理机构人员可以作为评审专家参与
D. 技术复杂、专业性强的竞争性谈判采购项目，评审专家中应当包含1
名法律专家
E. 随机方式难以确定合适的评审专家的，经主管预算单位同意，可以自
行选定评审专家","ABDE"
"多选题","根据74号令，采购人、采购代理机构可以通过以下哪 些方式邀请供应商参与竞争性谈判或询价采购活动？","A. 在省级以上财政部门指定媒体发布公告
B. 从省级以上财政部门建立的供应商库中随机抽取
C. 由采购人直接指定熟悉的供应商
D. 由采购人和评审专家分别书面推荐
E. 由采购人主管部门推荐","ABD"
"多选题","竞争性谈判文件应当明确的事项包括：","A. 供应商的资格条件
B. 采购程序
C. 采购邀请
D. 报价要求
E. 评分细则","ABCD"
"多选题","政府采购项目，关于履约保证金，下列说法正确的 有：","A. 履约保证金不得超过采购合同金额的10%
B. 采购人可以要求只接受现金形式的履约保证金
C. 验收结果应当与采购合同约定的资金支付及履约保证金返还条件挂钩
D. 采购人应当在采购合同中约定履约保证金退还的方式
E. 采购人应当允许供应商以支票、汇票、本票或者金融机构、担保机构
出具的保函提交履约保证金","ACDE"
"多选题","关于成交结果的公告，下列说法正确的有：","A. 应当在成交供应商确定后2个工作日内在指定媒体公告
B. 公告期限不得少于5个工作日
C. 公告内容应当包括成交供应商名称和地址
D. 公告内容应当包括主要成交标的的名称、规格型号、数量、单价
E. 采用书面推荐供应商参加采购活动的，还应当公告采购人和评审专家
的推荐意见。","ACDE"
"多选题","在询价采购项目中，出现下列哪些情形，采购人、采 购代理机构应当终止采购活动？","A. 因情况变化，不再符合规定的询价采购方式适用情形的
B. 出现影响采购公正的违法、违规行为的
C. 供应商之间出现恶意串通的行为
D. 因采购人机构调整，原采购项目负责人变更
E. 在采购过程中符合竞争要求的供应商不足3家的","ABCE"
"多选题","根据《政府采购非招标采购方式管理办法》，关于保 证金（含谈判保证金、询价保证金）的退还，下列说 法正确的有？","A. 未成交供应商的保证金，应当在成交通知书发出后5个工作日内退还
B. 成交供应商的保证金，应当在采购合同签订后5个工作日内退还
C. 供应商在提交响应文件截止时间后撤回响应文件的，采购人不予退还
其保证金
D. 成交供应商因不可抗力不与采购人签订合同，采购人应当退还其保证
金
E. 供应商提供虚假材料谋取成交的，其保证金不予退还","ABCDE"
"多选题","根据《政府采购非招标采购方式管理办法》，关于评 审专家的选取，下列说法正确的有","A. 应当从政府采购评审专家库中随机抽取
B. 技术复杂、专业性强的竞争性谈判采购项目，经主管预算单位同意可
以自行选定评审专家
C. 评审专家应当具备相应的专业水平和执业能力
D. 采购人不得以评审专家身份参加本部门或本单位采购项目的评审
E. 采购代理机构人员可以担任评审专家","ABCD"
"多选题","政府采购项目，符合下列哪些情形，可以采用单一来 源方式采购？","A. 只能从唯一供应商处采购的
B. 发生了不可预见的紧急情况不能从其他供应商处采购的
C. 必须保证原有采购项目一致性或者服务配套的要求，需要继续从原供
应商处采购，且采购金额不超过原合同采购金额百分之十的
D. 采购人认为单一来源采购更经济高效的
E. 潜在供应商数量少，为保证采购成功率。","ABC"
"多选题","达到公开招标数额标准的货物、服务采购项目，拟采 用非招标采购方式的，履行审批程序的注意事项有：","A. 经主管预算单位同意
B. 报经设区的市、自治州以上人民政府财政部门批准
C. 在采购活动开始前提出申请
D. 提交单位内部审批记录
E. 报市、自治州以上人民政府财政部门批准","ABC"
"多选题","采购人、采购代理机构在组织非招标采购活动时，出 现下列哪些行为属于违法行为，应承担相应责任？","A. 应当采用公开招标方式而擅自采用其他方式采购的
B. 在财政部门指定媒体和单位门户网都发布采购信息的
C. 与成交供应商另行订立背离合同实质性内容的协议的
D. 未按照政府采购法和财政部74号令的规定确定成交供应商的
E. 按规定将政府采购合同副本报本级财政部门备案","ACD"
"多选题","根据《政府采购非招标采购方式管理办法》，关于供 应商澄清响应文件，以下哪些说法正确？","A. 澄清应以书面形式作出
B. 须由法定代表人或授权代表签字
C. 由授权代表签字的，应当附法定代表人授权书
D. 供应商为自然人的，应当由本人签字并附身份证明
E. 为提高评审效率，澄清也可以以口头形式作出","ABCD"
"多选题","财政部第74号令规定的非招标采购方式包括以下哪 些？","A. 竞争性谈判
B. 单一来源采购
C. 询价采购
D. 框架协议采购
E. 合作创新采购","ABC"
"多选题","关于非招标采购活动的保证金，下列说法正确的有？","A. 采购人、采购代理机构可以要求供应商在提交响应文件截止时间之前交纳保证金
B. 保证金数额应当不超过采购项目预算的2%
C. 供应商未按照采购文件要求提交保证金的，响应无效
D. 供应商在提交响应文件截止时间后撤回响应文件的，保证金不予退还
E. 未成交供应商的保证金应当在成交通知书发出后5日内退还","ABCD"
"多选题","采购人、采购代理机构采购以下货物、工程和服务之 一的，可以采用竞争性谈判、单一来源采购方式采 购；采购货物的，还可以采用询价采购方式：（ ）","A. 依法制定的集中采购目录以内，且未达到公开招标数额标准的货物、服务
B. 依法制定的集中采购目录以外、采购限额标准以上，且未达到公开招标数额标准的货物、服务
C. 达到公开招标数额标准、经批准采用非公开招标方式的货物、服务
D. 按照招标投标法及其实施条例必须进行招标的工程建设项目以外的政府采购工程
E. 依法制定的集中采购目录以内，达到公开招标数额标准的货物、服务","ABCD"
"多选题","单一来源采购公示应当包括以下哪些内容？","A. 采购人、采购项目名称和内容
B. 拟采购的货物或服务的说明
C. 采用单一来源采购方式的原因及相关说明
D. 拟定的唯一供应商名称、地址
E. 专业人员出具的论证意见以及专业人员的姓名、工作单位和职称","ABCDE"
"多选题","根据《政府采购非招标采购方式管理办法》，采购活 动记录包括以下哪些内容？","A. 采购方式，采用该方式的原因及相关说明材料
B. 选择参加采购活动的供应商的方式及原因
C. 评定成交的标准及确定成交供应商的原因
D. 终止采购活动的，终止的原因
E. 采购项目类别、名称","ABCDE"
"多选题","根据《政府采购非招标采购方式管理办法》，采购人 在制定谈判文件时应当遵循的哪些规定？","A. 根据采购项目的特点和采购人的实际需求制定
B. 不得擅自提高采购标准
C. 提出略高于资产配置标准的实际需求
D. 可设置特定供应商门槛
E. 不得擅自提高经费预算","ABE"
"多选题","根据《政府采购非招标采购方式管理办法》，以下关 于响应文件送达的说法正确的有哪些？","A. 截止时间后送达的响应文件应当拒收
B. 供应商应当将响应文件密封送达指定地点
C. 供应商可按采购文件规定，委托他人送达响应文件
D. 响应文件送达后任何情况下都不得撤回
E. 在截止时间后送达的响应文件为无效文件","ABCE"
"多选题","根据74号令，下列哪些情形下，供应商交纳的保证金 不予退还？","A. 供应商在提交响应文件截止时间后撤回响应文件的
B. 供应商在响应文件中提供虚假材料的
C. 成交供应商因自身原因拒绝签订合同的
D. 供应商与采购人、其他供应商恶意串通的
E. 供应商在提交响应文件截止时间前撤回响应文件的","ABCD"
"多选题","根据74号令，采用书面推荐方式选择供应商时，应当 遵守的规定有哪些？","A. 采购人和评审专家分别出具书面推荐意见
B. 评审专家的推荐比例不超过推荐供应商总数的50%
C. 推荐供应商需符合相应资格条件
D. 无需说明推荐理由
E. 采购人推荐比例不超过推荐供应商总数的50%","ACE"
"多选题","谈判小组要求供应商澄清响应文件的情形包括以下些？","A. 响应文件含义不明确
B. 同类问题表述不一致
C. 有明显文字错误
D. 没有准确理解采购文件，导致报价高于预算
E. 有明显计算错误","ABCE"
"多选题","下列哪些情形，采购人可以不予退还该供应商的保证 金？","A. 供应商在提交最后报价后，无正当理由书面声明放弃成交资格。
B. 成交供应商因自身原因（非不可抗力）拒绝与采购人签订政府采购合同。
C. 在评审过程中，谈判/询价小组发现供应商提供的某一项资质证书复印件模糊，要求其澄清，供应商在规定时间内未予说明。
D. 采购活动结束后，查实供应商在响应文件中伪造了其项目经理的社保证明材料，用以满足采购文件的资格要求。
E. 在竞争性谈判过程中，谈判小组发现供应商A与供应商B的最后报价呈规律性差异，且文件制作机器码相同，涉嫌串通投标，并导致采购活动依法终止。","ABDE"
"多选题","根据《政府采购非招标采购方式管理办法》，供应商 提交响应文件后，发现报价计算错误，在截止时间前 提交补充文件更正，以下说法正确的有哪些？","A. 补充文件必须密封送达
B. 补充修改内容必须由法定代表人签字
C. 以更正后的报价为准
D. 原报价无效
E. 补充文件无效，以原文件报价为准","ACD"
"多选题","评审专家在评审过程中发现谈判文件技术要求中存在 不合理条款，以下处理方式正确的有哪些？","A. 暂停评审并向采购人反馈
B. 经采购人代表同意后变动谈判文件技术要求
C. 书面通知所有供应商变动内容
D. 自行修改后继续评审
E. 修改变动谈判文件的须向财政部门报告","ABC"
"多选题","关于竞争性谈判过程中对采购需求进行“实质性变动 ”的程序与边界，下列哪些理解是正确的？","A. 谈判小组经采购人代表确认，可以将合同草案条款中的“交货期：合同签订后45日内”，变更为“交货期：合同签订后60日内”
B. 谈判小组经采购人代表同意，可将付款方式变更为“合同签订后付30%，货到验收合格后付70%”
C. 谈判小组在与某供应商谈判后，认为其提出的独家专利技术方案明显优于原需求，决定仅对该供应商单独采用此新方案作为谈判基础，并要求其他供应商在此基础上重新报价
D. 谈判小组经采购人代表确认，可书面通知所有供应商，在维持技术、服务要求不变的前提下，允许最终报价突破原采购预算
E. 对于谈判文件中规定的供应商特定资格条件，谈判小组在谈判中发现所有供应商均不具备，可以取消此项要求","AB"
"多选题","根据74号令，关于法律责任的规定，下列哪些情形的 违法主体及责任认定是正确的？","A. 采购人无正当理由，不确定排名第一的中标候选人为成交供应商，而是确定了排名第二的候选人为成交供应商。财政部门查实后，责令采购人责令限期改正，给予警告
B. 采购代理机构在询价采购过程中，与供应商协商谈判，且情节严重，被暂停政府采购代理机构资格3至6个月
C. 采购人代表黄某在竞争性谈判评审过程中，私下接触了供应商的代表并收受其提供的购物卡，财政部门应责令其改正，给予警告，有关法律、行政法规规定处以罚款的，并处罚款；涉嫌犯罪的，依法移送司法机关处理
D. 成交供应商因设备原产地战争，无法履行合同义务，被列入不良行为记录名单，1年内禁止参加政府采购活动
E. 采购人吴某按单位会议纪要要求，与成交供应商另行签订协议，加大首付款比例，被责令限期改正，给予警告","ABCE"
"多选题","某单位采用竞争性谈判方式采购一批专用软件。谈判 小组由3人组成（采购人代表1名，评审专家2名）。 评审工作进行到一半时，采购人代表临时接到通知， 必须携带手机离场处理紧急公务。此时，错误的做有？","A. 谈判小组剩余2人继续谈判和评审
B. 立即暂停谈判活动，待采购人代表返回后继续
C. 重新委派采购人代表，接着继续完成剩下的评审工作
D. 由在场的代理机构人员担任采购人代表继续评审
E. 重新委派采购人代表，组建新的谈判小组，重新评审","ABCD"
"判断题","询价采购中，询价小组要求被询价的供应商一次报出 不得更改的价格。","A. 正确
B. 错误","A"
"判断题","采购人可以与成交供应商另行订立背离合同实质性内 容的协议。","A. 正确
B. 错误","B"
"判断题","政府采购非招标采购方式是指竞争性谈判、竞争性磋 商、单一来源采购、询价采购方式。","A. 正确
B. 错误","B"
"判断题","采用竞争性谈判、询价方式采购的政府采购项目，在 省级以上财政部门指定的媒体上公告成交结果。","A. 正确
B. 错误","A"
"判断题","按照招标投标法及其实施条例必须进行招标的工程建设项目以外的政府采购工程。可以采用询价采购方式 。","A. 正确
B. 错误","B"
"判断题","采购人或者采购代理机构应当在成交供应商确定后5 个工作日内，在省级以上财政部门指定的媒体上公告 成交结果。","A. 正确
B. 错误","B"
"判断题","供应商应当对其提交的响应文件的真实性、合法性承 担法律责任。","A. 正确
B. 错误","A"
"判断题","竞争性谈判小组中的评审专家人数不得少于成员总数 的三分之一","A. 正确
B. 错误","B"
"判断题","采购人与成交供应商应当在成交通知书发出之日起10 日内，按照采购文件确定的合同文本以及采购标的、 规格型号、采购金额、采购数量、技术和服务要求等 事项签订政府采购合同","A. 正确
B. 错误","B"
"判断题","询价采购中，询价小组在询价过程中，可以根据情况 改变询价通知书所确定的评定成交标准。","A. 正确
B. 错误","B"
"判断题","谈判小组所有成员应当给予所有参加谈判的供应商平 等的谈判机会。","A. 正确
B. 错误","A"
"判断题","因情况变化，不再符合规定的竞争性谈判采购方式适 用情形的，采购人应当终止采购活动，发布项目终止 公告并说明原因。","A. 正确
B. 错误","A"
"判断题","询价小组应当从质量和服务均能满足采购文件实质性 响应要求的供应商中，按照报价由低到高的顺序提出 3名以上成交候选人。如果两家供应商报价相同，则 由采购人自主选择其中一家。","A. 正确
B. 错误","B"
"判断题","采用单一来源采购方式时，在省级以上财政部门指定 媒体上公示的期限不得少于5天。","A. 正确
B. 错误","B"
"判断题","未成交供应商的谈判保证金或询价保证金，采购人或 者采购代理机构应当在成交通知书发出后5个工作日 内退还。","A. 正确
B. 错误","A"
"判断题","《政府采购非招标采购方式管理办法》规范的采购方 式包括竞争性谈判、单一来源采购和询价。","A. 正确
B. 错误","A"
"判断题","竞争性谈判文件、询价通知书可以要求供应商在提交 响应文件截止时间之前交纳现金保证金，其数额应当 不超过采购项目预算的2%。","A. 正确
B. 错误","B"
"判断题","在竞争性谈判或询价过程中，评审专家有不同意见 的，应当以少数服从多数的原则确定最终意见。如果 评审专家成员拒绝在报告上签字且拒绝陈述理由的， 视为同意评审报告。","A. 正确
B. 错误","A"
"判断题","竞争性谈判过程中，谈判小组所有成员应集中与所有 供应商一起同时进行谈判。","A. 正确
B. 错误","B"
"判断题","竞争性谈判文件应当包括供应商资格条件、采购邀请 、采购方式、采购预算、采购需求、采购程序、价格 构成或者报价要求、响应文件编制要求、提交响应文 件截止时间及地点、保证金交纳数额和形式、评定成 交的标准等","A. 正确
B. 错误","A"
"判断题","采购人或采购代理机构应当在采购活动结束后及时退 还供应商的保证金，但因供应商自身原因导致无法及 时退还的除外。","A. 正确
B. 错误","A"
"判断题","竞争性谈判小组在采购活动过程中确认或者制定谈判 文件是其应当履行的职责。","A. 正确
B. 错误","A"
"判断题","竞争性谈判中，已提交响应文件的供应商，在提交最 后报价之前，可以根据谈判情况退出谈判。采购人、 采购代理机构应当退还退出供应商的保证金。","A. 正确
B. 错误","A"
"判断题","成交结果公告应当包括项目名称和项目编号、成交供 应商名称、地址、纳税识别号和成交金额","A. 正确
B. 错误","B"
"判断题","在询价采购中，采购人或采购代理机构若在提交响应 文件截止时间后、评审开始前，发现询价通知书中存 在笔误或歧义，可以组织询价小组对相关内容作出统 一解释，并要求所有已提交响应文件的供应商书面确 认该解释，以此作为评审依据。","A. 正确
B. 错误","B"
"判断题","某竞争性谈判项目，在提交首次响应文件的截止时前，只有2家供应商报名并获取了文件。采购人经研判认为市场潜在供应商较少，为避免流标，决定将谈判文件规定的获取文件截止时间延长2个工作日，并发布更正公告。","A. 正确
B. 错误","A"
"判断题","在竞争性谈判项目成交结果公告后，采购人发现成交 供应商在响应文件中提供的某份业绩合同复印件，其 关键页的签章模糊不清，可能系伪造。采购人立即组 织原谈判小组对该供应商进行重新评审（尤其是重点 关注业绩材料）。若该业绩确属伪造，则据此改变成 交结果的做法符合规定。","A. 正确
B. 错误","B"
"判断题","某省属小学采购一批教学设备，预算金额达到了公开 招标数额标准。经其主管单位（省教育厅）同意，该 校可以直接采用竞争性磋商方式采购。","A. 正确
B. 错误","B"
"判断题","某采购项目采用单一来源采购方式并已公示，公示期 内有供应商提出异议，认为自身产品也能满足需求。 采购人组织专家进行补充论证后，认定异议不成立。 采购人遂在公示期满后，直接将原公示材料、异议及 补充论证结论一并报送财政部门申请审批。","A. 正确
B. 错误","A"
"判断题","采购人发现谈判小组未按照采购文件规定的评定成交 的标准进行评审，立刻报告上级预算主管部门，并经 主管部门同意，要求谈判小组重新进行评审。","A. 正确
B. 错误","B"
"单选题","根据财政部令第 87 号文件规定，评标委员 会由采购人代表和评审专家组成，成员人数 应当为5人以上单数，其中评审专家不得少 于成员总数的（ ）。","A. 三分之二
B. 四分之二
C. 三分之一
D. 四分之一","A"
"单选题","根据财政部令第 87 号文件规定，投标人存 在下列情况之一的，投标无效:","A. 按照招标文件的规定提交投标保证金的
B. 投标文件按招标文件要求签署、盖章的
C. 不具备招标文件中规定的资格要求的
D. 报价不超过招标文件中规定的预算金额或者最高限价","C"
"单选题","政府采购当事人违反本办法规定，给他人造 成损失的，依法承担（）。","A. 民事责任
B. 刑事责任
C. 违宪责任
D. 行政责任","A"
"单选题","根据财政部令第 87 号文件规定，采购人不 得向供应商索要或者接受其给予的赠品、回 扣或者与采购无关的其他商品、（ ）。","A. 旅游
B. 购物
C. 服务
D. 劳务","C"
"单选题","根据财政部令第 87 号文件规定，公开招标 进行资格预审的，招标公告和资格预审公告 可以合并发布，招标文件（）向所有通过资 格预审的供应商提供。","A. 视情况
B. 可以
C. 不得
D. 应当","D"
"单选题","根据财政部令第 87 号文件规定，采购人或 者采购代理机构可以对已发出的招标文件、 （ ）、投标邀请书进行必要的澄清或者修 改，但不得改变采购标的和资格条件。","A. 竞争性谈判文件
B. 竞争性磋商文件
C. 资格预审文件
D. 单一来源文件","C"
"单选题","（）在履行监督管理职责中存在懒政怠政、滥用职权、玩忽职守、徇私舞弊等违法违纪行为的，依照政府采购法、《中华人民共和国公务员法》、《中华人民共和国行政监察法》、政府采购法实施条例等国家有关规定追究相应责任；涉嫌犯罪的，移送司法机关处理。","A. 财政部门及其工作人员
B. 采购人
C. 评标专家
D. 代理机构","A"
"单选题","根据财政部令第 87 号文件规定，货物项目 的价格分值占总分值的比重不得低于( )； 服务项目的价格分值占总分值的比重不得低 于( )。执行国家统一定价标准和采用固定 价格采购的项目，其价格不列为评审因素。","A. 20%,10%
B. 10%,30%
C. 30%,10%
D. 10%,20%","C"
"单选题","根据财政部令第 87 号文件规定，有关人员 对评标情况以及在评标过程中获悉的（ ） 、商业秘密负有保密责任。","A. 国家秘密
B. 专家名单
C. 供应商名单
D. 项目概况","A"
"单选题","根据财政部令第 87 号文件规定，采购人自 行组织招标的，应当在评标结束后（ ）个 工作日内确定中标人。","A. 10
B. 2
C. 5
D. 7","C"
"单选题","根据财政部令第 87 号文件规定，采购人应 当及时对采购项目进行验收。采购人可以邀 请参加本项目的（ ）或者第三方机构参与 验收。参与验收的投标人或者第三方机构的 意见作为验收书的参考资料一并存档。","A. 其他投标人
B. 评委
C. 代理机构
D. 监督员","A"
"单选题","根据财政部令第 87 号文件规定，中标结果 公告内容应当包括采购人及其委托的采购代 理机构的名称、地址、联系方式，项目名称 和项目编号，中标人名称、地址和中标金 额，主要中标标的的名称、规格型号、数量 、单价、服务要求，中标公告期限以及（ ）。","A. 资格预审名单
B. 其他投标人名单
C. 中标人联系方式
D. 评审专家名单","D"
"单选题","根据财政部令第 87 号文件规定，评标结果 汇总完成后，除下列情形外，任何人不得修 改评标结果，选项中属于法定情形的是（ ）","A. 分值汇总计算正确的
B. 经评标委员会认定评分畸高、畸低的
C. 分项评分未超出评分标准范围的
D. 评标委员会成员对客观评审因素评分一致的","B"
"单选题","根据财政部令第 87 号文件规定，采购人、 采购代理机构应当建立真实完整的（），妥 善保存每项采购活动的采购文件。","A. 招标采购档案
B. 内部审查制度
C. 评标标准
D. 供应商库","A"
"单选题","根据财政部令第 87 号文件规定，招标文件 的编制主体是（ ）","A. 采购人或者采购代理机构
B. 评审专家
C. 评标委员会
D. 财政监督部门","A"
"单选题","根据财政部令第 87 号文件规定，关于投标 保证金与投标有效期的关系，下列说法错误 的是（）","A. 投标有效期内投标人撤销投标文件，可能丧失投标保证金
B. 投标文件中承诺的投标有效期应当不少于招标文件中载明的投标有效期
C. 投标有效期从提交投标文件的截止之日起算
D. 投标保证金的有效期可短于投标有效期","D"
"单选题","根据财政部令第 87 号文件规定，某采购代 理机构组织现场考察，以下做法错误的是 （）","A. 组织已获取招标文件的潜在投标人现场考察
B. 未在招标文件中载明，在招标文件提供期限截止后以书面形式通知所有
获取招标文件的潜在投标人组织现场考察
C. 采购人或者采购代理机构在招标文件提供期限截止后，组织现场考察
D. 随机抽取的少量投标人","D"
"单选题","某政府采购货物项目，采购人对招标文件作 出澄清修改，内容影响投标文件编制，且距 投标截止时间仅剩 10 日。采购人拟顺延投 标截止时间，但此时因政策调整项目被取消 。关于后续操作，下列说法正确的是（）","A. 继续顺延投标截止时间，要求投标人按澄清内容编制文件
B. 无需发布终止公告，仅书面通知已获取招标文件的潜在投标人即可
C. 立即启动终止招标程序，在原公告发布媒体发布终止公告，并向本级财
政部门报告
D. 立即启动终止招标程序，退还所收取的招标文件费用并按中国人民银行
同期贷款基准利率上浮20％后的退还投标保证金","C"
"单选题","根据财政部令第 87 号文件规定，采购人在 评标前需要说明项目背景和采购需求的，下 列表述错误的是（）","A. 说明内容不得含有歧视性、倾向性意见
B. 说明内容不得超出招标文件所述范围
C. 在评标过程中，采购人代表通过口头形式向评标委员会说明
D. 说明材料应当随采购文件一并存档","C"
"单选题","根据财政部令第 87 号文件规定，评标过程 中，因部分评标委员会成员回避导致委员会 组成不符合规定的，采购人或采购代理机构 首先应当采取的措施是（）","A. 停止评标活动，封存相关资料
B. 依法补足评标委员会成员后继续评标
C. 直接重新组建评标委员会
D. 由剩余成员继续完成评标工作","B"
"单选题","根据财政部令第 87 号文件规定，某投标人 提交的澄清文件仅加盖了项目部印章，未加 盖单位公章，也无人员签字，该澄清文件的 效力为（）","A. 有效，项目部印章具备同等法律效力
B. 无效，不符合法定签署盖章要求
C. 有效，经评标委员会半数成员同意即可
D. 无效，需要重新提交投标文件","B"
"单选题","根据财政部令第 87 号文件规定，评标委员 会编写评标报告的依据是（）","A. 采购人提供的招标文件和投标人的投标文件
B. 全体评标成员签字的原始评标记录和评标结果
C. 采购代理机构整理的开标记录
D. 财政部门的监管意见","B"
"单选题","根据财政部令第 87 号文件规定，评标委员 会成员有下列哪种行为时，不仅评审意见无 效，还会被取消评审劳务报酬（）","A. 记录评标过程中的疑问点
B. 评标结束后带走评标资料复印件
C. 对需要专业判断的主观评审因素协商评分
D. 拒绝在评标报告上签字","C"
"单选题","根据财政部令第 87 号文件规定，下列关于 评标结果修改的说法，错误的是（）","A. 评标结果修改需严格限定在法定四类情形内
B. 评标报告签署后修改结果需经原评标委员会重新评审
C. 重新评审改变评标结果的，书面报告本级财政部门
D. 投标人对中标结果提出质疑，质疑内容属于非法定允许修改评标结果的
情形，同样可以组织重新评审","D"
"单选题","根据财政部令第 87 号文件规定，下列哪种 情形下，即使评标结果无效也不得重新组建 评标委员会评标（）","A. 评标委员会独立评标受到非法干预
B. 采购合同已经履行
C. 评标委员会成员存在对需要专业判断的主观评审因素协商评分的情形
D. 评标委员会组成不符合规定","B"
"单选题","根据财政部令第 87 号文件规定，评标委员 会组成不符合规定导致结果无效，且采购合 同未履行的，采购人可以（）","A. 维持原结果
B. 重新组建评标委员会进行评标，并书面报告本级财政部门
C. 直接取消采购
D. 报财政部门认定原结果无效","B"
"单选题","根据财政部令第 87 号文件规定，某项目评标委员会由1名采购人代表、4名评审专家组成，其中2名评审专家与投标人存在利害关系未回避，导致评标结果无效，且采购合同尚未履行。关于后续处理，下列说法正确的是（）","A. 重新组建评标委员会，原无利害关系的3名成员可继续参与
B. 重新组建评标委员会，原所有成员均不得参与
C. 报财政部门批准后维持原结果
D. 报财政部门监督检查","A"
"单选题","根据财政部令第 87 号文件规定，采购人组 织现场考察后，发现项目场地存在招标文件 未提及的特殊安全要求，遂书面通知所有已 获取招标文件的潜在投标人。该通知的性质 及效力是（）","A. 属于招标文件澄清，需相应顺延投标截止时间，并在原公告发布媒体上
发布澄清公告
B. 属于补充通知，无需调整投标截止时间
C. 仅需告知参与考察的投标人，无需全员通知
D. 不属于法定澄清范围，通知无效","A"
"单选题","根据财政部令第 87 号文件规定，某电梯采 购项目采用综合评分法，招标文件将“投标 品牌电梯制造商具备《中华人民共和国特种 设备生产许可证》”列为资格条件，同时又 将其作为商务评审因素设置3分分值。该设 置的效力及处理方式是（）","A. 合法有效，资格条件可同时作为评审因素
B. 无效，资格条件不得作为评审因素，需取消该评审项
C. 可继续使用，但需降低分值
D. 通过更正公告形式删除资格条件中的该条款，保留评审因素","B"
"单选题","根据财政部令第 87 号文件规定，评标委员 会书面要求投标人对投标文件中明显的文字 错误（笔误）进行补正，投标人对错误内容 进行了补正。该补正行为的效力是（）","A. 无效，对其他没有发生笔误的投标人不公平
B. 无效，修改投标文件内容属于超出投标文件范围
C. 有效，未改变投标文件的实质性内容
D. 需经采购人同意后方可有效","C"
"多选题","根据财政部令第 87 号文件规定，采购人自 行组织开展招标活动的，应当符合下列条 件：","A. 有编制招标文件的能力和条件
B. 有组织招标的能力和条件
C. 有与采购项目专业性相适应的专业人员
D. 设立供应商库
E. 具备采购平台","ABC"
"多选题","根据财政部令第 87 号文件规定，采用邀请 招标方式的，采购人或者采购代理机构应当 通过以下方式产生符合资格条件的供应商名 单，并从中随机抽取3家以上供应商向其发 出投标邀请书：","A. 发布资格预审公告征集
B. 从省级以上人民政府财政部门建立的供应商库中选取
C. 专家书面推荐
D. 采购人书面推荐
E. 预算主管单位推荐","ABD"
"多选题","采购人、采购代理机构不得将投标人的注册资本、资产总额、营业收入、从业人员、利润、纳税额等规模条件作为资格要求或者评审因素，也不得通过将除进口货物以外的生产厂家（ ）等作为资格要求，对投标人实行差别待遇或者歧视待遇。","A. 授权
B. 承诺
C. 证明
D. 背书
E. 资质证书","ABCD"
"多选题","政府采购项目，招标文件应当包括以下主要 内容：","A. 投标邀请
B. 投标人须知（包括投标文件的密封、签署、盖章要求等）
C. 投标人应当提交的资格、资信证明文件
D. 采购项目预算金额，设定最低限价
E. 拟签订的合同文本","ABCE"
"多选题","根据财政部令第 87 号文件规定，资格预审 文件应当包括以下主要内容：","A. 资格预审邀请
B. 资格审核标准和方法
C. 申请人应当提供的资格预审申请文件的内容和格式
D. 提交资格预审申请文件的方式、截止时间、地点及资格审核日期
E. 申请人须知","ABCDE"
"多选题","根据财政部令第 87 号文件规定，招标文件 、资格预审文件的内容不得违反（ ）、强 制性标准、政府采购政策，或者违反公开透 明、公平竞争、公正和诚实信用原则。","A. 法律
B. 承诺
C. 行政法规
D. 背书
E. 文书","AC"
"多选题","根据财政部令第 87 号文件规定，澄清或者修改的内容可能影响投标文件编制的，采购人或者采购代理机构应当在投标截止时间至少( )日前，以书面形式通知所有获取招标文件的潜在投标人；不足( )日的，采购人或者采购代理机构应当顺延提交投标文件的截止时间。","A. 15
B. 5
C. 15
D. 10
E. 7","AC"
"多选题","根据财政部令第 87 号文件规定，有下列情 形之一的，视为投标人串通投标，其投标无 效：","A. 不同投标人的投标文件由同一单位或者个人编制
B. 不同投标人的投标保证金从不同单位或者个人的账户转出
C. 不同投标人委托不同单位或者个人办理投标事宜
D. 不同投标人的投标文件异常一致或者投标报价呈规律性差异
E. 不同投标人的投标文件相互混装","ADE"
"多选题","根据财政部令第 87 号文件规定，投标人在投标截止时间前撤回已提交的投标文件的，采购人或者采购代理机构应当自收到投标人书面撤回通知之日起（ ）个工作日内，退还已收取的投标保证金，但因投标人自身原因导致无法及时退还的除外。以下错误的时间是：","A. 15
B. 5
C. 7
D. 10
E. 3","ACDE"
"多选题","根据财政部令第 87 号文件规定，开标由（ ）或者（ ）主持，邀请投标人参加。","A. 采购人
B. 采购代理机构
C. 专家
D. 供应商
E. 监督人员","AB"
"多选题","根据财政部令第 87 号文件规定，采购项目 符合下列情形之一的，评标委员会成员人数 应当为7人以上单数：","A. 采购预算金额在500万元以上
B. 采购预算金额在1000万元以上
C. 技术复杂
D. 社会影响较大
E. 采购预算金额在300万元以上","BCD"
"多选题","根据财政部令第 87 号文件规定，对于投标 文件中（ ）或者（ ）和（ ）的内容，评 标委员会应当以书面形式要求投标人作出必 要的澄清、说明或者补正。","A. 含义不明确
B. 同类问题表述不一致
C. 有明显文字错误
D. 有明显计算错误
E. 提供可选择性报价","ABCD"
"多选题","根据财政部令第 87 号文件规定，投标文件 报价出现前后不一致的，除招标文件另有规 定外，按照下列规定修正：","A. 投标文件中开标一览表（报价表）内容与投标文件中相应内容不一致
的，以开标一览表（报价表）为准
B. 大写金额和小写金额不一致的，以小写金额为准
C. 单价金额小数点或者百分比有明显错位的，以开标一览表的总价为准，
并修改单价
D. 总价金额与按单价汇总金额不一致的，以单价金额计算结果为准
E. 大写金额和小写金额不一致的，以大写金额为准","ACDE"
"多选题","根据财政部令第 87 号文件规定，采购人有 下列情形之一的，由财政部门责令限期改 正；情节严重的，给予警告，对直接负责的 主管人员和其他直接责任人员由其行政主管 部门或者有关机关依法给予处分，并予以通 报；涉嫌犯罪的，移送司法机关处理：","A. 未按照87 号令的规定编制采购需求的
B. 向供应商索要或者接受其给予的赠品的
C. 未在规定时间内确定中标人的
D. 向中标人提出不合理要求作为签订合同条件的
E. 按时与供应商签订政府采购合同","ABCD"
"多选题","对于中标人提供的样品，应当按照招标文件的规定进行（）、（），并作为履约验收的参考。","A. 保管
B. 封存
C. 销毁
D. 变卖
E. 拆除","AB"
"多选题","根据《政府采购货物和服务招标投标管理办 法》（财政部令第 87 号），下列关于重新 评审与重新组建评标委员会的表述，正确的 有（）","A. 评标报告签署后发现分值汇总计算错误的，应当组织原评标委员会重新
评审
B. 评标委员会成员对客观评审因素评分不一致的，只能在评标报告签署前
当场修正，签署后不得修改
C. 评标委员会成员应当回避而未回避的，应当重新组建评标委员会进行评
审
D. 重新评审改变评标结果的，采购人或者采购代理机构需要向本级财政部
门书面报告
E. 分项评分超出评分标准范围的，应当组织原评标委员会重新评审","ACDE"
"多选题","某政府采购货物项目（普通办公用品采购） 采用综合评分法，招标文件规定技术参数部 分分值占比 60%，商务部分占比 10%，价格 部分占比 30%。根据 87 号令，下列关于评 分标准的设定中，属于违法违规情形的有（ ）","A. 技术参数评分项中，设定 “制造商获得精神文明称号奖项的得 2 分，
无则不得分”
B. 商务评分项中，将 “供应商近 3 年在本地区同类项目的中标数量≥3
个得 3 分” 作为评分因素
C. 价格评分采用低价优先法，有效投标报价的最低值为评标基准价，得满
分 30 分
D. 商务评分项中，设定 “供应商具有质量管理体系认证得 3 分，同时具
有环境管理体系认证和信息系统安全运维服务资质认证证书的再加 2 分”
E. 为保障售后服务质量，要求投标人在项目所在地有注册的分支机构","ABDE"
"多选题","政府采购项目，下列选项中，不可以设定为 评审因素的是（ ）：","A. 投标人从业人员数量
B. 投标人A级纳税信用等级
C. 投标人2024年年度利润率
D. X校采购远程教育系统，要求现场演示与采购需求相关的演示内容
E. 投标人同类产品业绩","ABC"
"多选题","根据财政部令第 87 号文件第二十二条规 定，下列哪些情形属于违规行为（ ）","A. 采购普通办公设备，仅凭书面技术参数即可准确描述需求，仍要求提供样品
B. 规定中标人的样品应封存保管，作为履约验收的直接依据
C. 中标结果公告后，要求中标供应商额外提供样品用于 “最终确认”，否则不予签订合同
D. 对于未中标人提供的样品，应当及时退还或者经未中标人同意后自行处理
E. 对于中标人提供的样品，应当按照招标文件的规定进行保管、封存，并作为履约验收的参考","ABC"
"多选题","根据《政府采购货物和服务招标投标管理办 法》，编制招标文件时以下哪些情形违规（ ）：","A. 将国家强制性标准列为评分因素
B. 将行业标准列为评分因素
C. 货物采购项目将制造商业绩列为评分因素
D. 货物采购项目将供应商具有党支部列为评分因素
E. 货物采购项目将供应商同类业绩列为评分因素","ACD"
"多选题","关于政府采购项目的开标程序，87 号令对 特殊情形的处理作出明确规定，下列说法正 确的有（ ）","A. 投标人未参加开标的，视为放弃投标，其投标文件按无效标处理
B. 采购人、采购代理机构发现投标文件未按招标文件要求密封的，应当拒收
C. 开标过程中，投标人对开标结果有异议的，应当在开标现场提出，采购代理机构应当场作出答复并制作记录
D. 澄清或者修改的内容可能影响投标文件编制的，采购人或者采购代理机构应当在投标截止时间至少15日前，以书面形式通知所有获取招标文件的潜在投标人
E. 投标人未参加开标的，视同认可开标结果","BCDE"
"多选题","某政府采购设备项目明确核心产品为工业控 制系统，招标文件约定 “核心产品需来自 3 家以上不同品牌”。根据 87 号令及相关 规定，下列关于核心产品品牌认定的表述， 正确的有（ ）","A. 同一品牌的不同代理商提供相同型号核心产品的，按 1 家供应商计算有效投标人数量
B. 核心产品的品牌认定应以投标文件载明的制造商名称为准，不得仅凭代理商资质判断
C. 供应商提供的核心产品为贴牌生产的，应认定为贴牌方品牌，而非实际生产方品牌
D. 招标文件未明确核心产品品牌认定标准的，评标委员会可根据行业惯例自行确定
E. 同一品牌的不同代理商提供相同型号核心产品的，应按2家有效投标人进行认定","ABC"
"多选题","根据财政部令第 87 号文件规定，A公司、B 公司、C公司同时参与同一采购包的投标， 下列哪种情形不属于投标人串通投标？（ ）","A. 医疗设备采购项目，A公司投标文件中出现加盖B公司公章的产品说明书（B公司为A公司投标产品制造商）
B. 保安服务类项目，B公司投标文件中指定的项目经理人员姓名、身份证号与C公司投标文件中保安队长姓名、身份证号一致
C. 保洁服务项目，A公司、C公司投标文件《标的说明一览表》备注栏均没有填写内容
D. 工程谈判项目，A公司响应文件中提交的以往业绩合同中列明的项目经理姓名与B公司响应文件中提交针对本项目派驻的项目经理姓名一致
E. A公司与B公司的投标保证金均有A公司账户转出","ACD"
"多选题","根据财政部令第 87 号文件规定，以下哪些 不是采购人或者采购代理机构负责组织评标 工作需履行的职责：","A. 评标前，代理机构工作人员要求评标专家出示身份证件核对评审专家身
份
B. 代理机构工作人员公布投标人名单，告知评审专家应当回避的情形
C. 代理机构工作人员核对评标结果，发现资格审查错误，要求评标委员会
复核或者书面说明理由
D. 评审工作完成后，代理机构工作人员向评审专家、采购人相关人员支付
劳务报酬和异地评审差旅费
E. 根据评标委员会的要求介绍政府采购相关政策法规、招标文件","CD"
"多选题","根据《政府采购货物和服务招标投标管理办 法》第六十二条规定，评标委员会有下列哪 些行为，其评审意见无效，并不得获取评审 劳务报酬和报销异地评审差旅费。（ ）","A. 评标过程中利用上洗手间的机会私自接触投标人
B. 征询采购人中意哪家投标人
C. 记录投标人的商务秘密并带走
D. 对主观分协商评分
E. 在评标过程中擅离职守，影响评标程序正常进行的","ABDE"
"多选题","某政府采购服务项目评标结束后，采购人发 现评标报告存在分值汇总错误。根据 87 号 令第六十四条规定，下列关于重新评审启动 条件的表述，符合规定的有（ ）","A. 分值汇总计算错误属于法定重新评审情形，应组织原评标委员会重新评审
B. 重新评审需经采购人书面申请，并报本级财政部门批准后方可启动
C. 重新评审仅能针对分值汇总错误事项，不得涉及其他评审内容的修改
D. 重新评审改变原评标结果的，应书面报告本级财政部门
E. 重新评审需重新组建评标委员会","ACD"
"多选题","某政府采购项目，评标委员会或者其成员存 在下列哪些情形，采购人、采购代理机构可 以重新组建评标委员会进行评标（ ）","A. 评标委员会组成成员中，采购人代表占总人数三分之二的
B. 专家王X、张X对客观评审因素讨论后评分的
C. 投标人开标一览表大写金额与小写金额不一致，评委会接受投标人提出以小写金额为准的
D. 评标专家在评标过程中擅自离开评标场所回单位打卡，评标程序无法进入下一环节
E. 评标专家带走评标资料","ACD"
"多选题","政府采购项目下列选项中，哪些做法正确？ （ ）","A. 某高校科研设备采购，采用公开招标方式，在进行分数汇总时，发现评标委员会成员对客观评审因素评分不一致，于是评标委员会当场修改评标结果，并在评标报告中做了记录
B. 某省属事业单位物业服务采购项目，以公开招标进行采购。中标公告发布后，有供应商质疑此次采购中，评委会个别专家打的主观分偏向中标人，采购代理机构随后重新组建评委员对此次采购进行评审
C. 某单位的设备采购项目，采用公开招标方式进行采购。代理机构在整档案过程中，发现排名第一的中标人分值汇总计算错误，于是召集原评委会重新进行评审，重新评审未改变评标结果
D. 某机关单位物业采购项目，采用公开招标方式进行采购。代理机构在整档案过程中，发现排名第一的中标人分值汇总计算错误，于是召集原评委会重新进行评审，重新评审改变了评标结果，书面报告本级财政部门
E. 某医院采购医疗器械项目，采用公开招标方式进行采购。为保证产品采购质量，评分办法规定供应商连续三年获得国家高新企业证书的得3分","ACD"
"多选题","某政府采购货物公开招标项目，评标委员会 在价格澄清过程中发现下列情形，根据 87 号令规定，应按无效标处理的有（ ）","A. 供应商拒绝按招标文件规定对明显的报价计算错误进行澄清确认
B. 供应商提供的成本分析报告存在虚假数据，无法证明报价合理性
C. 供应商在澄清时书面声明降低报价20%
D. 供应商报价低于最高限价的45%，供应商提供了项目具体的成本测算说明
E. 供应商报价低于通过符合性审查的次低报价供应商投标报价50%的，供应
商提供了报价合理性相关的书面说明以及相关证明材料","ABC"
"多选题","政府采购货物公开招标项目，采用综合评分 法表述不正确的是（ ）","A. 为避免恶意低价竞争，可以将平均报价作为基准价
B. 采购用综合评分法的，为排除干扰，可以在招标文件中规定，汇总评分
时去掉最高最低分
C. 评审标准中的分值设置应当与评审因素的量化指标相对应
D. 资格条件同时还列为评审因素
E. 价格分值占总分值的比重不得低于30%","ABD"
"判断题","政府采购公开招标，是指采购人依法以招标公告的方式邀请特定的供应商参加投标的采购方式。","A. 正确
B. 错误","B"
"判断题","政府采购项目，采购人应当在货物服务招标投标活动中落实节约能源、保护环境、扶持不发达地区和少数民族地区、促进中小企业发展等政府采购政策。","A. 正确
B. 错误","A"
"判断题","属于中央预算的政府采购项目,省、自治区、直辖市人民政府根据实际情况，可以确定分别适用于本行政区域省级、设区的市级、县级公开招标数额标准。","A. 正确
B. 错误","B"
"判断题","采购人委托采购代理机构代理招标的，采购 代理机构可以在采购人委托的范围内依法开 展采购活动。","A. 正确
B. 错误","B"
"判断题","采购代理机构及其分支机构不得在所代理的采购项目中投标或者代理投标，不得为所代理的采购项目的投标人参加本项目提供投标咨询。","A. 正确
B. 错误","A"
"判断题","采购人根据价格测算情况，可以在采购预算额度内合理设定最低限价，但不得设定最高限价。","A. 正确
B. 错误","B"
"判断题","采购活动结束后，对于未中标人提供的样品，应当及时退还或者经未中标人同意后自行处理；对于中标人提供的样品，应当按照招标文件的规定进行保管、封存，并作为履约验收的参考。","A. 正确
B. 错误","A"
"判断题","招标文件售价应当按照弥补制作、邮寄成本 的原则确定，不得以营利为目的，不得以招 标采购金额作为确定招标文件售价的依据。","A. 正确
B. 错误","A"
"判断题","采购人或者采购代理机构可以在招标文件提 供期限截止前，组织已获取招标文件的潜在 投标人现场考察或者召开开标前答疑会。","A. 正确
B. 错误","B"
"判断题","投标人应当按照招标文件的要求编制投标文 件。投标文件可以对招标文件提出的要求和 条件作出明确响应。","A. 正确
B. 错误","B"
"判断题","开标由采购人或者采购代理机构主持，邀请投标人参加。评标委员会成员可以参加开标活动。","A. 正确
B. 错误","B"
"判断题","招标文件存在不合理条款或者招标程序不符 合规定的，采购人、采购代理机构改正后依 法重新招标。","A. 正确
B. 错误","A"
"判断题","政府采购项目，合格投标人不足3家的，可视情况评标。","A. 正确
B. 错误","B"
"判断题","政府采购项目，采购人或者采购代理机构应 当从省级以上财政部门设立的政府采购评审 专家库中，通过随机方式抽取评审专家。","A. 正确
B. 错误","A"
"判断题","技术、服务等标准统一的货物服务项目，应 当采用最低评标价法。","A. 正确
B. 错误","A"
"判断题","政府采购合同的履行、违约责任和解决争议 的方法等适用《中华人民共和国商经法》。","A. 正确
B. 错误","B"
"判断题","采购人应当自收到评标报告之日起 5 个工 作日内确定中标人，中标候选人并列的，若 招标文件未规定确定方式，采购人可以自主 选择任意一名候选人作为中标人。","A. 正确
B. 错误","B"
"判断题","采购活动结束后，未中标人提供的样品，采 购人可未经同意擅自用于项目测试。","A. 正确
B. 错误","B"
"判断题","投标人补正投标文件时，可在总报价不变的 情况下调整分项单价，不属于改变实质性内容。","A. 正确
B. 错误","B"
"判断题","采购合同已履行完毕的，即便评标结果无 效，也不得重新组建评标委员会评标。","A. 正确
B. 错误","A"
"判断题","政府采购项目，采购人应当及时对采购项目 进行验收。采购人必须邀请第三方机构参与 采购项目验收，确保验收结果公正","A. 正确
B. 错误","B"
"判断题","政府采购项目，中标人经采购人同意后，可 将中标项目的主体工程分包给具备资质的单位。","A. 正确
B. 错误","B"
"判断题","采购合同签订后，中标人和采购人可根据项 目需求，自行调整合同标的数量和规格。","A. 正确
B. 错误","B"
"判断题","投标截止时间前，投标人可补充、修改或撤回已提交的投标文件，补充修改文件无需密封。","A. 正确
B. 错误","B"
"判断题","投标有效期内投标人因项目成本上涨书面申请撤销投标文件的，采购人可不予退还其投标保证金。","A. 正确
B. 错误","A"
"判断题","政府采购项目，评标过程中，有效报价中存 在异常高价和异常低价，评标委员会可直接 剔除该报价后计算评标基准价以规避风险","A. 正确
B. 错误","B"
"判断题","政府采购项目，在某地需要定制开发的技术 复杂的信息化系统公开招标项目中，采购预 算金额为900万元，其评标委员会成员人数 应当为5人以上单数。","A. 正确
B. 错误","B"
"判断题","某校学生营养餐招标采购项目执行统一固定 价格标准，固定价格标准为4元/人/天，价 格分值占总分值的比重不得低于30%。","A. 正确
B. 错误","B"
"判断题","政府采购项目，评标委员会成员对需要共同 认定的事项存在争议，持不同意见的评委张 XX不签署评标报告以示不认同,该做法符合规定。","A. 正确
B. 错误","B"
"判断题","政府采购项目，X单位采购一批二类医疗器械，招标文件将投标人具备《医疗器械经营许可证》列为资格条件，对外发布招标公告后，被质疑经营二类医疗器械无须获得经营许可，只需备案即可，代理公司可以发布更正公告删除了《医疗器械经营许可证》的要求，采购活动继续。","A. 正确
B. 错误","B"
"单选题","购买主体向个人购买服务，应当限于确实适 宜实施政府购买服务并且由个人承接的情 形，( )以政府购买服务名义变相用工。","A. 不得
B. 可以
C. 应当
D. 应该","A"
"单选题","购买主体实施政府购买服务项目绩效管理， 应当开展事前绩效评估，定期对所购服务实 施情况开展绩效评价，具备条件的项目可以 运用（ ）评价评估。","A. 采购人
B. 专家
C. 第三方
D. 供应商","C"
"单选题","财政部门可以根据需要，对部门政府购买服 务整体工作开展绩效评价，或者对部门实施 的资金金额和社会影响大的政府购买服务项 目开展（ ）。","A. 重点审查
B. 重点绩效评价
C. 一般性审查
D. 定向审查","B"
"单选题","购买主体及财政部门应当将（ ）评价结果 作为承接主体选择、预算安排和政策调整的 重要依据。","A. 效益
B. 效率
C. 效果
D. 绩效","D"
"单选题","政府购买服务合同的签订、履行、变更，应 当遵循( )的相关规定。","A. 《中华人民共和国合同法》
B. 《中华人民共和国预算法》
C. 《中华人民共和国劳动法》
D. 《中华人民共和国招标投标法》","A"
"单选题","购买主体应当与确定的承接主体签订（ ），合同约定的服务内容应当符合本办法第 九条、第十条的规定。","A. 劳务合同
B. 电子合同
C. 书面合同
D. 担保合同","C"
"单选题","政府购买服务合同（ ）依法予以公告。","A. 应当
B. 视情况
C. 可以
D. 应该","A"
"单选题","政府购买服务合同履行期限一般不超过1年； 在预算保障的前提下，对于购买内容相对固 定、连续性强、经费来源稳定、价格变化幅 度小的政府购买服务项目，可以签订履行期 限不超过（ ）年的政府购买服务合同。","A. 5
B. 3
C. 2
D. 1","B"
"单选题","购买主体( )以任何形式为承接主体的融资 行为提供担保。","A. 不得
B. 可以
C. 应当
D. 视情况","A"
"单选题","为规范政府购买服务行为，促进转变政府职能，改善公共服务供给，根据《中华人民共和国预算法》《中华人民共和国政府采购法》《中华人民共和国合同法》等（ ）的规定，制定本办法。","A. 法律、行政法规和规章
B. 法律、行政法规
C. 法律、行政法规和政策
D. 法律、行政法规、规章和政策","B"
"单选题","本办法所称政府购买服务，是指各级国家机 关将属于自身职责范围且适合通过（ ）方 式提供的服务事项，按照政府采购方式和程 序，交由符合条件的服务供应商承担，并根 据服务数量和质量等因素向其支付费用的行为。","A. 合理化
B. 市场化
C. 效益化
D. 法制化","B"
"单选题","财政部负责制定（ ）政府购买服务制度，指导和监督各地区、各部门政府购买服务工作。","A. 全国性
B. 中央和省级
C. 市级
D. 地方性","A"
"单选题","公益一类事业单位、使用事业编制且由财政 拨款保障的群团组织，不作为政府购买服务 的（ ）和（ ）。","A. 使用主体、购买主体
B. 承接主体、适用主体
C. 购买主体、承接主体
D. 实施主体、承包主体","C"
"单选题","政府购买服务的（ ）和（ ）实行指导性 目录管理，指导性目录依法予以公开。","A. 具体范围、内容
B. 方式、程序
C. 法律、行政法规
D. 政策、责任","A"
"单选题","根据财政部令第102号规定，编制、调整指导性目录应当充分征求相关部门意见，根据（）进行专家论证。","A. 项目特点
B. 实际需要
C. 采购人要求
D. 预算金额","B"
"单选题","政府购买服务支出应当符合（）有关规定。","A. 预算管理
B. 合同管理
C. 绩效管理
D. 审计管理","A"
"单选题","承接主体应当严格遵守相关（）规定，规范 管理和使用政府购买服务项目资金。","A. 服务交付
B. 信息披露
C. 财务
D. 合同","C"
"单选题","承接主体（ ）依法依规使用政府购买服务合 同向金融机构融资。","A. 不得以
B. 可以
C. 经采购人同意
D. 视情况","B"
"单选题","关于政府购买服务的预算管理，下列说法符 合《政府购买服务管理办法》规定的是","A. 政府购买服务项目可以不纳入部门预算编制范围，在执行中通过调整预算列支
B. 购买主体应当在年度预算编制前，结合政府购买服务目录，测算购买服务资金需求，编入年度预算
C. 对于临时性、应急性的政府购买服务项目，可先实施购买，再补办预算审批手续
D. 政府购买服务资金可从财政拨款、预算外资金、事业收入等多种渠道统筹安排，无需区分资金来源","B"
"单选题","根据《政府购买服务管理办法》，下列服务 事项中，不属于政府购买服务范围的是","A. 某街道办事处委托社会组织开展社区老年人健康档案建立与管理服务
B. 某县级人民政府委托专业机构开展本级政府规划的前期调研与论证服务
C. 某公立小学委托第三方机构为本单位提供办公设备的维修保养服务
D. 某省级人民政府为履行宏观调控职能，委托科研机构开展经济运行分析与政策研究服务","C"
"单选题","关于政府购买服务的合同管理，下列表述错 误的是","A. 政府购买服务合同应当采用书面形式，明确服务的内容、期限、数量、质量、价格等要素
B. 购买主体与承接主体签订的合同，不得约定由承接主体垫资提供服务
C. 承接主体经购买主体同意可以将政府购买服务项目转包给其他主体，也可依法依规进行分包
D. 政府购买服务合同履行期限一般不超过 1 年，对于长期性服务项目，可签订不超过 3 年的合同","C"
"单选题","在政府购买服务的绩效评价环节，下列做法 不符合《政府购买服务管理办法》要求的是","A. 购买主体应当结合服务项目特点，科学设定绩效目标和指标，开展绩效评价
B. 绩效评价结果应当作为以后年度编制政府购买服务预算、选择承接主体的重要依据
C. 对于重大的政府购买服务项目，可以委托第三方机构开展绩效评价
D. 绩效评价工作可在服务项目全部完成后一次性开展，无需进行过程性评价","D"
"单选题","根据《政府购买服务管理办法》，以下哪项 纳入政府购买服务范围","A. 属于政府职责范围的服务事项
B. 应当由政府直接履职的事项
C. 购买主体以劳务派遣方式用工
D. 政府采购法律、行政法规规定的货物和工程，以及将工程和服务打
包的项目","A"
"单选题","根据《政府购买服务管理办法》，以下哪项 说法正确","A. 城区新建水电站项目可以用政府购买服务
B. 政府购买服务可以“一次招标，签约三年”
C. 政府向非金融机构提供的融资可以用政府购买服务
D. 公益一类事业单位需要开通专项服务热线可以用政府购买服务","B"
"单选题","以下政府购买服务项目资金管理的表述，符 合规定的是","A. 政府购买服务项目所需资金可在预算执行过程中临时申请追加，无
需提前纳入部门预算统筹安排
B. 未列入年度部门预算但已纳入中期财政规划的政府购买服务项目，
可先行组织实施，后补预算手续
C. 政府购买服务项目资金安排应当与中期财政规划相衔接，未被列入
部门预算的项目一律不得实施
D. 为满足突发公共服务需求，购买主体可先实施政府购买服务项目，
再将所需资金补入中期财政规划","C"
"单选题","关于购买主体确定承接主体的要求，下列说 法正确的是","A. 购买主体在确定承接主体时，若某一供应商的服务报价远低于市场
平均水平，可直接将其确定为承接主体，无需考虑服务能力
B. 为提升采购效率，购买主体可根据过往合作经验，直接指定长期合
作的供应商作为承接主体，无需开展公平竞争的程序
C. 购买主体应当结合购买内容、市场供需状况、供应商服务能力及信
用状况等因素，通过公平竞争方式择优确定承接主体
D. 对于技术外包类服务项目，购买主体可优先选择当前具有政府背景
的供应商，无需考虑当前信用状况","C"
"单选题","关于政府购买服务合同履行期限，下列说法 错误的是","A. 常规政府购买服务合同履行期限一般不得超过 1 年
B. 满足 “购买内容相对固定、连续性强” 等条件的项目，合同履行
期限可突破 1 年限制
C. 符合特殊条件的政府购买服务项目，在预算保障的前提下，合同履
行期限最长可至 3 年
D. 经费来源稳定、价格变化幅度小的政府购买服务项目，无需预算保
障即可签订最长期限 3 年的合同","D"
"单选题","关于政府购买服务的内容范围，下列说法准 确且全面的是","A. 仅包含政府向社会公众提供的公共服务
B. 仅包含政府履职所需的各类服务
C. 包含政府向社会公众提供的公共服务，以及政府履职所需辅助性服务
D. 涵盖所有满足日常需求覆盖所有满足日常需求的政府内部服务和外部服务","C"
"单选题","关于政府购买服务项目承接主体的履约要 求，下列说法错误的是","A. 承接主体需严格按照签订的书面合同约定，全面、按时、保质提供服务
B. 承接主体在遇到履约困难时，不得将服务项目整体转包给其他任何主体
C. 承接主体经购买主体事先同意，将部分辅助性工作分包给第三方，不视为转包违规
D. 承接主体若因人员变动难以履约，可直接将服务项目转包给具备同等覆盖能力的新主体","D"
"单选题","关于承接主体使用政府购买服务合同融资的 相关要求，下列说法错误的是","A. 承接主体开展合同融资的前提是遵守法律法规及相关监管规定，不得违规进行融资
B. 政府购买服务合同是承接主体向金融机构申请融资的合法依据之一
C. 承接主体可凭借政府购买服务合同，向金融机构申请不限用途的融资资金
D. 金融机构针对政府购买服务合同开展融资业务，也需符合自身风控及监管要求","C"
"多选题","为规范政府购买服务行为，促进转变政府职 能，改善公共服务供给，根据（） 等法律、 行政法规的规定，制定本办法。","A. 《中华人民共和国预算法》
B. 《中华人民共和国政府采购法》
C. 《中华人民共和国合同法》
D. 《中华人民共和国招标投标法》
E. 《中华人民共和国劳动法》","ABC"
"多选题","根据《政府购买服务管理办法》，以下说法 错误的是：","A. 民政部负责制定全国性政府购买服务制度
B. 商务部负责制定全国性政府购买服务制度
C. 财政部负责制定全国性政府购买服务制度
D. 县级以上地方人民政府财政部门负责本行政区域政府购买服务管理
E. 县级以上地方人民政府民政部门负责本行政区域政府购买服务管理","ABE"
"多选题","哪些单位不可以作为政府购买服务的承接主 体。","A. 公益一类事业单位
B. 公益二类事业单位
C. 未从事生产经营活动的事业单位
D. 使用事业编制且由财政拨款保障的群团组织
E. 某国有保险公司","ACD"
"多选题","以下各项不得纳入政府购买服务范围","A. 属于政府职责范围的服务事项
B. 应当由政府直接履职的事项
C. 政府采购法律、行政法规规定的货物和工程，以及将工程和服务打
包的项目
D. 融资行为
E. 以劳务派遣方式用工","BCDE"
"多选题","政府购买服务指导性目录在中央和省两级实 行分级管理，（ ）和（ ）分别制定本级政 府购买服务指导性目录，各部门在本级指导 性目录范围内编制本部门政府购买服务指导性目录。","A. 财政部
B. 省级财政部门
C. 市级财政部门
D. 区级财政部门
E. 县级财政部门","AB"
"多选题","政府购买的基本公共服务项目的（ ）、（）、（ ）等标准要素，应当符合国家基本公共服务标准相关要求。","A. 服务内容
B. 水平
C. 标准
D. 流程
E. 方案","ABD"
"多选题","政府购买服务项目所需资金应当在相关部门 预算中统筹安排，并与（ ）相衔接，未列 入预算的项目不得实施。以下说法错误的是：","A. 中期财政规划
B. 后期财政规划
C. 前期财政规划
D. 末期财政规划
E. 首期财政规划","BCDE"
"多选题","购买主体应当根据购买内容及市场状况、相 关供应商服务能力和信用状况等因素，通过 （ ）择优确定承接主体。以下说法错误的是：","A. 自由平等
B. 公开透明
C. 诚实信用
D. 公平竞争
E. 公正","ABCE"
"多选题","根据《政府购买服务管理办法》，政府购买服务，是指各级国家机关将属于自身职责范围且适合通过市场化方式提供的服务事项，按照政府采购方式和程序，交由符合条件的服务供应商承担，并根据服务（ ）和（ ）等因素向其支付费用的行为。","A. 数量
B. 水平
C. 质量
D. 特点
E. 范围","AC"
"多选题","公益一类事业单位、使用事业编制且由财政 拨款保障的群团组织，（ ）为政府购买服 务的购买主体和承接主体。以下说法错误的是：","A. 不作
B. 可以
C. 应该
D. 视情况
E. 必须","BCDE"
"多选题","购买主体及财政部门应当将绩效评价结果作 为（）、（）、和（）的重要依据。","A. 承接主体选择
B. 预算安排
C. 政策调整
D. 需求调整
E. 评审因素","ABC"
"多选题","根据《政府购买服务管理办法》，承接主体 应当配合相关部门对资金使用情况进行（） 与（）。","A. 监督检查
B. 绩效评价
C. 效益检查
D. 意见评价
E. 审计","AB"
"多选题","某服务事项是否适合实行政府购买服务的判 断依据有（）","A. 通过市场化方式提供可以减少政府责任
B. 市场上存在该服务事项的供应商，存在该服务事项的市场交易活动
C. 市场存在对该服务事项的潜在需求，通过引导可望培育出一定规模
和数量的服务商，形成对该服务事项的一定程度的竞争性
D. 通过市场化方式提供比由政府自身直接提供更具效率
E. 为有政府背景的企业获取政府采购份额","BCD"
"多选题","下列哪项表述不属于政府购买服务的核心特 征？（）","A. 政府直接聘用临时工作人员完成公共服务
B. 政府通过财政资金支付费用，由承接主体提供公共服务
C. 政府将自身职权范围内的行政审批事项委托企业办理
D. 政府向社会公众收取费用购买第三方服务
E. 政府将不属于政府职责范围的服务事项委托承接主体提供服务","ACDE"
"多选题","下列哪些单位可以作为政府购买服务的购买 主体。 ( )","A. 各级监察机关
B. 各级人民政府
C. 各级审判机关
D. 按照事业单位分类改革政策规定、不承担行政职能的事业单位
E. 使用事业编制且由财政拨款保障的群团组织","ABC"
"多选题","以下哪些单位不能做为政府购买服务项目的 购买主体。 ( )","A. 某省高级人民法院
B. XX公立大学
C. XX市二乙医院工会
D. XX市疾病预防控制中心
E. 国家监察委员会","BCD"
"多选题","下列哪些单位可以作为政府购买服务的承接 主体。 ( )","A. X地省级公立三甲医院
B. X市事业编制的规划设计院
C. X市公办聋哑学校
D. X市XX大学
E. X市疾病预防控制中心","ABD"
"多选题","以下哪些单位可以做为政府购买服务项目的 承接主体。 ( )","A. XX日报社
B. 妇女联合会
C. 具备法定资格条件的个人
D. XXX农民专业合作社
E. 基层群众性自治组织","ACDE"
"多选题","关于政府购买服务的承接主体，下列情形中 符合办法要求的是（ ）","A. 某社会组织具备独立法人资格，近 3 年无重大违法记录，承接养老
服务项目
B. 某企业注册资本 800 万元，具有相应专业技术团队，承接市政设施
检测服务
C. 某行政机关下属一类事业单位，承接本机关委托的政策研究服务
D. 某合伙制企业具备相应资质，近 2 年净资产收益率保持 8% 以上，
承接数据处理服务
E. 某残疾人联合会，承接理疗康复服务","ABD"
"多选题","下列教育领域服务事项中，不得纳入政府购 买服务范围的有（ ）","A. 某教育局采购普通高中的学科类教学辅导服务
B. 教育考试命题、阅卷等核心管理服务
C. 某教育局采购学校安全保卫中的专业安防服务
D. 义务教育阶段的学籍审核、招生录取等行政履职事项
E. 某教育局采购全中学生运动会策划执行服务","BD"
"多选题","政府购买养老服务过程中，下列哪些要求是 错误（ ）","A. 委托承接主体代为审批养老机构设立许可
B. 购买为失能老人提供的上门护理、康复照料服务
C. 将养老服务人员的聘用事项直接纳入政府购买服务范围
D. 要求承接主体必须以公益一类事业单位为唯一组织形式
E. 要求承接主体必须以由财政拨款保障的群团组织","ACD"
"多选题","根据《政府购买服务管理办法》，下列哪些 事项不得纳入政府购买服务范围？（ ）","A. 融资项目
B. 行政决策、行政执行、行政监督等机关自身履职事项
C. 不属于政府职责范围的服务事项
D. 应当由政府直接提供、不适合市场化方式提供的服务事项
E. 将工程和服务打包的项目","ABCDE"
"多选题","以下哪些项目可以做为政府购买服务。 ( )","A. X市人力资源和社会保障厅计划采购创业指导服务
B. X市体育局计划采购夕阳红杯门球比赛组织服务
C. X市民政局计划采购农村留守儿童关爱服务
D. X市公安局计划聘用民警
E. X市市场监督部门将行政审批权限对外委托","ABC"
"多选题","以下哪些项目不宜做为政府购买服务。 ( )","A. X发改局计划采购行政决策制定服务
B. X市公安局计划采购社会治安巡逻服务
C. X市民政局计划采购社会调查服务
D. X市体育局计划采购体育用房配套装修项目
E. X市统计局计划采购数据采集服务","AD"
"多选题","以下哪些项目不得做为政府购买服务。 ( )","A. X市交通局计划采购水路运输保障服务项目
B. X市建设局计划采购公共设施管理服务（含新路段新管道的铺设）
C. X县教育局计划采购课程研究与开发服务
D. X省公立大学计划采购课程研究与开发服务
E. X公立大学采购校园保洁服务","BDE"
"多选题","购买主体应当根据购买内容及市场状况、相 关供应商服务能力和信用状况等因素，不能 通过（ ）择优确定承接主体。","A. 随机抽取
B. 单位会议
C. 公平竞争
D. 投票表决
E. 单位指定","ABDE"
"多选题","关于政府购买服务预算管理，下列说法正确 的是（ ）","A. 购买服务预算应当在部门预算中单独列示
B. 购买服务预算不得用于购买工程类项目
C. 未列入预算的政府购买服务项目，不得组织实施
D. 购买服务预算根据实际需求在年度中期随意调整
E. 政府购买服务项目所需资金应当与中期财政规划相衔接","ABCE"
"多选题","关于政府购买服务合同的签订与履行，下列 表述正确的有（ ）","A. 合同应当明确服务内容、服务标准、服务期限、资金支付方式等核心条款
B. 购买主体要求承接主体接受全部服务完成后一次性付款
C. 承接主体不得将服务项目转包给其他主体
D. 合同变更需经采购审批部门批准，且变更金额不得超过原合同金额的 20%
E. 政府购买服务合同一经签订，不得变更","AC"
"多选题","某区民政局为提升养老服务质量，计划通过 政府购买服务方式引入专业机构开展社区养 老照料服务。该局拟定方案哪些不符合规 定？（ ）","A. 服务内容包括为辖区 60 岁以上老人提供日间照料、健康监测、文化娱乐等服务
B. 资金从社会捐赠资金中列支，未纳入年度部门预算
C. 采用单一来源采购方式直接确定承接主体，理由是 “该事业单位熟悉本区养老情况，服务经验丰富”
D. 没有绩效评价条款
E. 要求拟引入的专业机构具有养老照料服务相关经验","BCD"
"多选题","下列哪些关于政府购买服务的表述是错误的 。（）","A. 购买主体可以依法依规使用政府购买服务合同向金融机构融资
B. 承接主体应当按照合同约定提供服务，可以将部分服务内容转包给其他主体
C. 承接主体因不可抗力无法履行合同的，购买主体应当根据影响退还其缴纳的全额或部分履约保证金
D. 对弄虚作假、骗取政府购买服务资金的承接主体，监管部门可没收违法所得，列入不良行为记录名单，在一至三年内禁止参加政府采购活动
E. 购买主体不得以任何形式为承接主体的融资行为提供担保","AB"
"判断题","政府购买服务应当遵循预算约束、以事定费 、公开择优、诚实信用、讲求绩效原则。","A. 正确
B. 错误","A"
"判断题","购买主体可以结合购买服务项目的特点规定 承接主体的具体条件，但不得违反政府采购 法律、行政法规，以不合理的条件对承接主 体实行差别待遇或者歧视待遇。","A. 正确
B. 错误","A"
"判断题","公益二类事业单位、使用事业编制且由财政 拨款保障的群团组织，不作为政府购买服务 的购买主体和承接主体。","A. 正确
B. 错误","B"
"判断题","政府购买服务的内容包括政府向社会公众提 供的公共服务，以及政府履职所需辅助性服务。","A. 正确
B. 错误","A"
"判断题","应当由政府直接履职的事项不得作为政府购 买服务内容的事项。","A. 正确
B. 错误","A"
"判断题","政府购买服务的具体范围和内容实行指导性 目录管理，指导性目录依法予以公开。","A. 正确
B. 错误","A"
"判断题","政府购买服务指导性目录在省级和市级两级实行分级管理，省级和市级财政部门分别制定本级政府购买服务指导性目录，各部门在本级指导性目录范围内编制本部门政府购买服务指导性目录。","A. 正确
B. 错误","B"
"判断题","市级财政部门根据本地区情况确定省以下政 府购买服务指导性目录的编制方式和程序。","A. 正确
B. 错误","B"
"判断题","编制、调整政府购买服务指导性目录应当充分征求相关部门意见，根据实际需要进行专家论证。","A. 正确
B. 错误","A"
"判断题","政府购买服务应当突出公共性和公益性，重 点考虑、优先安排与改善民生密切相关，有 利于转变政府职能、提高财政资金绩效的项目。","A. 正确
B. 错误","A"
"判断题","购买主体应当根据购买内容及市场状况、相 关供应商服务能力和信用状况等因素，通过 公平竞争择优确定承接主体。","A. 正确
B. 错误","A"
"判断题","政府购买服务项目采购环节的执行和监督管理，包括分散采购目录及标准、采购政策、采购方式和程序、信息公开、质疑投诉、失信惩戒等，按照政府采购法律、行政法规和相关制度执行。","A. 正确
B. 错误","B"
"判断题","政府购买服务合同的签订、履行、变更，应 当遵循《中华人民共和国合同法》的相关规定。","A. 正确
B. 错误","A"
"判断题","政府购买服务合同履行期限一般不超过1年","A. 正确
B. 错误","A"
"判断题","有关部门应当建立健全政府购买服务监督管 理机制","A. 正确
B. 错误","A"
"判断题","具备条件的个人可以作为政府购买服务的承 接主体","A. 正确
B. 错误","A"
"判断题","根据《政府购买服务管理办法》第六条规 定，依法成立的、经费由财政拨款全额保障 的行业协会，因属于社会组织范畴，故可以 作为政府购买服务的承接主体。","A. 正确
B. 错误","B"
"判断题","根据《政府购买服务管理办法》第七条规 定，某企业因上一年度政府采购活动中存在 轻微违约行为，被记入政府采购信用档案但 未被列入严重违法失信行为记录名单，该企 业可以参与政府购买服务项目的采购活动。","A. 正确
B. 错误","A"
"判断题","中小学（义务教育阶段）、博物馆、防疫站 可以作为政府购买服务的购买主体和承接主体","A. 正确
B. 错误","B"
"判断题","医疗卫生领域的基础设施建设可以作为政府 购买服务项目","A. 正确
B. 错误","B"
"判断题","银行贷款、债券发行、应付票据及应付账款 等债务性融资可以纳入政府购买服务范围","A. 正确
B. 错误","B"
"判断题","某机关单位拟采购公共教育基础设施管理与 维护服务，已安排预算，可以实施政府购买服务","A. 正确
B. 错误","A"
"判断题","根据《政府购买服务管理办法》第十七条规定，某购买主体在遴选政府购买服务承接主体时，因某家供应商服务能力突出且信用评级为最高级，可直接确定其为承接主体，无需再通过公平竞争程序。","A. 正确
B. 错误","B"
"判断题","某乡镇政府为完善政务大厅导办服务，通过 “政府购买服务” 方式，聘用 10 名社会人 员长期驻厅提供导办服务，约定服务期限 2 年，每日工作时长与正式职工一致，按月发 放固定报酬，但未签订劳动合同、不缴纳社 会保险，仅签订《政府购买服务协议》。","A. 正确
B. 错误","B"
"判断题","省直某政府购买服务项目，预算金额500万， 在采购环节发生供应商质疑事项，因该项目 属于政府购买服务范畴，无需按照政府采购 相关法规处理，可由购买主体自行协商解决。","A. 正确
B. 错误","B"
"判断题","某市民政局实施 “社区儿童心理疏导服务”政府购买项目，项目预算 200 万元。该民政局仅在项目结束后，组织内部人员开展了一次绩效评价，未开展事前绩效评估，也未引入第三方参与评价。","A. 正确
B. 错误","B"
"判断题","某购买主体在遴选同类政府购买服务项目承 接主体时，因 A 供应商上一年度绩效评价结 果为 “良好”，直接将其确定为承接主体， 无需再履行公平竞争程序。","A. 正确
B. 错误","B"
"判断题","某区教育局通过公开招标确定了 “校园课后 托管服务” 的承接供应商，双方签订的合同 该区教育局以 “保护供应商商业秘密” 为 由，未将该合同向社会公告。","A. 正确
B. 错误","B"
"判断题","承接主体可以在服务实施期间将全部服务事 项转交给具备资质的另一社会组织负责，其 只负责收取管理费。","A. 正确
B. 错误","B"
"判断题","某企业承接了某局的政府购买服务项目，项 目实施过程中，该企业仅以电子表格形式记 录了相关数据结果，未建立专门的项目台账。","A. 正确
B. 错误","B"
"单选题","根据《政府采购信息发布管理办法》，政府采购信息发布应当遵循的原则不包括以下哪一项？","A. 格式规范统一
B. 渠道相对集中
C. 便于查找获得
D. 内容详尽全面","D"
"单选题","本办法所称政府采购信息不包括以下哪类","A. 公开招标公告
B. 资格预审公告
C. 供应商公司章程
D. 中标（成交）结果公告","C"
"单选题","下列哪项不属于本办法所称的政府采购监 管信息？","A. 政府采购合同公告
B. 投诉处理结果
C. 监督检查处理结果
D. 集中采购机构考核结果","A"
"单选题","负责指导和协调全国政府采购信息发布工 作的部口是？","A. 国家发展和改革委员会
B. 审计署
C. 财政部
D. 国务院办公厅","C"
"单选题","地方预算单位政府采购信息应当在哪个网 站发布？","A. 中国政府采购网
B. 所在行政区域的中国政府采购网省级分网
C. 市级W上财政部口指定的任何媒体
D. 国家级新闻媒体","B"
"单选题","谁应当对提供的政府采购信息的真实性、 准确性、合法性负责？","A. 指定媒体
B. 社会公众
C. 发布主体
D. 审计部口","C"
"单选题","指定媒体应当对政府采购信息发布的什么 方面负责？","A. 真实性、准确性
B. 及时性、完整性
C. 合法性、合规性
D. 详尽性、全面性","B"
"单选题","在不同媒体发布的同一政府采购信息内容 不一致时，应W哪个为准？","A. 最先发布的信息
B. 在指定报纸上发布的信息
C. 在中国政府采购网或其省级分网发布的信息
D. 由采购人确认的信息","C"
"单选题","指定媒体应当自收到政府采购信息起几个 工作日内发布？","A. 1个工作日
B. 3个工作日
C. 5个工作日
D. 7个工作日","A"
"单选题","指定媒体向信息发布主体提供信息发布服 务时，应如何收费？","A. 按成本收费
B. 免费
C.按市场价格收费
D. 由双方协商确定","B"
"单选题","下列哪一情形违反了《政府采购信息发布 管理办法》关于信息发布一致性的要求？","A. 发布主体在省级分网和指定报纸上发布的公告内容完全相同。
B. 发布主体在省级分网发布的公告比在指定报纸上多一个附件说明。
C. 发布主体因校对错误，在指定报纸上发布的预算金额比在省级分网
发布的少了一个零，但次日进行了更正。
D. 发布主体在中国政府采购网和其省级分网发布的公告，除发布曰期
外，其他内容一致。","B"
"单选题","发布主体发布政府采购信息不得有W下哪 种行为","A. 及时发布
B. 虚假和误导性陈述
C. 格式规范
D. 内容一致","B"
"单选题","指定媒体应当加强安全防护，确保发布的 政府采购信息（）","A. 不被篡改
B. 可以遗漏
C. 可以删除
D. 可以修改信息肉容","A"
"单选题","关于涉密政府采购项目的信息发布，根据 《政府采购信息发布管理办法》的规定， 以下选项中，最符合该办法的做法是：","A. 一律不得发布
B. 直接正常公开发布
C. 依照国家有关规定执行
D. 在肉部系统发布","C"
"单选题","采购人委托采购代理机构发布政府采购信 息，若信息存在虚假陈述，责任应由谁承担？","A. 仅采购人
B. 仅采购代理机构
C. 采购人和采购代理机构共同
D. 指定媒体","C"
"单选题","中央预算单位的政府采购信息发布活动由 谁监督管理？","A. 国务院办公厅
B. 财政部
C. 国家监察委员会
D. 审计署","B"
"单选题","指定媒体擅自删除政府采购信息内容，违 反了《政府采购信息发布管理办法》的哪 项规定？","A. 信息发布及时性要求
B. 信息发布完整性要求
C. 安全防护要求
D. 免费服务要求","C"
"单选题","省级财政部口在对一家指定媒体进行检查 时发现，该媒体对收到的部分政府采购信 息延迟了2个工作日发布。根据本办法， 省级财政部门应首先采取什么措施？","A. 直接取消其指定媒体资格
B. 依法责令限期改正
C. 对直接负责的主管人员给予罚款
D. 不进行处罚","B"
"单选题","某采购代理机构在不同媒体发布同一政府 采购信息，内容不一致，且省级分网发布 的信息与中国政府采购网发布的信息冲 突，应以哪份信息为准？","A. 省级分网发布的信息
B. 中国政府采购网发布的信息
C. 发布时间较早的信息
D. 由财政部门指定","B"
"单选题","采购人A委托代理机构B发布一项公开招标公告。B机构工作人员在将公告上传至中国政府采购网时，误将招标文件获取的截止日期写错，导致潜在投标人可获取文件的时间缩短了3天。公告发布后，供应商C提出异议。根据本办法，关于责任承担的说法正确的是？","A. 代理机构B作为发布主体，应对信息的准确性负责，承担主要责任
B. 中国政府采购网作为指定媒体，应对信息的准确性进行核验，承担主要责任
C. 指定媒体没有主动预警，承担主要责任。
D. 供应商C应自行关注信息，承担未及时获取文件的责任","A"
"多选题","对政府采购信息发布活动进行监督管理的 主体有？","A. 财政部
B. 地方各级人民政府财政部门
C. 米购人
D. 采购代理机构
E. 监察部门","AB"
"多选题","下列哪些属于《政府采购信息发布管理办 法》所称的政府采购信息？","A. 公开招标公告
B. 中fe结果公告
C. 政府采购合同公告
D. 资格预审公告
E. 单一来源采购公示","ABCDE"
"多选题","下列哪些主体是本办法规定的政府采购信 息发布主体？","A. 财政部n
B. 米购人
C. 采购代理机构
D. 社会公众
E. 供应商","ABC"
"多选题","财政部门、采购人和其委托的采购代理机构下统称发布主体）应当对其提供的政府采购信息的（）负责","A.真实性 B.准确性 C.合理性 D.合法性 E.及时性","ABD"
"多选题","中国政府采购网及其省级分网和省级W上 财政部n指定的其他媒体下统称指定 媒体）应当对其收到的政府采购信息发布 的（）负责。","A. 真实性
B. 及时性
C. 完整性
D. 合法性
E. 准确性","BC"
"多选题","发布主体发布政府采购信息时，必须遵守 的规定包括哪些？","A. 不得有虚假陈述
B. 不得有误导性陈述
C. 不得遗漏依法必须公开的事项
D. 可W在不同媒体发布略有差异的版本W测试效果
E. 出于省略篇幅的考虑，可W减少依法必须公开的事项","ABC"
"多选题","以下属于政府采购监管信息的有（）","A. 投诉处理结果
B. 监督检查处理结果
C. 集中采购机构考核结果
D. 政府采购合同公告
E. 单一来源采购公示","ABC"
"多选题","政府采购信息可以发布的渠道包括？","A. 中国政府采购网
B. 中国政府采购网省级分网
C. 省级W上财政部n指定的其他媒体
D. 市级财政部口指定的媒体
E. 招标协会指定网站","ABC"
"多选题","财政部门指定发布媒体不得实施的行为 有？","A. 免费提供信息发布服务
B. 篡改政府采购信息
C. 遗漏政府采购信息
D. 擅自删除政府采购信息
E. 区分付费会员类型提供不同信息服务","BCDE"
"多选题","财政部门指定发布媒体应当履行的义务 有？","A. 核验发布主体身份
B. 及时发布收到的政府采购信息
C. 加强安全防护
D. 向发布主体免费提供信息发布服务
E. 审查发布信息的准确性","ABCD"
"多选题","根据《政府采购信息发布管理办法》，省 级财政部门的职责包括？","A. 对中国政府采购网省级分网进行监督管理
B. 制定本地区具体实施办法
C. 监督本级预算单位政府采购信息发布活动
D. 指导全国政府采购信息发布工作
E. 对中央预算单位的政府采购信息发布活动进行监督管理","ABC"
"多选题","某采购代理机构在发布政府采购信息时， 存在W下哪些行为会被处罚？","A. 只在非指定媒体发布项目信息
B. 发布的信息有误导性陈述
C. 不同媒体发布的同一信息内容不一致
D. 按时发布信息
E. 同时在中国政府采购网及其省级分网发布项目信息","ABC"
"多选题","根据《政府采购信息发布管理办法》，关 于政府采购信息发布渠道的说法，正确的 有？","A. 中央预算单位信息应当在中国政府采购网发布
B. 地方预算单位信息应当在中国政府采购网省级分网发布
C. 政府采购信息只能在中国政府采购网及其省级分网发布
D. 政府采购信息可W在省级W上财政部口指定的其他媒体上与中国政
府采购网同步发布
E. 政府采购信息应当在当地招标协会指定媒体发布","ABD"
"多选题","如果采购人未依法在指定媒体上发布政府 采购项目信息，可能承担的法律责任包 括？","A. 由县级以上财政部口责令限期改正
B. 对直接负责的主管人员给予罚款
C 给予馨告
D; 5直S是责的主管人员和其他直接责任人员，建议其行政主管部口
依法处理
E.对直接责任人员给予罚款","ACD"
"多选题","根据《政府采购信息发布管理办法》，财 政部口指定媒体应当履行的义务有？","A. 核验发布主体身份
B. 及时发布收到的政府采购信息
C. 加强安全防护
D. 向发布主体收取信息发布费用
E. 审查发布信息的合法性","ABC"
"多选题","财政部n指定媒体出现下列哪些行为时， 省级W上财政部口可依法责令其限期改 正？","A. 未在1个工作日内发布收到的政府采购信息
B. 擅自删除了已发布的政府采购合同公告
C. 向信息发布主体收取了信息发布服务费
D. 未能有效核验发布主体的身份
E. 擅自修改已发布的政府采购信息内容","ABCDE"
"多选题","关于发布主体和指定媒体的责任划分，下 列说法正确的有？","A. 发布主体对信息的真实性、准确性、合法性负责
B. 指定媒体对信息的及时性、完整性负责
C. 指定媒体对信息的真实性、准确性承担连带责任
D. 发布主体对信息的及时性、完整性负责
E. 指定媒体对信息的及时性、准确性负责","AB"
"多选题","某指定媒体未对发布主体的身份进行核 验，导致虚假信息发布，下列说法正确的 有？","A. 指定媒体存在违规行为
B. 发布主体应承担主要责任
C. 指定媒体可能面临责令限期改正的处罚
D. 虚假信息造成的损失由指定媒体全部承担
E. 指定媒体没有审核信息的真实性，承担主要责任","ABC"
"多选题","下列哪些情形下，W中国政府采购网发布 的信息为准？","A. 同一信息同时在中国政府采购网和省级分网发布且内容不一致
B. 同一信息在中国政府采购网和其他指定媒体发布且时间不一致
C. 同一信息在省级分网和其他指定媒体发布且内容不一致
D. 同一信息在不同省级分网发布且内容不一致
E. 同一信息在省级分网和招标协会网站发布且内容不一致","AB"
"多选题","下列关于渉密政府采购项目信息发布的说 法，正确的有？","A. 不适用《政府采购信息发布管理办法》的一般规定
B. 依照国家有关规定执行
C. 可自行决定是否发布
D. 发布前需经财政部n批准
E. 涉密政府采购项目信息必须在中国政府采购网发布","AB"
"判断题","《政府采购信息发布管理办法》的制定依 据包括《中华人民共和国政府采购法》和《中华人民共和国政府采购法实施条例》。","A. 正确
B. 错误","A"
"判断题","省级财政部口有权对本级预算单位的政府采购信息发布活动进行监督管理。","A. 正确
B. 错误","A"
"判断题","采购人可以根据需要，选择不在指定媒体上发布非渉密的政府采购合同公告。","A. 正确
B. 错误","B"
"判断题","指定媒体可以向社会公众收取少量的信息 查阅费用，以维持网站运营。","A. 正确
B. 错误","B"
"判断题","政府采购信息发布仅需遵循渠道相对集中 的原则。","A. 正确
B. 错误","B"
"判断题","中国政府采购网省级分网由市级财政部口 监督管理。","A. 正确
B. 错误","B"
"判断题","政府采购信息可W不按照财政部规定的格 式编制。","A. 正确
B. 错误","B"
"判断题","中央预算单位政府采购信息可以在本单位 内部网站发布，无需在中国政府采购网发布。","A. 正确
B. 错误","B"
"判断题","根据《政府采购信息发布管理办法》，发 布主体包括财政部口、采购人和采购代理机构。","A. 正确
B. 错误","A"
"判断题","财政部门指定媒体应当对收到的政府采购 信息的真实性负责。","A. 正确
B. 错误","B"
"判断题","财政部门指定媒体未核验发布主体身份即 发布信息，属于违规行为。","A. 正确
B. 错误","A"
"判断题","中国政府采购网收到政府采购信息后，应 在3个工作日内发布。","A. 正确
B. 错误","B"
"判断题","指定媒体可以向发布主体收取少量信息发 布服务费用。","A. 正确
B. 错误","B"
"判断题","采购人未依法在指定媒体发布政府采购项 目信息，仅需给予警告处罚。","A. 正确
B. 错误","B"
"判断题","财政部口工作人员在政府采购信息发布活 动中滥用职权，将被追究相应责任。","A. 正确
B. 错误","A"
"判断题","某采购代理机构在省级分网发布的信息与 中国政府采购网发布的信息不一致，应以 省级分网的信息为准。","A. 正确
B. 错误","B"
"判断题","财政部口指定媒体擅自修改政府采购信息 内容，将面临责令限期改正、通报等处罚。","A. 正确
B. 错误","A A"
"判断题","政府采购信息发布活动中，地方各级财政 部口仅对本级预算单位的信息发布活动进 行监督，无需接受上级财政部口指导。","A. 正确
B. 错误","B"
"判断题","采购人委托采购代理机构发布信息，若信 息存在错误，责任仅由采购代理机构承担。","A. 正确
B. 错误","B"
"判断题","指定媒体收到政府采购信息后，若发现信 息存在遗漏，可自行补充后发布。","A. 正确
B. 错误","B"
"单选题","本办法所称政府采购需求管理，是指采 购人组织确定采购需求和编制（）， 并实施相关风险控制管理的活动。","A. 采购预算
B. 采购实施计划
C. 采购方式
D. 采购代理机构","B"
"单选题","采购需求管理应当遵循（）的原则。","A. 科学合理、厉行节约、规范高效、权责清晰
B. 公开、公平、公正
C. 质量优先、价格合理
D. 谁采购、谁负责","A"
"单选题","采购人对采购需求管理负有（）责任 0","A. 主体
B. 监督
C. 指导
D. 协助","A"
"单选题","以下哪条不属于政府采购需求管理办法 所称的采购需求（）。","A. 采购人为实现项目目标，拟采购的标的
B. 需要满足的技术要求
C. 需要满足的商务要求
D. 采购人的所有要求","D"
"单选题","采购需求应当依据（）确定。","A. 单位预算
B. 采购预算
C. 部门预算（工程项目概预算）
D. 批注预算","C"
"单选题","( )以上的货物、服务采购项目，应 当开展需 求调查。","A. 日00万元
B. 1000万元
C. 2000万元
D. 3000万元","B"
"单选题","( )以上的工程采购项目，应当开展 需求调查。","A. 1000万元
B. 2000万元
C. 3000万元
D. 5000万元","C"
"单选题","编制采购需求前（）内，采购人已就 相关采购标的开展过需求调查的可W不 再重复开展。","A. 两年
B. 三年
C. 一年
D. 一年半","C"
"单选题","根据《政府采购需求管理办法》，业绩 情况作为资格条件时，要求供应商提供 的同类业务合同一般不超过（）个， 并明确同类业务的具体范围。","A. 5
B. 4
C. 3
D. 2","D"
"单选题","除法律法规规定可以在有限范围肉竞争 或者只能从唯一供应商处采购的情形 外，一般采用（）邀请供应商参与政 府采购活动。","A. 公开方式
B. 不公开方式
C. 特别方式
D. 非特别方式","A"
"单选题","参与确定采购需求和编制采购实施计划 的专家和第三方机构（）参与审查。","A. 不得
B. 可以
C. 需要
D. 视情况","A"
"单选题","以下选项中，属于采购需求客观、明确 且规格、标准统一的采购项目的是（ ) 。","A. 物业管理
B. 咨询服务
C. 设计服务
D. 政府和社会资本合作","A"
"单选题","合同类型按照民法典规定的（）类 别，结合采购标的的实际情况确定。","A. 非典型合同
B. 典型合同
C. 无名合同
D. 源合合同","B"
"单选题","根据《政府采购需求管理办法》第兰十 王条第二款，涉及公共利益、社会关注 度较高的采购项目（）开展重点审查。","A. 视情况
B. 应当
C. 需要
D. 可以","B"
"单选题","因采购人不可预见的紧急情况实施采购 的，（）相关管理要求。","A. 不可以简化
B. 可以适当简化
C. 应当简化
D. 视情况简化","B"
"单选题","关于采购需求，以下说法正确的是（ ) 。","A. 采购需求应当符合法律法规、政府采购政策和国家有关规定
B. 采购需求可以指定货物的品牌，以利于准确描述
C. 采购需求中的技术要求和商务条件可以直接引用某一品牌特有的标准
D. 为节约成本，采购需求可以不必考虑公共利益","A"
"单选题","采购人可以根据需要，面向（）开展 需求调查。","A. 潜在供应商
B. 专家
C. 市场主体
D. 所有选项均正确","D"
"单选题","采购实施计划不包括（）。","A. 采购项目预（概）算、最高限价
B. 采购标的的性能、质量、数量、标准等
C. 合同类型、定价方式
D. 采购组织形式、采购方式","B"
"单选题","采购人应当根据（）确定采购方式。","A. 采购预算金额大小
B. 符合法定适用情形和采购需求特点
C. 主管预算单位的指令
D. 潜在供应商的数量","B"
"单选题","根据《政府采购需求管理办法》，下列 错误的是 () 0","A. 采购人可以自行组织确定采购需求和编制采购实施计划
B. 采购人可以委托采购代理机构确定采购需求和编制采购实施计划
C. 采购人可以委托第王方机构确定采购需求和编制采购实施计划
D. 采购人必须委托采购代理机构确定采购需求和编制采购实施计划","D"
"单选题","下列不属于政府采购风险控制中非歧视 性审查内 容的是（）。","A. 是否指向特定供应商或者特定产品，包括资格条件设置是否合理，
要求供应商提供超过2个同类业务合同的，是否具有合理性
B. 技术要求是否指向特定的专利、商标、品牌、技术路线等
C. 评审因素设置是否具有倾向性，将有关履约能力作为评审因素是否适当
D. 是否确保充分竞争，包括应当以公开方式邀请供应商的，是否依法
采用公开竞争方式","D"
"单选题","下列不属于政府采购风险控制中一般性 审查内容的是（）。","A. 采购需求是否符合预算、资产、财务等管理制度规定
B. 对采购方式、评审规则、合同类型、定价方式的选择是否说明适用巧.由
C. 属于按规定需要报相关监管部门批准、核准的事项，是否作出相关安排
D. 是否指向特定供应商或者特定产品","D"
"单选题","下列不属于政府采购风险控制中重点审 查内容的是（）。","A. 技术要求是否指向特定的技术路线
B. 属于按规定需要报相关监管部门批准、核准的事项，是否作出相关安排
C. 合同文本是否按规定由法律顾问审定
D. 是否明确知识产权等方面的要求","B"
"单选题","财政部门应当依法加强对政府采购需求管理的监督检查，将采购人需求管理作为政府采购活动监督检查的重要肉容，不定期开展监督检查工作，（）应当如实反映情况，提供有关材料","A. 采购人
B. 采购代理机构
C. 采购人上级部门
D. 采购人负责人","A"
"单选题","某高校采购一批教学用计算机，预算金 额未达到公开招标数额标准。在确定采 购需求时，下列哪项行为最符合《政府 采购需求管理办法》规定？（）","A. 为保障质量，直接指定采用某知名品牌的技术参数
B. 为方便后续维护，要求供应商提供厂家出具的售后服务承诺函
C. 为节约时间，直接沿用呈年前同类项目的采购需求
D. 组织使用部门、信息化部门等共同确定技术参数和商务要求","D"
"单选题","在采购需求论证过程中，关于邀请专家 参与的正确表述？（）","A. 所有政府采购项目都必须邀请专家
B. 仅公开招标项目需要邀请专家
C. 采购人根据项目具体情况，可以自行决定是否邀请专家
D. 技术复杂、专业性强的项目必须邀请专家","C"
"单选题","根据《政府采购需求管理办法》规定， 验收方案应当（）。","A. 在签订合同后制定
B. 在采购活动开始前明确
C. 由供应商制定
D. 无需明确，按惯例验收即可","B"
"单选题","采购人或者采购代理机构违反《政府采 购需求管理办法》规定，由（）责令 改正。","A. 主管部门
B. 财政部门
C. 纪检监察部门
D. 审计部门","B"
"单选题","在政府采购项目投诉、举报处理和监督检查过程中，发现（）等存在歧视性、限制性、不符合政府采购政策等问题的，依照《中华人民共和国政府采购法»等国家有关规定处理。","A. 采购方式
B. 评审规则
C. 供应商资格条件
D. 所有选项均正确","D"
"单选题","关于采购需求中的技术要求，下列哪种 做法是《政府采购需求管理办法》明确 禁止的？（）","A. 技术要求指向特定的专利、商标
B. 技术要求注明""相当于某品牌某型号""
C. 技术要求指向特定的供应商
D. 所有选项均正确","D"
"多选题","下列哪些属于《政府采购需求管理办法 »的立法目的。（）","A. 加强政府采购需求管理
B. 实现政府采购项目绩效目标
C. 促进政府采购效率
D. 维护采购人利益
E. 维护供应商利益","AB"
"多选题","政府采购（）项目的需求管理适用《 政府采购需求管理办法》。","A. 货物
B. 工程
C. 服务
D. 商品
E. 劳务","ABC"
"多选题","采购需求管理应当遵循（）的原则。","A. 科学合理
B. 厉行节约
C. 规范高效
D. 权责清晰
E. 公平竞争","ABCD"
"多选题","采购人对采购需求管理负有主体责任，按照《政府采购需求管理办法》的规定开展采购需求管理各项工作，对采购需求和采购实施计划的（）负责。主管预算单位负责指导本部门采购需求管理工作。","A. 合法性
B. 合规性
C. 合理性
D. 公平性
E. 完整性","ABC"
"多选题","根据《政府采购需求管理办法》，技术 要求是指对采购标的的（）要求。","A. 商务
B. 功能
C. 质量
D. 售后
E. 业绩","BC"
"多选题","采购需求可W直接引用相关（）等标 准、规范，也可门根据项目目标提出更高的技术要求。","A.国际标准 B.国家标准 C.行业标准 D.地方标准 E.企业标准","BCD"
"多选题","采购人可W在确定采购需求前，通过（ )等方式开展需求调查。","A. 咨询
B. 论证
C. 问卷调查
D. 网络调查
E. 定向讯问","ABCD"
"多选题","采购实施计划根据（），结合采购需 求的特点确定。","A. 法律法规
B. 政府采购政策
C. 国家有关规定
D. 采购人肉部规定
E. 特定供应商产品标准","ABC"
"多选题","合同管理安排，包括（）的主要条款、 履约验收方案、风险管控措施等。","A. 合同格式
B. 合同类型
C. 定价方式
D. 合同文本
E. 合同变更","BCD"
"多选题","采购人应当通过确定供应商资格条件、设定评等政府采购政策功能。","A.创新 B.绿色发展 C.民营企业发展 D.中小企业发展 E.加大进口份额","ABD"
"多选题","采购需求客观、明确且规格、标准统一 的采购项目，如通用设备、物业管理 等，一般采用（）方式采购，以价格 作为授予合同的主要考虑因素，采用固 定总价或者固定单价的定价方式。","A. 招标
B. 询价
C. 谈判
D. 磋商
E. 单一来源","AB"
"多选题","采购需求客观、明确，且技术较复杂或者专业性较强的采购项目，如大型装备、咨询服务等，一般采用（）方式采购，通过综合性评审选择性价比最优的产品，采用固定总价或者固定单价的定价方式。","A. 招标
B. 询价
C. 谈判
D. 磋商
E. 单一来源","ACD"
"多选题","不能完全确定客观指标，需由供应商提 供设计方案、解决方案或者组织方案的 采购项目，如首购订购、设计服务、政 府和社会资本合作等，一般采用（） 方式采购。","A. 招标
B. 询价
C. 谈判
D. 磋商
E. 单一来源","CD"
"多选题","采购人可以 ()采购需求和编制采购 实施计划。","A. 超出预算金额确定
B. 自行组织确定
C. 委托采购代理机构开展
D. 委托其他第呈方机构开展
E. 脱罔实际需要确定","BCD"
"多选题","采购人应当建立审查工作机制，在采购 活动开始前，针对采购需求管理中的重 点风险事项，对采购需求和采购实施计 划进行审查，审查分为（）。","A. 一般性审查
B. 普通审查
C. 非重点审查
D. 重点审查
E. 特定审查","AD"
"多选题","某采购项目采购需求客观、明确，以下 关于评审因素的说法正确的有（）。","A. 客观但不可量化的指标应当作为实质性要求
B. 客观但不可量化的指标可以作为评分项
C. 参与评分的指标应当是采购需求中的量化指标
D. 评分项应当按照量化指标的等次设置对应的不同分值
E. 评审因素可以与采购需求无关","ACD"
"多选题","下列哪些属于《政府采购需求管理办法 »规定的应当开展需求调查的情形？（ )","A. 1000万元以上的货物、服务、工程采购项目
B. 被及公共利益、社会关注度较高的采购项目
C. 需定制开发的信息化建设项目
D. 主管预算单位或者采购人认为需要开展需求调查的采购进口产品的项目","BCD"
"多选题","关于采购需求中的商务要求，下列说法 正确的有（）。","A. 可以要求供应商在采购活动开始前成为采购人会员
B. 可以对企业的注册资本、资产总额等进行限制
C. 可以约定付款方式、付款条件
D. 可以提出售后服务要求
E. 可以要求供应商在本地有过类似业绩","CD"
"多选题","在政府采购项目投诉、举报处理和监督 检查过程中，发现采购方式、评审规则 、供应商资格条件等存在（）等问题 的，依照《中华人民共和国政府采购法 »等国家有关规定处理。","A. 违约性
B. 歧视性
C. 限制性
D. 不符合政府采购政策
E. 普适性","BCD"
"多选题","根据采购需求特点提出的供应商资格条 件，要与采购标的的功能、质量和供应 商履约能力直接相关，且属于履行合同 必需的条件，包括特定的专业资格或者 ()及其管理能力等。","A. 技术资格
B. 技术实力
C. 设备设施
D. 业绩情况
E. 专业人才","ACDE"
"多选题","首购订购项目，采购实施计划中，合同 定价方式可采取（）。","A. 固定总价
B. 固定单价
C. 成本补偿
D. 绩效激励
E. 协商定价","ABCD"
"多选题","采购人可以在确定采购需求前，通过咨 询、论证、问卷调查等方式开展需求调 查，了解（），可能涉及的运行维护 、升级更新、备品备件、耗材等后续采 购，以及其他相关情况。","A. 相关产业发展
B. 市场供给
C. 市场需求
D. 同类采购项目历史成交信息
E. 行业需求","ABD"
"多选题","根据《政府采购需求管理办法》规定， 采购过程和合同履行过程中的风险包括 ()、采购失败、不按规定签订或者 履行合同、出现损害国家利益和社会公 共利益情形等。","A. 国家政策变化
B. 实施环境变化
C. 重大技术变化
D. 预算项目调整
E. 因质疑投诉影响采购进度","ABCDE"
"多选题","采购政策审查。主要审查（）等政府 采购政策要求。","A. 进口产品的采购是否必要
B. 是否落实支持创新
C. 是否落实绿色发展
D. 是否落实中小企业发展
E. 合同文本是否按规定由法律顾问审定","ABCD"
"多选题","下列哪些行为属于《政府采购需求管理 办法》明令禁止的，在确定采购需求和 编制采购文件时应当避免的？（）","A. 设定的资格、技术、商务条件与采购项目的具体特点和实际需要不
相适应或者与合同履行无关
B. 采购需求中的技术、服务等要求指向恃定供应商、特定产品
C. 要求供应商在政府采购活动前进行不必要的登记、注册，或者要求设立分支机构
D. 设置或者变相设置供应商规模、成立年限等口槛，限制供应商参与政府采购活动
E. 限定供应商所有制形式、组织形式","ABCDE"
"多选题","对于采购需求的专业性、技术性较强的 项目，可以采取哪些措施确保需求科学 合理？（）","A. 邀请相关领域专家参与需求论证
B. 征求潜在供应商的意见
C. 直接引用行业领先企业的技术方案
D. 开展深入的市场调研
E. 直接采用其他单位己经完成的同类项目需求参数","ABD"
"多选题","关于采购需求审查，下列说法正确的有 ( )","A. —般性审查主要审查是否按照本办法规定的程序和内容确定采购需
求、编制采购实施计划
B. 重点审查主要审查非歧视性、竞争性、采购政策、履约风险等
C. 所有项目都必须进行重点审查
D. 审查工作可以由采购人内部机构开展，也可以邀请专家或第三方机构参与审查
E. 一般性审查和重点审查的具体采购项目范围，由采购人根据实际情况确定","ABDE"
"多选题","以下关于政府采购需求管理中工作的说 法正确的有（）。","A. 采购人应当将采购需求管理作为政府采购内控管理的重要肉容
B. 采购人可委托第王方机构开展确定采购需求和编制采购实施计划的工作
C. 参与确定采购需求的专家不得参与审查工作
D. 一般性审查和重点审查具体采购项目范围由财政部口统一确定
E. 一般性审查和重点审查的具体采购项目范围，由采购人根据实际情况确定","ABCE"
"多选题","某政府向社会公众提供的公共服务项 目，预算金额1500万元，以下关于该 项目履约验收的说法正确的有（）。","A. 验收方案要明确验收主体、时间、方式、程序、内容和验收标准等事项
B. 应当邀请服务对象参与验收并出具意见
C. 验收结果应当向社会公告
D. 验收肉容仅需包括主要技术要求的履约情况
E. 履约验收方案应当在合同中约定","ABCE"
"多选题","某单位采购一批大型装备，预算金额5000万元，公开招标数额标准为400万元，该单位未开展需求调查，直接委托代理机构采用竞争性磋商方式采购，在供应商资格条件中要求提供3个同类业绩，同时在评分办法中规定供应商提供3个有效业绩的得3分，每増加3个有效业绩加3分，共计9分。以下说法正确的有（）。","A. 该单位未开展需求调查不符合规定
B. 采用竞争性磋商方式需依法获得批准
C. 资格条件中要求3个同类业务合同不符合规定
D. 将资格条件作为评审因素符合政府采购相关规定
E. 其余选项说法都正确","ABC"
"判断题","《政府采购需求管理办法》适用于政府 采购货物、工程和服务项目的需求管理。","A. 正确
B. 错误","A"
"判断题","采购人是采购需求管理的第二责任人， 采购代理机构是第一责任人。","A. 正确
B. 错误","B"
"判断题","采购需求应当符合政府采购政策要求。","A. 正确
B. 错误","A"
"判断题","采购需求调查是所有政府采购项目的强 制性要求。","A. 正确
B. 错误","B"
"判断题","采购需求应当符合国家强制性标准。","A. 正确
B. 错误","A"
"判断题","采购需求管理的主体责任由采购代理机 构承担。","A. 正确
B. 错误","B"
"判断题","采购人面向市场主体开展需求调查时， 选择的调查对象一般不少于2个，并应 当具有代表性。","A. 正确
B. 错误","B"
"判断题","编制采购需求前两年内，采购人已就相 关采购标的开展过需求调查的可W不再 重复开展。","A. 正确
B. 错误","B"
"判断题","一般性审查和重点审查的具体采购项目范围，由采购人监管部口根据实际情况确定。","A. 正确
B. 错误","B"
"判断题","采购需求和采购实施计划的调查、确定、编制、审查等工作应当形成书面记录并存档。","A. 正确
B. 错误","A"
"判断题","因采购人不可预见的紧急情况实施采购 的，可W适当简化相关管理要求。","A. 正确
B. 错误","A"
"判断题","对于技术复杂、专业性强的项目，采购 人必须邀请专家参与需求论证。","A. 正确
B. 错误","B"
"判断题","履约验收方案无需在合同中约定。","A. 正确
B. 错误","B"
"判断题","采购人要根据采购项目实施的要求，充分考虑采购活动所需时间和可能影响采购活动进行的因素，合理安排采购活动实施时间。","A. 正确
B. 错误","A"
"判断题","采购人可以根据项目特点，在采购需求 中提出对产品的环保要求。","A. 正确
B. 错误","A"
"判断题","因采购人原因造成采购需求编制不合理，导致采购活动无效的，由采购人承担相应责任。","A. 正确
B. 错误","A"
"判断题","采购人、采购代理机构应当邀请参加本项目的其他供应商或者第S方专业机构及专家参与验收，相关验收意见作为验收的参考资料。","A. 正确
B. 错误","B"
"判断题","采购需求中要求供应商提供不少于3年 的同类项目业绩，是合理的资格要求。","A. 正确
B. 错误","B"
"判断题","采购需求客观、明确的采购项目，采购 需求中客观但不可量化的指标应当作为 实质性要求，可以作为评分项。","A. 正确
B. 错误","B"
"判断题","采购项目涉及采购标的的知识产权归属 、处理的，如订购、设计、定制开发的 信息化建设项目等，应当约定知识产权 的归属和处理方式。","A. 正确
B. 错误","A"
"判断题","采购需求调查过程中从供应商处获取的信息，采购人可以不加甄别的直接写入米购需求。","A. 正确
B. 错误","B"
"判断题","合同文本应当包含政府采购合同必备条 款。","A. 正确
B. 错误","A"
"判断题","对于长期运行的服务项目，采购需求应 当充分考虑服务期间可能发生的变动因素。","A. 正确
B. 错误","A"
"判断题","采购人委托采购代理机构编制采购需求的，可以免除采购人对采购需求负有的主体责任。","A. 正确
B. 错误","B"
"判断题","采购实施计划一经确定，在采购活动执 行中不得进行任何调整。","A. 正确
B. 错误","B"
"判断题","某技术复杂的进口产品采购项目，在可 行性研究中己包含部分需求调查肉容， 对于未涉及的部分，无需再开展需求调查。","A. 正确
B. 错误","B"