"type","question","options","answer"
"
单选题","根据《福建省财政厅关于进一步加大政府采购支持
中小企业力度的通知》，货物和服务采购项目给予
小微企业的价格扣除优惠由6%-10%提高至多少？（
）","A. 10%-15%
B. 15%-20%
C. 20%-25%
D. 25%-30%","
B"
"
单选题","根据《福建省财政厅关于进一步加大政府采购支持
中小企业力度的通知》，2022年下半年实施的政府
采购项目，采购人可以给予中小企业的预付款比例
是多少？（ ）","A. 不低于合同金额的30%
B. 不低于合同金额的50%
C. 不低于合同金额的70%
D. 不低于合同金额的80%","
B"
"
单选题","根据《福建省财政厅关于进一步加大政府采购支持
中小企业力度的通知》，大中型企业与小微企业组
成联合体的评审优惠幅度由2%-3%提高至多少？（
）","A. 3%-4%
B. 4%-5%
C. 5%-6%
D. 6%-7%","
C"
"
单选题","根据《福建省财政厅关于进一步加大政府采购支持
中小企业力度的通知》，2022年下半年实施的政府
采购项目，面向中小企业的预留份额由30%以上提
高至多少？（ ）","A. 35%以上
B. 40%以上
C. 45%以上
D. 50%以上","
B"
"
单选题","根据《福建省财政厅关于进一步加大政府采购支持
中小企业力度的通知》，以下哪种采购方式适用于
紧急情况下的采购？（ ）","A. 公开招标
B. 邀请招标
C. 单一来源采购
D. 询价","
C"
"
单选题","根据《福建省财政厅关于进一步加大政府采购支持
中小企业力度的通知》，以下哪种措施可以减轻中
小企业的资金压力？（ ）","A. 提高预付款比例
B. 取消所有保证金
C. 提高投标保证金比例
D. 取消政府采购合同融资","
A"
"
单选题","根据《福建省财政厅关于进一步加大政府采购支持
中小企业力度的通知》，以下哪种措施可以方便中
小企业参与政府采购活动？（ ）","A. 推行远程谈判（磋商）
B. 取消所有投标保证金
C. 提高投标保证金比例
D. 取消政府采购合同融资","
A"
,,,
"
单选题","根据《福建省财政厅关于进一步加大政府采购支持
中小企业力度的通知》，以下哪种措施可以提高小
微企业的价格评审优惠幅度？（ ）","A. 提高价格扣除优惠
B. 取消价格扣除优惠
C. 提高投标保证金比例
D. 取消政府采购合同融资","
A"
"
单选题","根据《福建省财政厅关于进一步加大政府采购支持
中小企业力度的通知》，以下哪种措施可以提高面
向中小企业的预留份额？（ ）","A. 提高预留份额比例
B. 取消预留份额要求
C. 提高投标保证金比例
D. 取消政府采购合同融资","
A"
"
单选题","根据《福建省财政厅关于进一步加大政府采购支持
中小企业力度的福建省财政厅关于进一步加大政府
采购支持中小企业力度的通知》，以下哪种措施可
以加强政府采购预算编制和审核？（ ）","A. 主管预算单位应组织评估政府采购项目
B. 主管预算单位应取消所有预留份额要求
C. 主管预算单位应提高投标保证金比例
D. 主管预算单位应取消政府采购合同融资","
A"
"
单选题","根据《福建省财政厅关于进一步加大政府采购支持
中小企业力度的通知》，2022年下半年实施的政府
采购项目，采购人可以给予中小企业的预付款比例
是多少？（ ）","A. 不低于合同金额的30%
B. 不低于合同金额的50%
C. 不低于合同金额的70%
D. 不低于合同金额的80%","
B"
"
单选题","根据《福建省财政厅关于进一步加大政府采购支持
中小企业力度的通知》，大中型企业与小微企业组
成联合体的评审优惠幅度由2%-3%提高至多少？（
）","A. 3%-4%
B. 4%-5%
C. 5%-6%
D. 6%-7%","
C"
"
单选题","根据《福建省财政厅关于进一步加大政府采购支持
中小企业力度的通知》，2022年下半年实施的政府
采购项目，面向中小企业的预留份额由30%以上提
高至多少？（ ）","A. 35%以上
B. 40%以上
C. 45%以上
D. 50%以上","
B"
"
单选题","根据《福建省财政厅关于进一步加大政府采购支持
中小企业力度的通知》，以下哪种采购方式适用于
紧急情况下的采购？（ ）","A. 公开招标
B. 邀请招标
C. 单一来源采购
D. 询价","
C"
"
单选题","根据《福建省财政厅关于进一步加大政府采购支持
中小企业力度的通知》，以下哪种措施可以减轻中
小企业的资金压力？（ ）","A. 提高预付款比例
B. 取消所有保证金
C. 提高投标保证金比例
D. 取消政府采购合同融资","
A"
,,,
"
单选题","根据《福建省财政厅关于进一步加大政府采购支持
中小企业力度的通知》，以下哪种措施可以方便中
小企业参与政府采购活动？（ ）","A. 推行远程谈判（磋商）
B. 取消所有投标保证金
C. 提高投标保证金比例
D. 取消政府采购合同融资","
A"
"
单选题","根据《福建省财政厅关于进一步加大政府采购支持
中小企业力度的通知》，以下哪种措施可以提高小
微企业的价格评审优惠幅度？（ ）","A. 提高价格扣除优惠
B. 取消价格扣除优惠
C. 提高投标保证金比例
D. 取消政府采购合同融资","
A"
"
单选题","根据《福建省财政厅关于进一步加大政府采购支持
中小企业力度的通知》，以下哪种措施可以提高面
向中小企业的预留份额？（ ）","A. 提高预留份额比例
B. 取消预留份额要求
C. 提高投标保证金比例
D. 取消政府采购合同融资","
A"
"
单选题","根据《福建省财政厅关于进一步加大政府采购支持
中小企业力度的通知》，以下哪种措施可以加强政
府采购预算编制和审核？（ ）","A. 主管预算单位应组织评估政府采购项目
B. 主管预算单位应取消所有预留份额要求
C. 主管预算单位应提高投标保证金比例
D. 主管预算单位应取消政府采购合同融资","
A"
"
多选题","根据《福建省财政厅关于进一步加大政府采购支持
中小企业力度的福建省财政厅关于进一步加大政府
采购支持中小企业力度的通知》，以下哪些措施可
以提高中小企业的政府采购份额？（ ）","A. 项目整体预留
B. 合理预留采购包
C. 要求大企业与中小企业组成联合体
D. 要求大企业向中小企业分包","
ABCD"
"
多选题","根据《福建省财政厅关于进一步加大政府采购支持
中小企业力度的通知》，以下哪些措施可以减轻中
小企业的资金压力？（ ）","A. 提高预付款比例
B. 取消所有保证金
C. 鼓励降低投标保证金和履约保证金比例
D. 提供政府采购合同融资","
ACD"
"
多选题","根据《福建省财政厅关于进一步加大政府采购支持
中小企业力度的通知》，以下哪些采购方式可以支
持中小企业“不到场”参与采购活动？（ ）","A. 远程开标
B. 无纸化投标
C. 远程谈判（磋商）
D. 现场投标","
ABC"
"
多选题","根据《福建省财政厅关于进一步加大政府采购支持
中小企业力度的通知》，以下哪些情况适用于竞争
性谈判采购方式？（ ）","A. 招标后没有供应商投标
B. 技术复杂或性质特殊
C. 采用招标所需时间不能满足紧急需要
D. 不能事先计算出价格总额","
ABCD"
,,,
"多选题","
根据《福建省财政厅关于进一步加大政府采购支持
中小企业力度的通知》，以下哪些措施可以提高小
微企业的价格评审优惠幅度？（ ）","A. 货物和服务采购项目给予小微企业的价格
扣除优惠提高至15%-20%
B. 大中型企业与小微企业组成联合体的评审
优惠幅度提高至5%-6%
C. 取消小微企业的价格评审优惠
D. 提高小微企业的投标保证金比例","

AB"
"多选题","
根据《福建省财政厅关于进一步加大政府采购支持
中小企业力度的通知》，以下哪些措施可以提高面
向中小企业的预留份额？（ ）","A. 超过200万元的货物和服务采购项目预留份
额提高至40%以上
B. 超过400万元的工程采购项目预留份额提高
至40%以上
C. 所有采购项目预留份额提高至50%以上
D. 取消预留份额要求","

AB"
"
多选题","根据《福建省财政厅关于进一步加大政府采购支持
中小企业力度的通知》，以下哪些措施可以方便中
小企业参与政府采购活动？（ ）","A. 推行远程谈判（磋商）
B. 推广电子保函形式缴交保证金
C. 取消所有投标保证金
D. 提供政府采购合同融资","
ABD"
"多选题","
根据《福建省财政厅关于进一步加大政府采购支持
中小企业力度的通知》，以下哪些措施可以加强政
府采购预算编制和审核？（ ）","A. 主管预算单位应组织评估本部门及所属单
位政府采购项目
B. 主管预算单位应制定面向中小企业预留采
购份额的具体方案
C. 主管预算单位应取消所有预留份额要求
D. 主管预算单位应公开预留项目执行情况","

ABD"
"
多选题","根据《福建省财政厅关于进一步加大政府采购支持
中小企业力度的通知》，以下哪些措施可以减轻中
小企业的资金压力？（ ）","A. 给予中小企业预付款
B. 降低投标保证金和履约保证金比例
C. 取消所有保证金
D. 提供政府采购合同融资","
ABD"
"
判断题","根据《福建省财政厅关于进一步加大政府采购支持
中小企业力度的通知》，2022年下半年实施的政府
采购项目，采购人可以给予中小企业不低于合同金
额50%的预付款。（ ）","A. 对
B. 错","
A"
,,,
"
判断题","根据《福建省财政厅关于进一步加大政府采购支持
中小企业力度的通知》，大中型企业与小微企业组
成联合体的评审优惠幅度由2%-3%提高至5%-6%。（
）","
A. 对
B. 错","
A"
"
判断题","根据《福建省财政厅关于进一步加大政府采购支持
中小企业力度的通知》，2022年下半年实施的政府
采购项目，面向中小企业的预留份额由30%以上提
高至40%以上。（ ）","A. 对
B. 错","
A"
判断题,"根据《福建省财政厅关于进一步加大政府采购支持
中小企业力度的通知》，单一来源采购适用于紧急
情况下的采购。（ ）","A. 对
B. 错",A
判断题,"根据《福建省财政厅关于进一步加大政府采购支持
中小企业力度的通知》，采购人可以取消所有保证
金以减轻中小企业的资金压力。（ ）","A. 对
B. 错",B
"
判断题","根据《福建省财政厅关于进一步加大政府采购支持
中小企业力度的通知》，推行远程谈判（磋商）可
以方便中小企业参与政府采购活动。（ ）","A. 对
B. 错","
A"
判断题,"根据《福建省财政厅关于进一步加大政府采购支持
中小企业力度的通知》，提高价格扣除优惠可以提
高小微企业的价格评审优惠幅度。（ ）","A. 对
B. 错",A
"
判断题","根据《福建省财政厅关于进一步加大政府采购支持
中小企业力度的通知》，主管预算单位应取消所有
预留份额要求以加强政府采购预算编制和审核。（
）","A. 对
B. 错","
B"
"
判断题","根据《福建省财政厅关于进一步加大政府采购支持
中小企业力度的通知》，2022年下半年实施的政府
采购项目，采购人可以给予中小企业不低于合同金
额70%的预付款。（ ）","A. 对
B. 错","
B"
"
判断题","根据《福建省财政厅关于进一步加大政府采购支持
中小企业力度的通知》，推行无纸化投标可以方便
中小企业参与政府采购活动。（ ）","A. 对
B. 错","
A"
,,,
"
判断题","根据《福建省财政厅关于进一步加大政府采购支持
中小企业力度的通知》，2022年下半年实施的政府
采购项目，采购人可以取消所有保证金以减轻中小
企业的资金压力。（ ）","
A. 对
B. 错","
B"
"
判断题","根据《福建省财政厅关于进一步加大政府采购支持
中小企业力度的通知》，主管预算单位应在年度结
束后60日内公开上一年度面向中小企业预留份额和
采购的具体情况。（ ）","A. 对
B. 错","
A"
"
判断题","根据《福建省财政厅关于进一步加大政府采购支持
中小企业力度的通知》，2022年下半年实施的政府
采购项目，采购人可以给予中小企业不低于合同金
额70%的预付款。（ ）","A. 对
B. 错","
B"
"
判断题","根据《福建省财政厅关于进一步加大政府采购支持
中小企业力度的通知》，推行无纸化投标可以方便
中小企业参与政府采购活动。（ ）","A. 对
B. 错","
A"
"
判断题","根据《福建省财政厅关于进一步加大政府采购支持
中小企业力度的通知》，2022年下半年实施的政府
采购项目，面向中小企业的预留份额由30%以上提
高至50%以上。（ ）","A. 对
B. 错","
B"
,,,
题型,"《福建省政府采购评审专家评价规则（试行）》
题干",选项,答案
"
单选题","福建省政府采购评审专家评价不包括以下哪项？
（ ）","A. 个人信息评价
B. 经济状况评价
C. 专业能力评价
D. 履职情况评价","
B"
"
单选题","个人信息评价主要评判政府采购专家备案个人信
息的（ ）？","A. 美观性
B. 创新性
C. 真实性、完整性
D. 独特性","
C"
"
单选题","
专家专业能力评价主要通过什么方式进行？（
）","A. 现场实操考核
B. 专家普法测试
C. 论文撰写
D. 面试","
B"
"
单选题","
专家普法测试每人每年有几次测试机会？（ ）","A.1 次
B.2 次
C.3 次
D.4 次","
C"
"
单选题","
专家年龄的计算方式是（ ）？","A. 专家出生年度 - 当年度
B. 当年度 + 专家出生年度
C. 当年度 - 专家出生年度
D.（当年度 + 专家出生年度）÷2","
C"
"
单选题","若专家个人信息评价为不真实，将如何处理？（
）","A. 警告
B. 罚款
C. 解聘
D. 批评教育","
C"
"
单选题","专家个人信息评价为不完整，通知发出后 30 天
内，重要信息仍不完整的，将（ ）？","A. 继续提醒
B. 罚款
C. 暂停
D. 解聘","
C"
,,,
"
单选题","
专家当年度内未参加普法测试，会受到什么处
理？（ ）","A. 罚款
B. 暂停参加政府采购评审活动直至其参加普法
测试
C. 警告
D. 限制抽取次数","
B"
"
单选题","
专家参加普法测试但成绩未达到合格标准（80
分），会受到什么限制？（ ）","A. 暂停参加政府采购评审活动 1 个月
B. 限制其被抽取次数为期 6 个月
C. 暂停参加政府采购评审活动 6 个月
D. 警告","
B"
"
单选题","
专家在参加普法测试中存在作弊、替考、代考情
形的，暂停参加政府采购评审活动多久？（ ）","A.6 个月
B.12 个月
C.3 个月
D.24 个月","
B"
"
单选题","专家未在规定时限内到达评审场所并签到，当日
还会接到评审邀请吗？（ ）","A. 会
B. 不会
C. 不确定
D. 看情况","
B"
"
单选题","每个自然年度内专家累计迟到 2 次的，暂停参
加政府采购评审活动多久？（ ）","A.1 个月
B.2 个月
C.3 个月
D.6 个月","
A"
"
单选题","
每个自然年度内专家累计迟到 3 次的，暂停参
加政府采购评审活动多久？（ ）","A.1 个月
B.3 个月
C.6 个月
D.12 个月","
B"
"
单选题","
每个自然年度内专家累计迟到超过 3 次的，暂
停参加政府采购评审活动多久？（ ）","A.3 个月
B.6 个月
C.9 个月
D.12 个月","
D"
"
单选题","福建省政府采购评审专家评价指标分为 A 类和
B 类共计多少项？（ ）","A.18 项
B.20 项
C.21 项
D.25 项","
C"
,,,
"
单选题","A 类指标有一项指标被采购人和采购代理机构同
时评价为 “是”，专家在该项目的评价等级为
（ ）？","A. 好
B. 中
C. 差
D. 待定","
C"
"
单选题","A、B 类评价指标均被采购人和采购代理机构评
价为 “否”，专家在该项目的评价等级为
（ ）？","A. 好
B. 中
C. 差
D. 待定","
A"
"
单选题","系统对专家被抽取到 10 次以上但出席率不足
20% 的专家会如何处理？（ ）","A. 罚款
B. 警告
C. 标记并限制其被抽取次数，为期 3 个月
D. 解聘","
C"
"单选题","

一个季度内专家参与政府采购评审活动中存在 1
次评价结果等级为【差】，下一季度将如何限制
其被抽取次数？（ ）","A. 每 5 日只能参与 1 次政府采购项目评审活
动
B. 每 10 日只能参与 1 次政府采购项目评审活
动
C. 每 15 日只能参与 1 次政府采购项目评审活
动
D. 每 20 日只能参与 1 次政府采购项目评审活
动","

B"
"
多选题","福建省政府采购评审专家的专业能力评价涉及以
下哪些方面？（ ）","A. 专家普法测试
B. 区分专家年龄段设置考题
C. 现场评审表现
D. 论文发表数量","
AB"
"
多选题","以下属于政府采购评审专家个人信息评价内容的
有（ ）。","A. 个人履历
B. 专业技术职称
C. 银行账号
D. 家庭住址","
ABC"
"
多选题","
关于专家普法测试，下列说法正确的有（ ）。","A. 每年 6 月份统一组织
B. 每人 3 次测试机会
C. 取平均成绩作为当年度个人成绩
D. 测试成绩未达到合格标准限制抽取次数","
ABD"
,,,
"
多选题","
专家在履职情况评价中，可能涉及的情形有（
）。","A. 不同意出席评审应答次数
B. 擅自将个人账号等信息透露他人
C. 是否准时到达评审现场
D. 评审费用收取情况","
ABC"
"
多选题","若专家个人信息评价出现以下哪些情况会受到相
应处理？（ ）","A. 不真实
B. 不完整
C. 过时
D. 格式错误","
AB"
"多选题","

以下关于专家迟到处理的说法正确的有（ ）。","A. 未在规定时限内到达评审场所并签到，当日
不会再接到评审邀请
B. 每个自然年度内累计迟到 2 次的，暂停参加
政府采购评审活动 1 个月
C. 每个自然年度内累计迟到 3 次的，暂停参加
政府采购评审活动 3 个月
D. 每个自然年度内累计迟到超过 3 次的，暂停
参加政府采购评审活动 12 个月","

ABCD"
"
多选题","
采购人和其委托的采购代理机构对专家评价的指
标包括（ ）。","A.A 类指标
B.B 类指标
C.C 类指标
D.D 类指标","
AB"
"多选题","

当专家在项目评审中，出现以下哪些情况评价等
级可能为【差】？（ ）","A.A 类指标有一项指标被采购人和采购代理机构
同时评价为 “是”
B.A 类指标有一项指标被采购人和采购代理机构
同时评价为 “否”
C.A、B 类评价指标均被采购人和采购代理机构
评价为 “否”
D.A 类指标部分为 “是”，部分为 “否”，且
B 类指标有一项为 “是”","

AD"
"
多选题","
系统对专家执业行为的管理方式有（ ）。","A. 跟踪记录形成执业行为数据库
B. 进行量化管理
C. 对选聘、解聘、扩招等决策提供数据支撑
D. 对所有专家定期进行培训","
ABC"
,,,
"多选题","

一个季度内专家参与政府采购评审活动的评价结
果对专家有哪些影响？（ ）","A. 存在 1 次评价结果等级为【差】，下一季度
限制抽取次数
B. 存在 2 次评价结果等级为【差】，即刻暂停
参加政府采购评审活动 3 个月
C. 至少每月参与 2 次政府采购评审活动，且所
有项目评价结果等级均为【好】，该季度总评价
为【好】
D. 未达到【好】的标准，同时无评价结果等级
为【差】的项目的，该季度总评价为【中】，下
一季度其抽取概率为平均概率","

ABCD"
"多选题","

连续多个季度总评价对专家的影响有（ ）。","A. 连续 2 个季度总评价为【差】，暂停参加政
府采购评审活动 6 个月
B. 在一个自然年度内有 2 个季度总评价为【差
】的专家，暂停参加政府采购评审活动 6 个月
C. 年度内有 3 个及以上季度总评价为【好】且
无季度总评价结果等级为【差】的专家，予以表
扬鼓励并视情加分
D. 连续 3 个季度总评价为【中】，暂停参加政
府采购评审活动 3 个月","

ABC"
"多选题","
以下哪些情况可能导致专家被暂停参加政府采购
评审活动？（ ）","A. 个人信息评价不完整，通知发出后 30 天内
重要信息仍不完整
B. 参加普法测试存在作弊、替考、代考情形
C. 每个自然年度内累计迟到超过 3 次
D. 一个季度内专家参与政府采购评审活动中存
在 2 次评价结果等级为【差】","

ABCD"
"
多选题","
专家普法测试中，下列哪些行为会受到相应处
罚？（ ）","A. 未参加测试
B. 测试成绩未达到合格标准
C. 作弊
D. 替考","
ABCD"
,,,
"
多选题","
政府采购评审专家履职情况评价中，系统跟踪记
录能起到哪些作用？","A. 形成专家执业行为数据库
B. 为专家晋升提供依据
C. 进行量化管理
D. 为政府采购专家选聘、解聘、扩招等决策提
供数据支撑","
ACD"
"
多选题","
采购人和采购代理机构对专家评价结果为【好】
需满足以下哪些条件？","A.A 类指标均被评价为 “否”
B.B 类指标均被评价为 “否”
C.A 类指标有一项被评价为 “是”
D.B 类指标有部分被评价为 “是”","
AB"
判断题,"福建省政府采购评审专家评价仅由采购人和其委
托的采购代理机构进行。（ ）","A. 对
B. 错",B
判断题,专家年龄计算时需精确到月份。（ ）,"A. 对
B. 错",B
判断题,"专家个人信息评价不完整时，会立刻被暂停参与
政府采购评审活动。（ ）","A. 对
B. 错",B
判断题,专家普法测试每年只有一次机会。（ ）,"A. 对
B. 错",B
判断题,"专家在一个自然年度内累计迟到 1 次，不会受
到暂停参加政府采购评审活动的处罚。（ ）","A. 对
B. 错",A
判断题,"采购人和其委托的采购代理机构应在评审活动结
束后 3 日内对专家进行评价。（ ）","A. 对
B. 错",B
"
判断题","A 类指标中有一项被采购人和采购代理机构评价
为 “是”，专家在该项目的评价等级一定为【
差】。（ ）","A. 对
B. 错","
A"
判断题,"系统不会对 3 个月内未被抽取到的专家进行任
何处理。（ ）","A. 对
B. 错",B
判断题,"一个季度内专家参与政府采购评审活动中存在 3
次评价结果等级为【差】，该专家会被暂停参加
政府采购评审活动 6 个月。（ ）","A. 对
B. 错",B
"
判断题","年度内有 2 个季度总评价为【好】且无季度总
评价结果等级为【差】的专家，将通过福建省政
府采购专用语音和短信予以表扬鼓励，并视情在
参加专家普法测试中享受加分优待。（ ）","A. 对
B. 错","
B"
,,,
判断题,"专家在参加普法测试中存在作弊情形，暂停参加
政府采购评审活动 6 个月。（ ）","A. 对
B. 错",B
判断题,"若专家 A、B 类评价指标均被采购人和采购代理
机构评价为 “是”，其评价等级为【中】。（
）","A. 对
B. 错",B
判断题,"连续 2 个季度总评价为【中】，专家下一季度
抽取概率会降低。（ ）","A. 对
B. 错",B
"
判断题","专家当年度内参加普法测试但测试成绩未达到合
格标准，会被暂停参加政府采购评审活动 6 个
月。（ ）","A. 对
B. 错","
B"
判断题,"专家不同意出席评审应答次数不会影响其履职情
况评价。（ ）","A. 对
B. 错",B
,,,
题型,《福建省政府采购线上普法测试须知》题干,选项,答案
"
单选题","
已入库评审专家每年普法测试时间为？（ ）","A. 每年 4 月 1 日 - 30 日
B. 每年 5 月 1 日 - 30 日
C. 每年 6 月 1 日 - 30 日
D. 每年 7 月 1 日 - 30 日","
C"
"
单选题","
测试过程中 “人脸识别系统” 有几次识别为非本
人即按 0 分处理？（ ）","A.1 次
B.2 次
C.3 次
D.4 次","
A"
"
单选题","
测试结束提交答卷后，若对结果有异议，应如何申
请复议？（ ）","A. 将屏幕截图发至个人邮箱申请复议
B. 以代理机构为单位集中发至 zfcgpfcs@126.com 邮
箱申请复议（专家以个人为单位）
C. 打电话给监管部门申请复议
D. 无需申请，结果不可复议","
B"
"
单选题","
当月测试期满结束后，系统会公布什么？（ ）","A. 所有参考人员成绩
B. 优秀人员名单
C. 本次测试的错题
D. 无公布内容","
C"
"
单选题","
政府采购评审专家应根据什么在指定场所统一进行
测试？（ ）","A. 省级财政部门规定
B. 当地监管部门规定
C. 市级财政部门规定
D. 代理机构规定","
B"
"
单选题","测试客户端在登录时及测试全过程中，检测到运行
QQ、向日葵等软件会如何处理？（ ）","A. 正常运行
B. 弹出提示框
C. 拒绝登录或自动交卷
D. 关闭相关软件","
C"
"多选题","
关于测试登录及人脸识别，以下说法正确的有（
）","A. 测试登录时上传或拍摄的照片必须为本人免冠近照
B. 测试人员统一测试账号为在系统注册信息时的手机
号，密码为身份证号后 6 位
C. 人脸识别有 1 次识别为非本人即按 0 分处理
D. 因本人与照片差距太大导致系统识别为非本人的，
后果由系统承担","

ABC"
,,,
"
多选题","
测试过程中的禁止行为有哪些？（ ）","A. 使用手机等电子设备通话或查阅资料
B. 由他人代（助）考
C. 在考试期间相互交流
D. 切换、退出、关闭或最小化测试主界面","
ABCD"
"多选题","

测试结束后，以下说法正确的有（ ）。","A. 系统会自动给出得分并附测试情况说明
B. 对结果有异议，可将屏幕截图并以代理机构为单位
集中发至 zfcgpfcs@126.com 邮箱申请复议（专家以个
人为单位）
C. 当月测试期满结束后，系统会公布本次测试的错题
D. 监管部门会随机抽查核对录像时间与系统交卷时间","

ABCD"
"多选题","

关于评审专家违规行为的处理，以下说法正确的有
（ ）。","A. 发现评审专家在测试中存在作弊、替考、代考情
形，暂停参加政府采购评审活动 12 个月
B. 评审专家提交不出音视频资料，暂停参加政府采购
评审活动 6 个月
C. 评审专家弄虚作假，暂停参加政府采购评审活动 9
个月
D. 评审专家在测试中违反规定，测试成绩作废","

AD"
判断题,"已备案代理机构专职人员和已入库评审专家每人都
只有 1 次测试机会（ ）。","A. 对
B. 错",B
判断题,"测试过程中，参考人员可以使用手机查阅资料，只
要不被监考人员发现即可（ ）。","A. 对
B. 错",B
判断题,"监管部门对代理机构和评审专家在测试中的违规行
为处罚基本相同（ ）。","A. 对
B. 错",B
,,,
题型,"《福建省政府采购远程异地评审工作管理规
则（试行）》题干",选项,答案
"
单选题","根据《福建省政府采购远程异地评审工作管
理规则（试行）》，远程异地评审适用于以
下哪种项目？（ ）","A. 预算金额500万元以上的服务项目
B. 预算金额500万元以上的货物项目
C. 预算金额200万元以上的工程项目
D. 预算金额100万元以上的服务项目","
A"
"
单选题","远程异地评审的评审场地应具备的功能区域
不包括以下哪项？（ ）","A. 专家签到区
B. 技术管理区
C. 远程开标区
D. 专家休息区","
D"
"
单选题","
远程异地评审中，抽取异地专家的人数不得
少于当次专家人数的（ ）。","A. 四分之一
B. 三分之一
C. 二分之一
D. 三分之二","
B"
"
单选题","
远程异地评审的全过程由（ ）负责监督。","A. 财政部门
B. 采购人
C. 代理机构
D. 评审专家","
B"
"
单选题","
远程异地评审中，评审专家不得通过视频会
议谈论（ ）。","A. 项目评审细节
B. 与项目评审无关的事宜
C. 评审结果
D. 评审费用","
B"
"
单选题","远程异地评审中，评审专家费的支付期限为
（ ）。","A. 15天
B. 30天
C. 45天
D. 60天","
B"
"
单选题","远程异地评审中，评审专家费的支付标准由
（ ）确认。","A. 财政部门
B. 采购人
C. 代理机构
D. 评审系统","
B"
,,,
"
单选题","
远程异地评审中，评审专家费的支付凭证需
在（ ）内上传。","A. 15天
B. 30天
C. 45天
D. 60天","
B"
"
单选题","远程异地评审中，评审专家费的支付期限为
（ ）。","A. 15天
B. 30天
C. 45天
D. 60天","
B"
"
单选题","远程异地评审中，评审专家费的支付标准由
（ ）确认。","A. 财政部门
B. 采购人
C. 代理机构
D. 评审系统","
B"
"
单选题","
远程异地评审中，评审专家费的支付方式不
包括（ ）。","A. 网上银行转账
B. 数字人民币
C. 现金支付
D. 电子支付","
C"
"
单选题","
远程异地评审中，评审专家费的支付标准由
（ ）计算。","A. 财政部门
B. 采购人
C. 代理机构
D. 评审系统","
D"
"
单选题","远程异地评审中，评审专家费的支付期限为
（ ）。","A. 15天
B. 30天
C. 45天
D. 60天","
B"
"多选题","
根据《福建省政府采购远程异地评审工作管
理规则（试行）》，以下哪些项目应当采用
远程异地评审方式？（ ）","A. 预算金额500万元以上的服务项目
B. 依法不进行公开招标的工程项目且金额达到
400万元以上
C. 预算金额200万元以上的货物项目
D. 达到公开招标限额的物业、保洁、安保、绿
化项目","

ABD"
,,,
"
多选题","
评审专家在远程异地评审过程中，以下哪些
行为是被禁止的？（ ）","A. 通过视频会议谈论与项目评审无关的事宜
B. 离开远程评审单元间
C. 使用手机等通信设备
D. 与其他专家协商评审","
ABCD"
"
多选题","远程异地评审中，评审专家费的支付方式包
括以下哪些？（ ）","A. 网上银行转账
B. 数字人民币
C. 现金支付
D. 电子支付","
ABD"
判断题,"远程异地评审的全过程由采购人负责监督。
（ ）","A. 对
B. 错",A
判断题,"评审专家在远程异地评审过程中可以随时离
开评审单元间。（ ）","A. 对
B. 错",B
判断题,"远程异地评审中，评审专家费的支付方式可
以为现金支付。（ ）","A. 对
B. 错",B
判断题,"远程异地评审中，评审专家费的支付凭证需
在30天内上传。（ ）","A. 对
B. 错",A
判断题,"远程异地评审中，评审专家费的支付标准由
财政部门确认。（ ）","A. 对
B. 错",B
判断题,"远程异地评审中，评审专家费的支付方式包
括数字人民币。（ ）","A. 对
B. 错",A
判断题,"远程异地评审中，评审专家费的支付期限为
45天。（ ）","A. 对
B. 错",B
判断题,"远程异地评审中，评审专家费的支付标准由
评审系统计算。（ ）","A. 对
B. 错",A
判断题,"远程异地评审中，评审专家费的支付凭证需
上传至采购人系统。（ ）","A. 对
B. 错",B
判断题,"远程异地评审中，评审专家费的支付标准由
采购人确认。（ ）","A. 对
B. 错",A
判断题,"远程异地评审中，评审专家费的支付凭证需
在60天内上传。（ ）","A. 对
B. 错",B
判断题,"远程异地评审中，评审专家费的支付标准由
代理机构确认。（ ）","A. 对
B. 错",B
,,,
判断题,"远程异地评审中，评审专家费的支付方式为
现金支付。（ ）","A. 对
B. 错",B
判断题,"远程异地评审中，评审专家费的支付期限为
15天。（ ）","A. 对
B. 错",B
判断题,"远程异地评审中，评审专家费的支付凭证需
上传至代理机构系统。（ ）","A. 对
B. 错",B
判断题,"远程异地评审中，评审专家费的支付标准由
评审系统确认。（ ）","A. 对
B. 错",B
判断题,"远程异地评审中，评审专家费的支付期限为
30天。（ ）","A. 对
B. 错",A
判断题,"远程异地评审中，评审专家费的支付凭证需
上传至财政部门系统。（ ）","A. 对
B. 错",B
判断题,"远程异地评审中，评审专家费的支付标准由
采购人确认。（ ）","A. 对
B. 错",A
判断题,"远程异地评审中，评审专家费的支付标准由
代理机构确认。（ ）","A. 对
B. 错",B
,,,
题型,《政府采购非招标采购方式管理办法》题干,选项,答案
"
单选题","
《政府采购非招标采购方式管理办法》所称非招标采购方
式，是指竞争性谈判、单一来源采购和( )方式。","A.询价采购
B.直接采购
C.间接采购
D.谈判采购","
A"
"
单选题","《政府采购非招标采购方式管理办法》所称主管预算单位是
指负有编制部门预算职责，向同级财政部门申报预算的单位
不包括( )。","A.国家机关
B.事业单位
C.团体组织
D.国有企业","
D"
"
单选题","
按照《政府采购非招标采购方式管理办法》,成交供应商拒
绝签订政府采购合同的，可以( )。","A.中止开展采购活动
B.暂停开展采购活动
C.重新开展采购活动
D.终止采购活动","
C"
"
单选题","
不属于竞争性谈判小组在采购活动过程中应当履行的职责的
是：( )","A.确认或者制定谈判文件、询价通知书
B.从符合相应资格条件的供应商名单中确定不少于3
家的供应商参加谈判或者询价
C.要求供应商解释或者澄清其响应文件
D.审查评审报告","
D"
"
单选题","采用竞争性谈判、询价方式采购的政府采购项目，评审专家
应当从政府采购评审专家库内相关专业的专家名单中随机抽
取。技术复杂、专业性强的竞争性谈判采购项目，通过随机
方式难以确定合适的评审专家的，经( )同意，可以自行选
定评审专家。","A.主管预算单位
B.财政部门
C.县级以上政府
D.财政厅","
A"
"
单选题","
参加询价采购活动的供应商，应当按照询价通知书的规定(
)。","A.一次报出价格
B.两次报出价格
C.一次报出不得更改的价格
D.两次报出不得更改的价格","
C"
"
单选题","成交供应商拒绝履行合同义务的，责令限期改正，情节严重
的，列入不良行为记录名单，在( )内禁止参加政府采购活
动，并予以通报。","A.2至3年
B.2至5年
C.1至5年
D.1至3年","
D"
,,,
"
单选题","
从谈判文件发出之日起至供应商提交首次响应文件截止之日
止不得少于 ( ) 。","A.3日
B.3个工作日
C.5日
D.5个工作日","
B"
"
单选题","
从询价通知书发出之日起至供应商提交响应文件截止之日止
不得少于( )个工作日。","A.2
B.3
C.4
D.5","
B"
"
单选题","达到公开招标数额标准的货物或者服务采购项目，或者达到
招标规模标准的政府采购工程，竞争性谈判小组应当由( )
人以上单数组成。","A.3
B.5
C.7
D.9","
B"
"
单选题","达到公开招标数额标准的货物或者服务采购项目，或者达到
招标规模标准的政府采购工程，询价小组应当由( )人以上
单数组成。","A.9
B.7
C.5
D.3","
C"
"
单选题","
对谈判文件作出的实质性变动是( ),谈判小组应当及时以书
面形式同时通知所有参加谈判的供应商。","A.承诺
B.要约
C.新的要约
D.谈判文件的有效组成部分","
D"
"单选题","

根据政府采购法律制度的规定，可以采取单一来源采购方式
采购的是( )。","A.具有特殊性，只能从有限范围的供应商处采购的
B.招标后没有供应商投标的
C.必须保证原有采购项目一致性或者服务配套的要
求，需要继续从原供应商处添购，且添购资金总额
不超过原合同采购金额10%的
D.采购货物规格、标准统一，现货货源充足且价格
变化幅度小的政府采购项目","

C"
"
单选题","
供应商的澄清、说明或者更正应当由法定代表人或其授权代
表签字或者加盖公章。由授权代表签字的，应当附( )。","A.公司委托书
B.公司盖章委托书
C.法定代表人授权书
D.负责人授权书","
C"
,,,
"
单选题","
供应商应当按照谈判文件、询价通知书的要求编制响应文
件，并对其提交的响应文件的真实性、( )承担法律责任。","A.关联性
B.客观性
C.合法性
D.完整性","
C"
"
单选题","
供应商应当按照谈判文件的变动情况和谈判小组的要求重新
( ),并由其法定代表人或授权代表签字或者加盖公章。","A.提交响应文件
B.投标文件
C.制作文件
D.制作投标文件","
A"
"
单选题","
关于联合体供应商交纳保证金的说法，错误的是：( )","A.可以由联合体中的一方交纳保证金
B.可以由联合体中的多方共同交纳保证金
C.一方或多方共同交纳的保证金对联合体各方均具
有约束力
D.一方交纳的保证金只对交纳的一方具有约束力","
D"
"单选题","

关于政府采购竞争性谈判的规定，下列说法不正确的是( )
。","A.谈判小组所有成员集中与单一供应商分别进行谈
判
B.谈判小组所有成员集中与所有供应商同时进行谈
判
C.谈判文件有实质性变动，谈判小组应当以书面形
式通知所有参加谈判的供应商
D.谈判中，谈判的任何一方不得透露与谈判有关的
信息","

B"
"
单选题","
技术复杂、专业性强的竞争性谈判采购项目，评审专家中应
当包含( )名法律专家。","A.5
B.3
C.2
D.1","
D"
"
单选题","谈判文件、( )应当包括供应商资格条件、采购邀请、采购
方式、采购预算、采购需求、采购程序、价格构成或者报价
要求、响应文件编制要求、提交响应文件截止时间及地点、
保证金交纳数额和形式、评定成交的标准等。","A.招标文件
B.询价通知书
C.招标广告
D.招标通知书","
B"
"
单选题","谈判文件不能详细列明采购标的的技术、服务要求，需经谈
判由供应商提供最终设计方案或解决方案的，谈判结束后，
谈判小组应当按照少数服从多数的原则投票推荐( )家以上
供应商的设计方案或者解决方案，并要求其在规定时间内提
交最后报价。","A.5
B.4
C.3
D.2","
C"
,,,
"
单选题","谈判文件能够详细列明采购标的的技术、服务要求的，谈判
结束后，谈判小组应当要求所有继续参加谈判的供应商在规
定时间内提交最后报价，提交最后报价的供应商不得少于(
)家。","A.2
B.3
C.4
D.5","
B"
"
单选题","谈判小组、询价小组成员对评审报告有异议的，谈判小组、
询价小组按照( )的原则推荐成交候选人，采购程序继续进
行。","A.抽签原则
B.少数服从多数
C.组长确认
D.采购人确认","
B"
"
单选题","
谈判小组、询价小组要求供应商澄清、说明或者更正响应文
件应当以( )形式作出。","A.口头
B.书面
C.邮件
D.电话","
B"
"单选题","谈判小组、询价小组在对响应文件的有效性、完整性和响应
程度进行审查时，可以要求供应商对响应文件中含义不明确
、同类问题表述不一致或者有明显文字和计算错误的内容等
作出必要的澄清、说明或者更正。供应商的澄清、说明或者
更正( )超出响应文件的范围或者改变响应文件的实质性内
容。","
A.可以
B.可以适当
C.不得
D.在一定范围内可以","

C"
"
单选题","谈判小组、询价小组中评审专家明知与供应商有利害关系而
不依法回避的，情节严重的，( )其政府采购评审专家资格
。","A.暂停
B.取消
C.中止
D.停止","
B"
"
单选题","谈判小组、询价小组中评审专家未按照采购文件规定的评定
成交的标准进行评审的，情节严重的，( )其政府采购评审
专家资格。","A.暂停
B.取消
C.中止
D.停止","
B"
"
单选题","谈判小组、询价小组中评审专家泄露评审情况以及评审过程
中获悉的国家秘密、商业秘密的，情节严重的，( )其政府
采购评审专家资格。","A.暂停
B.中止
C.停止
D.取消","
D"
"
单选题","谈判小组、询价小组中评审专家在评审过程中擅离职守，影
响评审程序正常进行的，情节严重的，( )其政府采购评审
专家资格。","A.暂停
B.停止
C.取消
D.中止","
C"
,,,
"
单选题","谈判小组、询价小组中评审专家在评审过程中有明显不合理
或者不正当倾向性的，情节严重的，( )其政府采购评审专
家资格。","A.取消
B.暂停
C.中止
D.停止","
A"
"
单选题","
谈判小组所有成员应当集中与( )分别进行谈判，并给予所
有参加谈判的供应商平等的谈判机会。","A.有关供应商
B.单一供应商
C.所有供应商
D.有关当事人","
B"
"
单选题","谈判小组应当从质量和服务均能满足采购文件实质性响应要
求的供应商中，按照最后报价由低到高的顺序提出( )名以
上成交候选人，并编写评审报告。","A.1
B.2
C.3
D.5","
C"
"
单选题","谈判小组应当对响应文件进行评审，并根据谈判文件规定的
程序、评定成交的标准等事项与实质性响应谈判文件要求的
供应商进行谈判。未实质性响应谈判文件的响应文件按无效
处理，谈判小组应当告知( )。","A.有关供应商
B.服务商
C.投标人
D.有关当事人","
A"
"单选题","

下列采购项目不可以采用竞争性谈判方式采购的是：( )","A.招标后没有供应商投标或者没有合格标的，或者
重新招标未能成立的
B.技术复杂或者性质特殊，但能确定详细规格或者
具体要求的
C.非采购人所能预见的原因或者非采购人拖延造成
采用招标所需时间不能满足用户紧急需要的
D.因艺术品采购、专利、专有技术或者服务的时间
、数量事先不能确定等原因不能事先计算出价格总
额的","

B"
,,,
"
单选题","


下列说法错误的是( )","A.评审报告应当由谈判小组、询价小组全体人员和
采购人及采购代理机构工作人员签字认可
B.谈判小组、询价小组成员对评审报告有异议的，
谈判小组、询价小组按照少数服从多数的原则推荐
成交候选人，采购程序继续进行
C.对评审报告有异议的谈判小组、询价小组成员，
应当在报告上签署不同意见并说明理由，由谈判小
组、询价小组书面记录相关情况
D.谈判小组、询价小组成员拒绝在报告上签字又不
书面说明其不同意见和理由的，视为同意评审报告","


A"
"单选题","

询价小组成员对评审报告有异议的，应当如何处理。( )","A.拒绝签字
B.直接离场
C.向采购人代表投诉
D.在评审报告上签字，并签署不同意见，说明理由","

D"
"
单选题","询价小组应当从质量和服务均能满足采购文件实质性响应要
求的供应商中，按照报价由低到高的顺序提出( )名以上成
交候选人，并编写评审报告。","A.1
B.2
C.3
D.4","
C"
"
单选题","
询价小组在询价过程中，不得改变询价通知书所确定的技术
和服务等要求、( )、评定成交的标准和合同文本等事项。","A.评审程序
B.评审要求
C.评审标准
D.评审指标","
A"
"
单选题","
已提交响应文件的供应商，在( )之前，可以根据谈判情况
退出谈判","A.提交最后报价
B.提交报价
C.承诺
D.谈判小组推荐供应商","
A"
,,,
"单选题","

以下不属于《政府采购非招标采购方式管理办法》立法目的
的是( )","A.规范政府采购行为
B.提高政府采购透明度
C.加强对采用非招标采购方式采购活动的监督管理
D.维护国家利益、社会公共利益和政府采购当事人
的合法权益","

B"
"单选题","

以下属于单一来源采购方式的法定情形的是( )。","A.只能从唯一供应商处采购的
B.通过单一来源采购公示，有不同意见反馈的
C.发生了不可预见的紧急情况，但可以从其他供应
商处采购的
D.必须保证原有采购项目一致性或者服务配套的要
求，需要继续从原供应商处添购，且添购资金总额
不超过原合同采购金额百分之二十的","

A"
"
单选题","


以下说法中，错误的是( )。","
A.谈判文件、询价通知书应当根据采购项目的特点
和采购人的实际需求制定，并经采购人书面同意
B.谈判文件、询价通知书不得要求或者标明供应商
名称或者特定货物的品牌，不得含有指向特定供应
商的技术、服务等条件
C.采购人应当以满足实际需求为原则，必要时可以
直接提高经费预算和资产配置等采购标准
D.谈判文件、询价通知书应当包括供应商资格条件
、采购邀请、采购方式、采购预算、采购需求、采
购程序、价格构成或者报价要求、响应文件编制要
求、提交响应文件截止时间及地点、保证金交纳数
额和形式、评定成交的标准等","


C"
"
多选题","
《政府采购非招标采购方式管理办法》规定的非招标采购方
式包括( )。","A.指竞争性谈判
B.单一来源采购
C.询价采购
D.直接采购","
ABC"
,,,
"多选题","

《政府采购非招标采购方式管理办法》立法目的包括( )。","A.规范政府采购行为
B.加强对采用非招标采购方式采购活动的监督管理
C.维护国家利益、社会公共利益
D.维护政府采购当事人的合法权益","

ABCD"
"多选题","
成交供应商有下列情形之一的，责令限期改正，情节严重
的，列入不良行为记录名单，在1至3年内禁止参加政府采购
活动，并予以通报。( )","A.未按照采购文件确定的事项签订政府采购合同，
或者与采购人另行订立背离合同实质性内容的协议
的
B.成交后无正当理由不与采购人签订合同的；
C.迟延履行合同义务的
D.拒绝履行合同义务的。","

ABD"
"
多选题","
成交通知书发出后，下列哪些行为应当承担相应的法律责任
。( )","A.因不可抗力等因素外，采购人改变成交结果
B.采购人改变成交结果
C.因不可抗力等因素外，成交供应商拒绝签订政府
采购合同的
D.成交供应商拒绝签订政府采购合同的","
AC"
"多选题","
根据《政府采购非招标采购方式管理办法》,谈判小组、询
价小组成员有下列哪些行为，责令改正，给予警告；有关法
律、行政法规规定处以罚款的，并处罚款；涉嫌犯罪的，依
法移送司法机关处理。( )","A.收受采购人、采购代理机构、供应商、其他利害
关系人的财物或者其他不正当利益的
B.泄露评审情况以及评审过程中获悉的国家秘密、
商业秘密的
C.明知与供应商有利害关系而不依法回避的
D.在评审过程中擅离职守，影响评审程序正常进行
的","

ABCD"
"多选题","
根据《政府采购非招标采购方式管理办法》,谈判小组、询
价小组成员有下列哪些行为，责令改正，给予警告；有关法
律、行政法规规定处以罚款的，并处罚款；涉嫌犯罪的，依
法移送司法机关处理。( )","A.明知与供应商有利害关系而不依法回避的
B.在评审过程中擅离职守，但是未影响评审程序正
常进行的
C.在评审过程中有明显不合理或者不正当倾向性的
D.未按照采购文件规定的评定成交的标准进行评审
的","

ACD"
,,,
"多选题","

根据《政府采购非招标采购方式管理办法》,下列哪些可以
采用竞争性谈判方式采购：( )","A.招标后没有供应商投标或者没有合格标的，或者
重新招标未能成立的
B.技术复杂或者性质特殊，但能确定详细规格或者
具体要求的
C.非采购人所能预见的原因或者非采购人拖延造成
采用招标所需时间不能满足用户紧急需要的
D.因艺术品采购、专利、专有技术或者服务的时间
、数量事先不能确定等原因不能事先计算出价格总
额的","

ACD"
"多选题","

根据《政府采购非招标采购方式管理办法》,下列哪些情形
保证金不予退还：( )。","A.供应商在提交响应文件截止时间后撤回响应文件
的
B.供应商在响应文件中提供虚假材料的
C.除因不可抗力或谈判文件、询价通知书认可的情
形以外，成交供应商不与采购人签订合同的
D.供应商与采购人、其他供应商或者采购代理机构
恶意串通的","

ABCD"
"多选题","
根据《政府采购非招标采购方式管理办法》,下列哪些属于
采购活动记录应当包括的内容。( )","A.采购项目类别、名称；采购项目预算、资金构成
和合同价格
B.采购方式，采用该方式的原因及相关说明材料；
选择参加采购活动的供应商的方式及原因
C.评定成交的标准及确定成交供应商的原因
D.终止采购活动的，终止的原因","

ABCD"
"多选题","

根据《政府采购非招标采购方式管理办法》,下列哪些说法
错误的是( )。","A.已提交响应文件的供应商，在提交最后报价之
前，可以根据谈判情况退出谈判
B.已提交响应文件的供应商，在提交最后报价之
后，可以根据谈判情况退出谈判
C.已提交响应文件的供应商，在提交最后报价之
前，不能够退出谈判
D.已提交响应文件的供应商，在提交最后报价之
后，不能够退出谈判","

BC"
,,,
"

多选题","



根据《政府采购非招标采购方式管理办法》,下列说法错误
的是( )。","A.从询价通知书发出之日起至供应商提交响应文件
截止之日止不得少于3日
B.提交响应文件截止之日前，采购人、采购代理机
构或者询价小组可以对已发出的询价通知书进行必
要的澄清或者修改，澄清或者修改的内容作为询价
通知书的组成部分
C.澄清或者修改的内容可能影响响应文件编制的，
采购人、采购代理机构或者询价小组应当在提交响
应文件截止之日3日前，以书面形式通知所有接收询
价通知书的供应商
D.澄清或者修改的内容可能影响响应文件编制的，
距离提交响应文件截止之日不足3个工作日的，采购
人、采购代理机构或者询价小组应当以书面形式通
知所有接收询价通知书的供应商，并且应当顺延提
交响应文件截止之且","



AC"
"
多选题","


根据《政府采购非招标采购方式管理办法》,下列说法正确
的是( )。","A.采购代理机构应当在评审结束后2个工作日内将评
审报告送采购人确认
B.采购人应当在收到评审报告后5个工作日内，从评
审报告提出的成交候选人中，根据质量和服务均能
满足采购文件实质性响应要求且报价最低的原则确
定成交供应商
C.采购人可以口头授权询价小组直接确定成交供应
商
D.采购人逾期未确定成交供应商且不提出异议的，
视为确定评审报告提出的最后报价最低的供应商为
成交供应商","


ABD"
"多选题","

根据《政府采购非招标采购方式管理办法》第三十八条，下
列哪些属于单一来源采购公式的内容。( )","A.采购人、采购项目名称和内容；拟采购的货物或
者服务的说明
B.采用单一来源采购方式的原因及相关说明
C.拟定的唯一供应商名称、地址
D.专业人员对相关供应商因专利、专有技术等原因
具有唯一性的具体论证意见，以及专业人员的姓名
、工作单位和职称","

ABCD"
,,,
"
多选题","
供应商应当按照谈判文件、询价通知书的要求编制响应文
件，并对其提交的响应文件的( )承担法律责任。","A.关联性
B.客观性
C.合法性
D.真实性","
CD"
"
多选题","
关于联合体供应商交纳保证金的说法，正确的是：( )","A.可以由联合体中的一方交纳保证金
B.可以由联合体中的多方共同交纳保证金
C.一方或多方共同交纳的保证金对联合体各方均具
有约束力
D.一方交纳的保证金只对交纳的一方具有约束力","
ABC"
"多选题","

关于政府采购竞争性谈判的规定，下列说法正确的是( )。","A.谈判小组所有成员集中与单一供应商分别进行谈
判
B.谈判小组所有成员集中与所有供应商同时进行谈
判
C.谈判文件有实质性变动，谈判小组应当以书面形
式通知所有参加谈判的供应商
D.谈判中，谈判的任何一方不得透露与谈判有关的
信息","

ACD"
"
多选题","
谈判文件、询价通知书( )。","A.不得要求或者标明供应商名称或者特定货物的品
牌
B.不得要求或者标明特定货物的品牌
C.不得含有指向特定供应商的技术
D.不得含有指向特定供应商的服务","
ABCD"
"
多选题","谈判文件、询价通知书应当包括( )、采购需求、采购程序
、价格构成或者报价要求、响应文件编制要求、提交响应文
件截止时间及地点、保证金交纳数额和形式、评定成交的标
准等。","A.供应商资格条件
B.采购邀请
C.采购方式
D.采购预算","
ABCD"
"
多选题","谈判文件能够详细列明采购标的的技术、服务要求的，谈判
结束后，谈判小组应当要求所有继续参加谈判的供应商在规
定时间内提交最后报价。有关提交最后报价的供应商数量，
错误的是( )。","A.1家
B.2家
C.3家
D.5家","
AB"
,,,
"多选题","

谈判小组、询价小组编写的评审报告主要内容包括：( )","
A.邀请供应商参加采购活动的具体方式和相关情
况，以及参加采购活动的供应商名单
B.评审日期和地点，谈判小组、询价小组成员名单
C.评审情况记录和说明，包括对供应商的资格审查
情况、供应商响应文件评审情况、谈判情况、报价
情况等
D.提出的成交候选人的名单及理由","

ABCD"
"多选题","谈判小组、询价小组在对响应文件的有效性、完整性和响应
程度进行审查时，可以要求供应商对响应文件中( )等作出
必要的澄清、说明或者更正。供应商的澄清、说明或者更正
不得超出响应文件的范围或者改变响应文件的实质性内容。","A.缺少针对性响应内容
B.含义不明确
C.同类问题表述不一致
D.有明显文字和计算错误的内容","

BCD"
"多选题","
下列哪些属于竞争性谈判小组或者询价小组成员应当履行的
义务：( )。","A.遵纪守法，客观、公正、廉洁地履行职责
B.根据采购文件的规定独立进行评审，对个人的评
审意见承担法律责任；参与评审报告的起草
C.配合采购人、采购代理机构答复供应商提出的质
疑
D.配合财政部门的投诉处理和监督检查工作","

ABCD"
"
多选题","


下列哪些说法是错误的：( )。","A.采购人不得以评审专家身份参加本部门或本单位
采购项目的评审
B.采购代理机构人员可以参加本机构代理的采购项
目的评审
C.技术复杂、专业性强的竞争性谈判采购项目，通
过随机方式难以确定合适的评审专家的，经主管预
算单位同意，委托采购代理机构选定评审专家
D.技术复杂、专业性强的竞争性谈判采购项目，评
审专家中应当包含1名法律专家","


BC"
,,,
"多选题","

下列哪些说法是正确的。( )","A.采购人或者采购代理机构应当按照采购合同规定
的技术、服务等要求组织对供应商履约的验收，并
出具验收书
B.验收书应当包括每一项技术、服务等要求的履约
情况
C.大型或者复杂的项目，应当邀请国家认可的质量
检测机构参加验收
D.验收方成员应当在验收书上签字，并承担相应的
法律责任","

ABCD"
"多选题","

下列哪一项可以采用竞争性谈判、单一来源采购方式采购；
采购货物的，还可以采用询价采购方式：( )","A.依法制定的集中采购目录以内，且未达到公开招
标数额标准的货物、服务
B.依法制定的集中采购目录以外、采购限额标准以
上，且未达到公开招标数额标准的货物、服务
C.达到公开招标数额标准、经批准采用非公开招标
方式的货物、服务
D.按照招标投标法及其实施条例必须进行招标的工
程建设项目以外的政府采购工程","

ABCD"
"
多选题","


下列说法正确的是( )。","A.在谈判过程中，谈判小组可以根据谈判文件和谈
判情况实质性变动采购需求中的技术、服务要求以
及合同草案条款，但不得变动谈判文件中的其他内
容
B.实质性变动的内容，须经采购人代表确认
C.对谈判文件作出的实质性变动是谈判文件的有效
组成部分，谈判小组应当及时以书面形式同时通知
所有参加谈判的供应商
D.供应商应当按照谈判文件的变动情况和谈判小组
的要求重新提交响应文件，并由其法定代表人或授
权代表签字或者加盖公章。由授权代表签字的，应
当附法定代表人授权书。供应商为自然人的，应当
由本人签字并附身份证明","


ABCD"
"
多选题","
询价采购需求中的技术、服务等要求应当完整、明确，符合
相关( )的规定。","A.法律
B.行政法规
C.政府采购政策
D.采购人制定政策","
ABC"
,,,
"
多选题","
询价小组在询价过程中，不得改变询价通知书所确定的( )
等事项。","A.技术和服务等要求
B.评审程序
C.评定成交的标准
D.合同文本","
ABCD"
"
多选题","

有《政府采购非招标采购方式管理办法》第五十一条、第五
十二条、第五十五条违法行为之一的，并且影响或者可能影
响成交结果的，应当按照下列情形分别处理。( )","
A.未确定成交供应商的，终止本次采购活动，依法
重新开展采购活动
B.已确定成交供应商但采购合同尚未履行的，撤销
合同，从合格的成交候选人中另行确定成交供应商
C.已确定成交供应商但采购合同尚未履行的，撤销
合同，没有合格的成交候选人的，重新开展采购活
动
D.采购合同已经履行的，给采购人、供应商造成损
失的，由责任人依法承担赔偿责任","


ABCD"
判断题,"参加询价采购活动的供应商，应当按照询价通知书的规定两
次报出不得更改的价格。( )","A.对
B.错",B
判断题,"非招标采购方式，是指竞争性谈判、单一来源采购和询价采
购方式。( )","A.对
B.错",A
"
判断题","供应商为联合体的，可以由联合体中的一方或者多方共同交
纳保证金，其交纳的保证金对联合体各方均具有约束力。(
)","A.对
B.错","
A"
判断题,"供应商应当在谈判文件、询价通知书要求的截止时间后，将
响应文件密封送达指定地点。( )","A.对
B.错",B
判断题,"供应商在提交响应文件截止时间后撤回响应文件的，保证金
酌情退还。( )","A.对
B.错",B
判断题,"技术复杂或者性质特殊，不能确定详细规格或者具体要求的
采购项目，可以采用竞争性谈判方式采购。( )","A.对
B.错",A
"
判断题","任何单位或者个人非法干预、影响评审过程或者结果的，责
令改正；该单位责任人或者个人属于国家机关工作人员的，
由任免机关或者监察机关依法给予处分。( )","A.对
B.错","
A"
"
判断题","谈判文件、询价通知书不得要求或者标明供应商名称或者特
定货物的品牌，不得含有指向特定供应商的技术、服务等条
件。( )","A.对
B.错","
A"
,,,
"判断题","谈判文件、询价通知书应当包括供应商资格条件、采购邀请
、采购方式、采购预算、采购需求、采购程序、价格构成或
者报价要求、响应文件编制要求、提交响应文件截止时间及
地点、保证金交纳数额和形式、评定成交的标准等。( )","
A.对
B.错","

A"
"
判断题","谈判小组、询价小组成员对评审报告有异议的，谈判小组、
询价小组按照少数服从多数的原则推荐成交候选人，采购程
序继续进行。( )","A.对
B.错","
A"
判断题,"谈判小组、询价小组成员拒绝在报告上签字又不书面说明其
不同意见和理由的，视为不同意评审报告。( )","A.对
B.错",B
"
判断题","谈判小组、询价小组成员以及与评审工作有关的人员不得泄
露评审情况以及评审过程中获悉的国家秘密、商业秘密。(
)","A.对
B.错","
A"
"
判断题","谈判小组、询价小组在对响应文件的有效性、完整性和响应
程度进行审查时，可以要求供应商对响应文件中含义不明确
、同类问题表述不一致或者有明显文字和计算错误的内容等
作出必要的澄清、说明或者更正。( )","
A.对
B.错","
A"
"
判断题","谈判小组应当从质量和服务均能满足采购文件实质性响应要
求的供应商中，按照最后报价由高到低的顺序提出3名以上
成交候选人，并编写评审报告。( )","A.对
B.错","
B"
"
判断题","谈判小组应当对响应文件进行评审，并根据谈判文件规定的
程序、评定成交的标准等事项与实质性响应谈判文件要求的
供应商进行谈判。( )","A.对
B.错","
A"
判断题,"未实质性响应谈判文件的响应文件应当酌情处理，谈判小组
应当告知有关供应商。( )","A.对
B.错",B
判断题,"询价采购需求中的技术、服务等要求应当完整、明确，符合
相关法律、行政法规和政府采购政策的规定。( )","A.对
B.错",A
"
判断题","询价小组应当从质量和服务均能满足采购文件实质性响应要
求的供应商中，按照报价由低到高的顺序提出3名以上成交
候选人，并编写评审报告。( )","A.对
B.错","
A"
"
判断题","询价小组在询价过程中，不得改变询价通知书所确定的技术
和服务等要求、评审程序、评定成交的标准和合同文本等事
项。( )","A.对
B.错","
A"
,,,
题型,《政府采购货物和服务招标投标管理办法》题干,选项,答案
"
单选题","
( ),是指投标文件满足招标文件全部实质性要求，且按照评审因
素的量化指标评审得分最高的投标人为中标候选人的评标方法。","A.最高评标价法
B.综合评分法
C.性价比法
D.最低评标价法","
B"
"
单选题","
( ),是指投标文件满足招标文件全部实质性要求，且投标报价最
低的投标人为中标候选人的评标方法。","A.最高评标价法
B.综合评分法
C.性价比法
D.最低评标价法","
D"
"
单选题","
( )的货物服务项目，应当采用最低评标价法。","A.技术、服务等简单，货源充足
B.技术、服务等标准统一
C.项目规模、投资金额较小、结构简单
D.功能单一、结构简单、货源充足","
B"
"单选题","

《政府采购货物和服务招标投标管理办法》的适用范围是( )。","A.在我国澳门特别行政区也适用
B.在我国香港特别行政区也适用
C.适用于我国境内进行的政府采购货物和服务招标投标活
动
D.适用于我国境内进行的所有政府采购活动","

C"
"
单选题","
《政府采购货物和服务招标投标管理办法》规定，采用综合评分
法的，评标结果按评审后得分( )顺序排列。","A.由低到高
B.由高到低
C.不分高低
D.以上均不对","
B"
"
单选题","
《政府采购货物和服务招标投标管理办法》规定，采用最低评标
价法的，评标结果按投标报价( )顺序排列。","A.由低到高
B.由高到低
C.不分高低
D.性价比法","
A"
"
单选题","
《政府采购货物和服务招标投标管理办法》规定，综合评分法中
服务项目的价格分值占总分值的比重( )。","A.不得低于30%
B.不得低于25%
C.不得低于20%
D.不得低于10%","
D"
,,,
"
单选题","
《政府采购货物和服务招标投标管理办法》规定，综合评分法中
价格分应当采用( )计算。","A.最低评标价法
B.低价优先法
C.综合评分法
D.性价比法","
B"
"
单选题","
采购项目符合( )情形的，评标委员会成员人数应当为7人以上单
数。","A.采购预算金额在500万元以上
B.公共服务采购项目
C.技术复杂
D.属于中央预算的政府采购项目","
C"
"
单选题","采用邀请招标方式时通过推荐或从供应商库中选取产生符合资格
条件供应商名单的，备选的符合资格条件供应商总数不得少于拟
随机抽取供应商总数的( )倍。","A.—
B.两
C.三
D.四","
B"
"
单选题","
根据《政府采购货物和服务招标投标管理办法》,投标文件中承诺
的投标有效期( )招标文件中载明的投标有效期。","A.应当不少于
B.应当多于
C.可以不少于
D.必须多于","
A"
"
单选题","
根据《政府采购货物和服务招标投标管理办法》,招标文件售价(
)营利为目的。","A.可以
B.应当以
C.能够以
D.不得以","
D"
"
单选题","
根据《政府采购货物和服务招标投标管理办法》,招标文件售价应
当( )确定。","A.按照当地物价部门的指导价
B.按照弥补制作、邮寄成本的原则
C.按照弥补文件的制作成本的原则
D.由招标代理自主决定","
B"
"
单选题","
根据《政府采购货物和服务招标投标管理办法》,资格预审文件(
)免费提供。","A.可以
B.不得
C.应当
D.视为","
C"
,,,
"单选题","

根据《政府采购货物和服务招标投标管理办法》规定，关于评标
方法中的综合评分法，以下说法错误的是( )。","A.综合评分法，是指投标文件满足招标文件全部实质性要
求，且按照评审因素的量化指标评审得分最高的投标人为
中标候选人的评标方法
B.评标过程中，不得去掉报价中的最高报价和最低报价
C.因落实政府采购政策进行价格调整的，以调整后的价格
计算评标基准价和投标报价
D.货物项目的价格分值占总分值的比重不得低于20%;服务
项目的价格分值占总分值的比重不得低于5%","

D"
"
单选题","
根据《政府采购货物和服务招标投标管理办法》规定，投标邀请
书( )向所有受邀请的供应商发出。","A.可以分批
B.应当分批
C.可以同时
D.应当同时","
D"
"
单选题","
公开招标采购项目开标结束后，( )应当依法对投标人的资格进行
审查。","A.采购人或者采购代理机构
B.采购监管机构
C.评标委员会
D.采购人上级部门","
A"
"单选题","

公开招标数额标准以上的采购项目，投标截止后投标人不足3家或
者通过资格审查或符合性审查的投标人不足3家的，除采购任务取
消情形外，按照( )方式处理。","A.招标文件存在不合理条款或者招标程序不符合规定的，
采购人、采购代理机构改正后依法重新招标
B.招标文件存在不合理条款或者招标程序不符合规定的，
采购人采购代理机构改正后直接改变采购方式采购
C.招标文件没有不合理条款、招标程序符合规定，需要采
用其他采购方式采购的，采购人应当依法报人民法院批准
D.招标文件没有不合理条款、招标程序符合规定，直接采
用其他采购方式采购","

A"
"单选题","

关于政府采购货物和服务项目验收，错误的做法是( )。","A.验收由采购人或其委托的单位负责组织
B.大型或者复杂的项目，应当邀请国家认可的质量检测机
构参加验收
C.技术标准统一的货物合同可以采用点数和目测方式简化
验收程序
D.验收后应当出具验收书，验收方成员应当在验收书上签
字，并承担相应的法律责任","

C"
,,,
"单选题","

关于政府采购项目资金支付，下列说法错误的是( )。","A.采购人应当按照政府采购合同规定，及时向中标或者成
交供应商支付采购资金
B.采购人对中标或者成交供应商不满意的，可以拖延支付
或者拒付采购资金
C.政府采购项目资金支付程序，按照国家有关财政资金支
付管理的规定执行
D.采购人不按照政府采购合同规定及时向中标或者成交供
应商支付采购资金的，应当根据政府采购合同规定承担相
应的违约责任","

B"
"
单选题","


关于政府采购招标评标方法，以下说法错误的是( )。","
A.政府采购招标评标方法分为性价比法、最低评标价法和
综合评分法
B.最低评标价法，是指投标文件满足招标文件全部实质性
要求且投标报价最低的供应商为中标候选人的评标方法
C.综合评分法，是指投标文件满足招标文件全部实质性要
求且按照评审因素的量化指标评审得分最高的供应商为中
标候选人的评标方法
D.招标文件中没有规定的评标标准不得作为评审的依据","


A"
"单选题","

货物和服务招标采用综合评分法表述正确的是( )。","A.为避免恶意低价竞争，应当将平均报价作为标准价，获
得最高价格得分
B.采用综合评分法的，为排除干扰，可以在招标文件中规
定，汇总评分时去掉最高最低分
C.评审标准中的分值设置应当与评审因素的量化指标相对
应
D.投标人的资格条件优于招标文件规定的，可以作为加分
因素","

C"
,,,
"单选题","

货物和服务招标工作中，以下关于评标委员会的表述错误的是 (
) 。","
A.评标委员会成员应当按照客观、公正、审慎的原则评标
B.评标委员会可以根据招标文件规定的评标方法和标准，
制定评标细则
C.招标文件内容违反国家有关强制性规定的，评标委员会
应当停止评标并向招标采购单位说明情况
D.评标委员会成员对评标报告有异议的，应当在评标报告
上签署不同意见，并说明理由，否则视为同意评标报告","

B"
"
单选题","
评标委员会应当按照招标文件中规定的评标方法和标准，对( )的
投标文件进行商务和技术评估，综合比较与评价。","A.通过资格预审
B.通过资格性审查
C.符合性审查合格
D.实质性响应","
C"
"
单选题","
评标委员会应当对符合( )的投标人的投标文件进行符合性审查，
以确定其是否满足招标文件的实质性要求。","A.招标条件
B.资格
C.密封要求
D.装订要求","
B"
"
单选题","
属于地方预算的政府采购项目，( )人民政府根据实际情况，可以
确定分别适用于本行政区域公开招标数额标准。","A.省、自治区、直辖市
B.省、直辖市
C. 自治区、直辖市
D.省、自治区","
A"
"单选题","

投标人，是指响应招标、参加投标竞争的( )。","A.法人、其他组织或者自然人
B.法人、社会团体或者自然人
C.法人、其他组织或者社会团体
D.符合招标文件规定资格条件的法人、其他组织或者自然
人","

A"
"
单选题","
投标人存在( )情形的，投标无效。","A.按照招标文件的规定提交投标保证金的
B.投标文件按招标文件要求签署、盖章的
C.不具备招标文件中规定的资格要求的
D.投标文件不含有采购人不能接受的附加条件的","
C"
,,,
"单选题","
投标人根据招标文件的规定和采购项目的实际情况，拟在中标后
将中标项目的( )分包的，应当在投标文件中载明分包承担主体，
分包承担主体应当( )。","A.主体、关键性工作；具备相应资质条件
B.非主体、非关键性工作；具备相应资质条件经招标人同
意可以再次分包
C.非主体、非关键性工作；具备相应资质条件且不得再次
分包
D.非主体、非关键性工作；征得招标人同意","

C"
"
单选题","
投标人未参加开标的，视同( )。","A.放弃投标
B.认可开标结果
C.无效投标
D.废标","
B"
"
单选题","
投标人应当按照招标文件的要求编制投标文件。投标文件应当对
招标文件提出的要求和条件作出( )响应。","A.合理
B.明确
C.符合性
D.完全","
B"
"
单选题","
投标文件报价出现大写金额和小写金额不一致的，以( )为准。","A.小写金额
B.大写金额
C.评标委员会认定
D.投标人认定","
B"
"
单选题","
投标文件中单价金额小数点或者百分比有明显错位的，以( )为准
。","A.开标一览表的总价
B.明细表
C.单价金额小数点位置确定
D.投标文件中相应内容","
A"
"
单选题","
投标文件中开标一览表(报价表)内容与投标文件中相应内容不一
致的，以( )为准。","A.开标一览表(报价表)
B.明细表
C.汇总表
D.投标文件中相应内容","
A"
"
单选题","
投标文件中总价金额与按单价汇总金额不一致的，以( )结果为准
。","A.总价金额
B.单价金额计算
C.开标一览表的总价
D.投标文件中相应内容","
B"
,,,
"单选题","

下列哪一项不属于《政府采购货物和服务招标投标管理办法》的
采购需求应当包括的内容。( )","A.采购标的需实现的功能或者目标，以及为落实政府采购
政策需满足的要求
B.采购标的需执行的国家相关标准、行业标准、地方标准
或者其他标准、规范
C.采购标的需满足的质量、安全、技术规格、物理特性等
要求
D.采购标的是否属于本地供应商提供","

D"
"
单选题","
下列哪一项不属于《政府采购货物和服务招标投标管理办法》的
立法目的( )。","A.规范政府采购当事人的采购行为
B.加强对政府采购货物和服务招标投标活动的监督管理
C.维护国家利益、社会公共利益和政府采购招标投标活动
当事人的合法权益
D.提高经济效益","
D"
"
单选题","
下列哪一项不属于《政府采购货物和服务招标投标管理办法》规
定的资格预审文件应当包括的主要内容：( )","A.资格预审邀请
B.申请人须知
C.申请人的资格要求
D.采购代理机构代理费用的收取标准和方式","
D"
"单选题","
下列哪一项不属于货物和服务招标文件应当包括的主要内容 ：(
) 。","A.资格预审邀请
B.采购项目预算金额，设定最高限价的，还应当公开最高
限价
C.投标有效期
D.采购代理机构代理费用的收取标准和方式","

A"
"
单选题","
下列哪一项不属于货物和服务招标文件应当包括的主要内容 ：(
) 。","A.投标邀请
B.投标人须知(包括投标文件的密封、签署、盖章要求等)
C.评标方法、评标标准和投标无效情形
D.评标委员会的组成和产生方式","
D"
"
单选题","
以下属于政府采购招标评标方法的是( )。","A.最高评标价法
B.综合评分法
C.性价比法
D.最优评标价法","
B"
,,,
"单选题","

有下列( )情形的，视为投标人串通投标，其投标无效。","A.不同投标人的投标文件由不同的单位或者个人编制
B.不同投标人委托不同的单位或者个人办理投标事宜
C.不同投标人的投标文件载明的项目管理成员或者联系人
员为不同的人员
D.不同投标人的投标文件异常一致或者投标报价呈规律性
差异","

D"
"
单选题","
招标文件、资格预审文件的内容不得违反法律、行政法规、强制
性标准、政府采购政策，或者违反( )原则。","A.公开、公平、公正
B.公开透明、公平竞争、公正和平等
C.公开透明、公平竞争、公正和诚实信用
D.公开、公评、公正和诚实信用","
C"
"
单选题","
综合评分法中货物项目的价格分值占总分值的比重( )。","A.不得低于30%
B.不得低于25%
C.不得低于20%
D.不得低于10%","
A"
"
多选题","采用综合评分法，评审因素的设定应当与投标人所提供货物服务
的质量相关，包括( )等。资格条件不得作为评审因素。评审因素
应当在招标文件中规定。","A.投标报价
B.技术或者服务水平
C.履约能力
D.售后服务","
ABCD"
"
多选题","
根据《政府采购货物和服务招标投标管理办法》,以下属于政府采
购货物和服务招标评标方法的是( )。","A.最低评标价法
B.综合评分法
C.性价比法
D.最优评标价法","
AB"
"
多选题","
根据《政府采购货物和服务招标投标管理办法》,招标文件售价应
当按照( )的原则确定。","A.当地物价部门的指导价
B.弥补制作
C.邮寄成本
D.招标代理自主决定","
BC"
"
多选题","
根据《政府采购货物和服务招标投标管理办法》规定，货物服务
招标分为：( )","A.公开招标
B.邀请招标
C.直接招标
D.间接招标","
AB"
,,,
"
多选题","
公开招标采购项目开标结束后，( )应当依法对投标人的资格进行
审查。","A.采购人
B.采购监管机构
C.评标委员会
D.采购代理机构","
AD"
"
多选题","


关于政府采购招标评标方法，以下说法正确的是( )。","
A.政府采购招标评标方法分为性价比法、最低评标价法和
综合评分法
B.最低评标价法，是指投标文件满足招标文件全部实质性
要求且投标报价最低的供应商为中标候选人的评标方法
C.综合评分法，是指投标文件满足招标文件全部实质性要
求且按照评审因素的量化指标评审得分最高的供应商为中
标候选人的评标方法
D.招标文件中没有规定的评标标准不得作为评审的依据","


BCD"
"多选题","

货物和服务招标采用综合评分法表述不正确的是( )。","A.为避免恶意低价竞争，应当将平均报价作为标准价，获
得最高价格得分
B.采用综合评分法的，为排除干扰，可以在招标文件中规
定，汇总评分时去掉最高最低分
C.评审标准中的分值设置应当与评审因素的量化指标相对
应
D.投标人的资格条件优于招标文件规定的，可以作为加分
因素","

ABD"
"
多选题","
开标由( )主持，邀请投标人参加。","A.采购人
B.评标委员会成员
C.采购代理机构
D.采购人上级部门","
AC"
,,,
"多选题","

评标委员会及其成员如有下列行为的，其评审意见无效，并不得
获取评审劳务报酬和报销异地评审差旅费。( )","A.确定参与评标至评标结束前私自接触投标人
B.接受投标人提出的与投标文件不一致的澄清或者说明，
除非法律有特别规定
C.违反评标纪律发表倾向性意见或者征询采购人的倾向性
意见
D.对需要专业判断的主观评审因素协商评分","

ABCD"
"
多选题","
投标人存在下列哪些情况的，投标无效：( )","A.未按照招标文件的规定提交投标保证金的
B.投标文件未按招标文件要求签署、盖章的
C.不具备招标文件中规定的资格要求的
D.报价超过招标文件中规定的预算金额或者最高限价的","
ABCD"
"
多选题","投标人根据招标文件的规定和采购项目的实际情况，拟在中标后
将中标项目的( )分包的，应当在投标文件中载明分包承担主体，
分包承担主体应当具备相应资质条件且不得再次分包。","A.主体工作
B.非主体工作
C.关键性工作
D.非关键性工作","
BD"
"
多选题","
投标人是指响应招标、参加投标竞争的( )。","A.法人
B.其他组织
C. 自然人
D.行政单位","
ABC"
"多选题","

投标文件报价出现前后不一致的，除招标文件另有规定外，可以
按照下列方法进行修正。( )","A.投标文件中开标一览表(报价表)内容与投标文件中相应
内容不一致的，以开标一览表(报价表)为准
B.大写金额和小写金额不一致的，以大写金额为准
C.单价金额小数点或者百分比有明显错位的，以开标一览
表的总价为准，并修改单价
D.总价金额与按单价汇总金额不一致的，以单价金额计算
结果为准","

ABCD"
"
多选题","
下列哪些采购项目的评标委员会成员人数应当为7人以上单数：(
)","A.采购预算金额在1000万元以上的采购项目
B.技术复杂的采购项目
C.社会影响较大的采购项目
D.采购人要求的采购项目","
ABC"
"
多选题","下列哪些人民政府根据实际情况可以确定属于地方预算的政府采
购项目的本行政区域省级、设区的市级、县级公开招标数额标准
。( )","A.福建省人民政府
B.上海市人民政府
C.深圳市人民政府
D.广西壮族自治区人民政府","
ABD"
,,,
"多选题","

下列哪些属于《政府采购货物和服务招标投标管理办法》规定的
采购需求应当包括的内容。( )","A.采购标的需实现的功能或者目标，以及为落实政府采购
政策需满足的要求
B.采购标的需执行的国家相关标准、行业标准、地方标准
或者其他标准、规范
C.采购标的需满足的质量、安全、技术规格、物理特性等
要求
D.采购标的是否属于本地供应商提供","

ABC"
"多选题","

下列哪些属于《政府采购货物和服务招标投标管理办法》规定的
采购需求应当包括的内容。( )","
A.采购标的需实现的功能或者目标，以及为落实政府采购
政策需满足的要求
B.采购标的的数量、采购项目交付或者实施的时间和地点
C.采购标的需满足的服务标准、期限、效率等要求
D.采购标的的验收标准","

ABCD"
"多选题","

下列哪些属于货物和服务招标文件应当包括的主要内容：( )。","A.投标文件编制要求、投标报价要求和投标保证金交纳、
退还方式以及不予退还投标保证金的情形
B.采购项目预算金额，设定最高限价的，还应当公开最高
限价
C.购项目的技术规格、数量、服务标准、验收等要求，包
括附件、图纸等
D.资格预审邀请","

ABC"
"
多选题","
下列哪些属于货物和服务招标文件应当包括的主要内容：( )。","A.拟签订的合同文本
B.货物、服务提供的时间、地点、方式
C.采购资金的支付方式、时间、条件
D.评标方法、评标标准和投标无效情形","
ABCD"
"
多选题","
下列哪些属于货物和服务招标文件应当包括的主要内容：( )。","A.投标邀请
B.投标人须知(包括投标文件的密封、签署、盖章要求等)
C.投标人应当提交的资格、资信证明文件
D.为落实政府采购政策，采购标的需满足的要求，以及投
标人须提供的证明材料","
ABCD"
,,,
"
多选题","
下列哪些属于货物和服务资格预审文件应当包括的主要内容：( )","A.资格预审邀请
B.申请人须知
C.申请人的资格要求
D.采购代理机构代理费用的收取标准和方式","
ABC"
"多选题","

下列哪些属于货物和服务资格预审文件应当包括的主要内容：( )","A.资格审核标准和方法
B.申请人应当提供的资格预审申请文件的内容和格式
C.提交资格预审申请文件的方式、截止时间、地点及资格
审核日期
D.申请人信用信息查询渠道及截止时点、信用信息查询记
录和证据留存的具体方式、信用信息的使用规则等内容","

ABCD"
"多选题","

下列哪些属于评标委员会负责具体评标事务独立履行的职责：( )","A.审查、评价投标文件是否符合招标文件的商务、技术等
实质性要求
B.要求投标人对投标文件有关事项作出澄清或者说明；对
投标文件进行比较和评价；
C.确定中标候选人名单，以及根据采购人委托直接确定中
标人
D.向采购人、采购代理机构或者有关部门报告评标中发现","

ABCD"
"
多选题","
下列哪一项属于货物和服务招标文件应当包括的主要内容：( )。","的违法行为
A.评标方法、评标标准和投标无效情形
B.评标委员会的组成和产生方式
C.投标截止时间、开标时间及地点
D.投标有效期","
ACD"
"
多选题","
下列属于《政府采购货物和服务招标投标管理办法》立法目的的
是 ( ) 。","A.规范政府采购当事人的采购行为
B.加强对政府采购货物和服务招标投标活动的监督管理
C.维护国家利益、社会公共利益和政府采购招标投标活动
当事人的合法权益
D.提高经济效益","
ABC"
"
多选题","
以下属于货物服务招标投标活动所应实现的经济和社会发展政策
目标的是( )","A.节约能源
B.保护环境
C.扶持不发达地区和少数民族地区
D.促进中小企业发展","
ABCD"
,,,
"多选题","

有下列情形之一的，视为投标人串通投标，其投标无效：( )","A.不同投标人的投标文件由同一单位或者个人编制
B.不同投标人委托同一单位或者个人办理投标事宜
C.不同投标人的投标文件载明的项目管理成员或者联系人
员为同一人
D.不同投标人的投标文件异常一致或者投标报价呈规律性
差异","

ABCD"
"多选题","

有下列情形之一的，视为投标人串通投标，其投标无效：( )","A.不同投标人的投标文件相互混装
B.不同投标人的投标保证金从同一单位或者个人的账户转
出
C.不同投标人的投标文件载明的项目管理成员或者联系人
员为同一人
D.不同投标人的投标文件存在一致情况","

ABC"
"
多选题","
招标文件、资格预审文件的内容不得违反( )。","A.法律
B.行政法规
C.强制性标准
D.政府采购政策","
ABCD"
判断题,货物服务招标分为公开招标和邀请招标。( ),"A.对
B.错",A
判断题,投标邀请书应当同时向所有受邀请的供应商发出。( ),"A.对
B.错",A
判断题,招标公告、资格预审公告的公告期限为5个工作日。( ),"A.对
B.错",A
"
判断题","招标公告、资格预审公告公告的内容应当以市级以上财政部门指
定媒体发布的公告为准。公告期限自省级以上财政部门指定媒体
最先发布公告之日起算。( )","A.对
B.错","
B"
判断题,资格预审文件可以收取成本费。( ),"A.对
B.错",B
"
判断题","招标文件、资格预审文件的内容不得违反法律、行政法规、强制
性标准、政府采购政策，或者违反公开透明、公平竞争、公正和
诚实信用原则。( )","A.对
B.错","
A"
,,,
"
判断题","采用最低评标价法的采购项目，提供相同品牌产品的不同投标人
参加同一合同项下投标的，以其中通过资格审查、符合性审查且
报价最低的参加评标。( )","A.对
B.错","
A"
"
判断题","使用综合评分法的采购项目，提供相同品牌产品且通过资格审查
、符合性审查的不同投标人参加同一合同项下投标的，按一家投
标人计算，评审后得分最高的同品牌投标人获得中标人推荐资格
。( )","
A.对
B.错","
A"
判断题,"不同投标人的投标文件由同一单位或者个人编制，其投标是否有
效由评标委员会决定。( )","A.对
B.错",B
判断题,"不同投标人的投标文件异常一致或者投标报价呈规律性差异，其
投标是否有效由评标委员会决定。( )","A.对
B.错",B
判断题,"开标应当在招标文件确定的提交投标文件截止时间的同一时间进
行。开标地点应当为招标文件中预先确定的地点。( )","A.对
B.错",A
"判断题","财政部门应当依法履行政府采购监督管理职责。财政部门及其工
作人员在履行监督管理职责中存在懒政怠政、滥用职权、玩忽职
守、徇私舞弊等违法违纪行为的，依照政府采购法、《中华人民
共和国公务员法》、《中华人民共和国行政监察法》、政府采购
法实施条例等国家有关规定追究相应责任；涉嫌犯罪的，移送司
法机关处理。( )","
A.对
B.错","

A"
判断题,"政府采购货物服务电子招标投标、政府采购货物中的进口机电产
品招标投标有关特殊事宜，由国家发展改革委员会另行规定。( )","A.对
B.错",B
,,,
题型,"《政府采购竞争性磋商采购方式管理暂行办法》题
干",选项,答案
"单选题","
根据《政府采购竞争性磋商采购方式管理暂行办法
》，竞争性磋商采购方式适用于以下哪种情形？（
）","A. 政府购买服务项目
B. 技术复杂或者性质特殊，不能确定详细规
格或者具体要求的
C. 因艺术品采购、专利、专有技术或者服务
的时间、数量事先不能确定等原因不能事先计
算出价格总额的
D. 以上都是","

D"
"
单选题","
在竞争性磋商采购中，磋商小组由采购人代表和评审
专家共（ ）人以上单数组成。","A. 3
B. 5
C. 7
D. 9","
A"
"
单选题","竞争性磋商文件中，供应商资格条件、采购邀请、采
购方式等内容属于（ ）。","A. 磋商文件的基本内容
B. 磋商文件的附加内容
C. 磋商文件的非必要内容
D. 磋商文件的保密内容","
A"
"
单选题","在竞争性磋商采购中，磋商文件的发售期限自开始之
日起不得少于（ ）个工作日。","A. 3
B. 5
C. 7
D. 10","
B"
"单选题","在竞争性磋商采购中，供应商提交响应文件的截止时
间前，采购人、采购代理机构可以对已发出的磋商文
件进行必要的澄清或者修改，澄清或者修改的内容作
为磋商文件的组成部分。如果澄清或者修改的内容可
能影响响应文件编制，采购人、采购代理机构应当在
提交首次响应文件截止时间至少（ ）日前，以书面
形式通知所有获取磋商文件的供应商。","
A. 3
B. 5
C. 7
D. 10","

B"
"
单选题","在竞争性磋商采购中，供应商应当按照磋商文件的要
求编制响应文件，并对其提交的响应文件的（ ）承
担法律责任。","A. 真实性、合法性
B. 完整性、准确性
C. 及时性、有效性
D. 保密性、安全性","
A"
,,,
"
单选题","
在竞争性磋商采购中，磋商保证金应当采用（ ）形
式交纳。","A. 现金
B. 支票、汇票、本票或者金融机构、担保机
构出具的保函等非现金形式
C. 银行转账
D. 电子支付","
B"
"
单选题","在竞争性磋商采购中，供应商应当在磋商文件要求的
截止时间前，将响应文件密封送达指定地点。在截止
时间后送达的响应文件为（ ）。","A. 有效文件
B. 无效文件
C. 待定文件
D. 补充文件","
B"
"
单选题","在竞争性磋商采购中，磋商小组由采购人代表和评审
专家共 3 人以上单数组成，其中评审专家人数不得
少于磋商小组成员总数的（ ）。","A. 1/2
B. 2/3
C. 3/4
D. 4/5","
B"
"
单选题","在竞争性磋商采购中，评审专家应当遵守评审工作纪
律，不得泄露评审情况和评审中获悉的（ ）。","A. 商业秘密
B. 个人隐私
C. 国家机密
D. 公共信息","
A"
"
单选题","在竞争性磋商采购中，磋商小组在对响应文件的有效
性、完整性和响应程度进行审查时，可以要求供应商
对响应文件中含义不明确、同类问题表述不一致或者
有明显文字和计算错误的内容等作出必要的（ ）。","A. 澄清、说明或者更正
B. 补充、修改或者撤回
C. 解释、说明或者更正
D. 补充、修改或者撤回","
A"
"
单选题","在竞争性磋商采购中，磋商小组所有成员应当集中与
单一供应商分别进行磋商，并给予所有参加磋商的供
应商（ ）的磋商机会。","A. 平等
B. 优先
C. 特殊
D. 有限","
A"
"
单选题","在竞争性磋商采购中，磋商小组可以根据磋商文件和
磋商情况实质性变动采购需求中的技术、服务要求以
及合同草案条款，但不得变动磋商文件中的（ ）。","A. 其他内容
B. 供应商资格条件
C. 采购预算
D. 采购方式","
A"
"
单选题","在竞争性磋商采购中，磋商文件能够详细列明采购标
的的技术、服务要求的，磋商结束后，磋商小组应当
要求所有实质性响应的供应商在规定时间内提交最后
报价，提交最后报价的供应商不得少于（ ）家。","A. 2
B. 3
C. 4
D. 5","
B"
,,,
"
单选题","
在竞争性磋商采购中，综合评分法货物项目的价格分
值占总分值的比重（即权值）为（ ）。","A. 10% 至 30%
B. 20% 至 40%
C. 30% 至 60%
D. 40% 至 70%","
C"
"
单选题","在竞争性磋商采购中，综合评分法服务项目的价格分
值占总分值的比重（即权值）为（ ）。","A. 10% 至 30%
B. 20% 至 40%
C. 30% 至 60%
D. 40% 至 70%","
A"
"
单选题","在竞争性磋商采购中，综合评分法中的价格分统一采
用（ ）计算。","A. 高价优先法
B. 低价优先法
C. 平均价法
D. 中间价法","
B"
"
单选题","在竞争性磋商采购中，磋商小组应当根据综合评分情
况，按照评审得分由高到低顺序推荐（ ）名以上成
交候选供应商。","A. 2
B. 3
C. 4
D. 5","
B"
"
单选题","在竞争性磋商采购中，评审报告应当由磋商小组全体
人员签字认可。磋商小组成员对评审报告有异议的，
磋商小组按照（ ）的原则推荐成交候选供应商。","A. 少数服从多数
B. 多数服从少数
C. 一致同意
D. 随机选择","
A"
"
单选题","在竞争性磋商采购中，采购人应当在收到评审报告后
（ ）个工作日内，从评审报告提出的成交候选供应
商中，按照排序由高到低的原则确定成交供应商。","A. 3
B. 5
C. 7
D. 10","
B"
"
单选题","在竞争性磋商采购中，采购人或者采购代理机构应当
在成交供应商确定后（ ）个工作日内，在省级以上
财政部门指定的政府采购信息发布媒体上公告成交结
果。","A. 2
B. 3
C. 5
D. 7","
A"
"
单选题","在竞争性磋商采购中，采购人与成交供应商应当在成
交通知书发出之日起（ ）日内，按照磋商文件确定
的合同文本以及采购标的、规格型号、采购金额、采
购数量、技术和服务要求等事项签订政府采购合同。","A. 15
B. 20
C. 30
D. 45","
C"
,,,
"
单选题","
在竞争性磋商采购中，未成交供应商的磋商保证金应
当在成交通知书发出后（ ）个工作日内退还。","A. 3
B. 5
C. 7
D. 10","
B"
"
单选题","在竞争性磋商采购中，成交供应商的磋商保证金应当
在采购合同签订后（ ）个工作日内退还。","A. 3
B. 5
C. 7
D. 10","
B"
"
单选题","在竞争性磋商采购中，供应商在提交响应文件截止时
间后撤回响应文件的，磋商保证金（ ）。","A. 应当退还
B. 不予退还
C. 部分退还
D. 视情况而定","
B"
"
单选题","
在竞争性磋商采购中，供应商在响应文件中提供虚假
材料的，磋商保证金（ ）。","A. 应当退还
B. 不予退还
C. 部分退还
D. 视情况而定","
B"
"
单选题","在竞争性磋商采购中，除因不可抗力或磋商文件认可
的情形以外，成交供应商不与采购人签订合同的，磋
商保证金（ ）。","A. 应当退还
B. 不予退还
C. 部分退还
D. 视情况而定","
B"
"
单选题","在竞争性磋商采购中，供应商与采购人、其他供应商
或者采购代理机构恶意串通的，磋商保证金（ ）。","A. 应当退还
B. 不予退还
C. 部分退还
D. 视情况而定","
B"
"
单选题","在竞争性磋商采购中，除资格性检查认定错误、分值
汇总计算错误、分项评分超出评分标准范围、客观分
评分不一致、经磋商小组一致认定评分畸高、畸低的
情形外，采购人或者采购代理机构不得以任何理由组
织（ ）。","A. 重新评审
B. 补充评审
C. 修改评审
D. 撤回评审","
A"
"
单选题","在竞争性磋商采购中，采购人或者采购代理机构不得
通过对样品进行检测、对供应商进行考察等方式改变
（ ）。","A. 评审结果
B. 采购需求
C. 采购预算
D. 采购方式","
A"
,,,
"
单选题","在竞争性磋商采购中，成交供应商拒绝签订政府采购
合同的，采购人可以按照《政府采购竞争性磋商采购
方式管理暂行办法》第二十八条第二款规定的原则确
定其他供应商作为成交供应商并签订政府采购合同，
也可以（ ）。","A. 重新开展采购活动
B. 终止采购活动
C. 修改采购需求
D. 调整采购预算","
A"
"
单选题","
在竞争性磋商采购中，出现影响采购公正的违法、违
规行为的，采购人或者采购代理机构应当（ ）。","A. 终止竞争性磋商采购活动
B. 继续采购活动
C. 修改采购需求
D. 调整采购预算","
A"
"
单选题","在竞争性磋商采购中，因情况变化，不再符合规定的
竞争性磋商采购方式适用情形的，采购人或者采购代
理机构应当（ ）。","A. 终止竞争性磋商采购活动
B. 继续采购活动
C. 修改采购需求
D. 调整采购预算","
A"
"
单选题","在竞争性磋商采购中，除《政府采购竞争性磋商采购
方式管理暂行办法》第二十一条第三款规定的情形
外，在采购过程中符合要求的供应商或者报价未超过
采购预算的供应商不足（ ）家的，采购人或者采购
代理机构应当终止竞争性磋商采购活动。","A. 2
B. 3
C. 4
D. 5","
B"
"
单选题","
在竞争性磋商采购中，因重大变故，采购任务取消
的，采购人或者采购代理机构应当（ ）。","A. 终止采购活动
B. 继续采购活动
C. 修改采购需求
D. 调整采购预算","
A"
"
单选题","在竞争性磋商采购中，相关法律制度对政府和社会资
本合作项目采用竞争性磋商采购方式另有规定的，从
其规定。这体现了（ ）。","A. 法律优先原则
B. 法律保留原则
C. 法律适用原则
D. 法律补充原则","
A"
"
单选题","在竞争性磋商采购中，主管预算单位是指负有编制部
门预算职责，向同级财政部门申报预算的（ ）。","A. 国家机关、事业单位和团体组织
B. 企业、事业单位和团体组织
C. 国家机关、企业单位和团体组织
D. 国家机关、事业单位和企业单位","
A"
,,,
"
单选题","在竞争性磋商采购中，采购人、采购代理机构应当按
照政府采购法和《政府采购竞争性磋商采购方式管理
暂行办法》的规定组织开展竞争性磋商，并采取必要
措施，保证磋商在（ ）的情况下进行。","A. 公开透明
B. 严格保密
C. 公平公正
D. 高效便捷","
B"
"
单选题","在竞争性磋商采购中，任何单位和个人不得非法干预
、影响（ ）。","A. 磋商过程和结果
B. 采购需求和预算
C. 供应商资格和条件
D. 评审标准和程序","
A"
"
单选题","在竞争性磋商采购中，采购人、采购代理机构应当通
过发布公告、从省级以上财政部门建立的供应商库中
随机抽取或者采购人和评审专家分别书面推荐的方式
邀请不少于（ ）家符合相应资格条件的供应商参与
竞争性磋商采购活动。","A. 2
B. 3
C. 4
D. 5","
B"
"
单选题","在竞争性磋商采购中，符合政府采购法第二十二条第
一款规定条件的供应商可以在采购活动开始前加入（
）。","A. 供应商库
B. 评审专家库
C. 采购代理机构库
D. 采购人库","
A"
"
单选题","在竞争性磋商采购中，财政部门不得对供应商申请入
库收取任何费用，不得利用供应商库进行（ ）。","A. 地区和行业封锁
B. 供应商资质审查
C. 采购需求调研
D. 采购预算编制","
A"
"
单选题","在竞争性磋商采购中，采取采购人和评审专家书面推
荐方式选择供应商的，采购人推荐供应商的比例不得
高于推荐供应商总数的（ ）。","A. 30%
B. 40%
C. 50%
D. 60%","
C"
"
单选题","在竞争性磋商采购中，采用公告方式邀请供应商的，
采购人、采购代理机构应当在省级以上人民政府财政
部门指定的政府采购信息发布媒体发布（ ）。","A. 竞争性磋商公告
B. 采购需求公告
C. 采购预算公告
D. 采购结果公告","
A"
,,,
"单选题","在竞争性磋商采购中，竞争性磋商公告应当包括采购
人、采购代理机构的名称、地点和联系方法，采购项
目的名称、数量、简要规格描述或项目基本概况介
绍，采购项目的预算，供应商资格条件，获取磋商文
件的时间、地点、方式及磋商文件售价，响应文件提
交的截止时间、开启时间及地点，以及（ ）。","
A. 采购项目联系人姓名和电话
B. 采购需求详细说明
C. 采购预算详细说明
D. 采购结果详细说明","

A"
"
单选题","在竞争性磋商采购中，磋商文件应当根据采购项目的
特点和采购人的实际需求制定，并经采购人（ ）同
意。","A. 书面
B. 口头
C. 电子
D. 电话","
A"
"
单选题","
在竞争性磋商采购中，采购人应当以满足实际需求为
原则，不得擅自提高经费预算和资产配置等（ ）。","A. 采购标准
B. 采购需求
C. 采购预算
D. 采购方式","
A"
"
单选题","在竞争性磋商采购中，磋商文件不得要求或者标明供
应商名称或者特定货物的品牌，不得含有指向特定供
应商的（ ）等条件。","A. 技术、服务
B. 价格、质量
C. 资质、信誉
D. 经验、业绩","
A"
"单选题","在竞争性磋商采购中，磋商文件应当包括供应商资格
条件、采购邀请、采购方式、采购预算、采购需求、
政府采购政策要求、评审程序、评审方法、评审标准
、价格构成或者报价要求、响应文件编制要求、保证
金交纳数额和形式以及不予退还保证金的情形、磋商
过程中可能实质性变动的内容、响应文件提交的截止
时间、开启时间及地点以及（ ）等。","
A. 合同草案条款
B. 采购结果公告
C. 采购需求详细说明
D. 采购预算详细说明","

A"
"多选题","

根据《政府采购竞争性磋商采购方式管理暂行办法
》，以下哪些情形可以采用竞争性磋商方式开展采
购？（ ）","A. 政府购买服务项目
B. 技术复杂或者性质特殊，不能确定详细规
格或者具体要求的
C. 因艺术品采购、专利、专有技术或者服务
的时间、数量事先不能确定等原因不能事先计
算出价格总额的
D. 市场竞争不充分的科研项目，以及需要扶
持的科技成果转化项目","

ABCD"
,,,
"
多选题","
在竞争性磋商采购活动中，采购人、采购代理机构应
当通过以下哪些方式邀请不少于 3 家符合相应资格
条件的供应商参与？（ ）","A. 发布公告
B. 从省级以上财政部门建立的供应商库中随
机抽取
C. 采购人和评审专家分别书面推荐
D. 直接指定供应商","
ABC"
"多选题","

竞争性磋商公告应当包括以下哪些主要内容？（ ）","A. 采购人、采购代理机构的名称、地点和联
系方法
B. 采购项目的名称、数量、简要规格描述或
项目基本概况介绍
C. 采购项目的预算
D. 供应商资格条件","

ABCD"
"
多选题","
磋商文件应当包括以下哪些内容？（ ）","A. 供应商资格条件
B. 采购邀请
C. 采购方式
D. 采购预算","
ABCD"
"
多选题","在竞争性磋商采购活动中，磋商小组由以下哪些人员
组成？（ ）","A. 采购人代表
B. 评审专家
C. 采购代理机构人员
D. 供应商代表","
AB"
"
多选题","在竞争性磋商采购活动中，磋商小组在对响应文件的
有效性、完整性和响应程度进行审查时，可以要求供
应商对以下哪些内容作出必要的澄清、说明或者更
正？（ ）","A. 响应文件中含义不明确的内容
B. 同类问题表述不一致的内容
C. 有明显文字和计算错误的内容
D. 响应文件的实质性内容","
ABC"
"
多选题","
在竞争性磋商采购活动中，磋商小组可以根据磋商文
件和磋商情况实质性变动以下哪些内容？（ ）","A. 采购需求中的技术、服务要求
B. 合同草案条款
C. 磋商文件中的其他内容
D. 供应商资格条件","
AB"
"多选题","
在竞争性磋商采购活动中，出现以下哪些情形，采购
人或者采购代理机构应当终止竞争性磋商采购活动？
（ ）","A. 因情况变化，不再符合规定的竞争性磋商
采购方式适用情形的
B. 出现影响采购公正的违法、违规行为的
C. 在采购过程中符合要求的供应商或者报价
未超过采购预算的供应商不足 3 家的
D. 供应商拒绝签订政府采购合同的","

ABC"
,,,
"
多选题","在竞争性磋商采购活动中，磋商小组所有成员应当集
中与单一供应商分别进行磋商，并给予所有参加磋商
的供应商平等的磋商机会。这一规定体现了以下哪些
原则？（ ）","A. 公开原则
B. 公平原则
C. 公正原则
D. 诚实信用原则","
BC"
"
多选题","在竞争性磋商采购活动中，磋商小组在对响应文件的
有效性、完整性和响应程度进行审查时，可以要求供
应商对以下哪些内容作出必要的澄清、说明或者更
正？（ ）","A. 响应文件中含义不明确的内容
B. 同类问题表述不一致的内容
C. 有明显文字和计算错误的内容
D. 响应文件的实质性内容","
ABC"
"
多选题","在竞争性磋商采购活动中，磋商小组可以根据磋商文
件和磋商情况实质性变动以下哪些内容？（ ）","A. 采购需求中的技术、服务要求
B. 合同草案条款
C. 磋商文件中的其他内容
D. 供应商资格条件","
AB"
"多选题","
在竞争性磋商采购活动中，出现以下哪些情形，采购
人或者采购代理机构应当终止竞争性磋商采购活动？
（ ）","A. 因情况变化，不再符合规定的竞争性磋商
采购方式适用情形的
B. 出现影响采购公正的违法、违规行为的
C. 在采购过程中符合要求的供应商或者报价
未超过采购预算的供应商不足 3 家的
D. 供应商拒绝签订政府采购合同的","

ABC"
"
多选题","在竞争性磋商采购活动中，磋商小组所有成员应当集
中与单一供应商分别进行磋商，并给予所有参加磋商
的供应商平等的磋商机会。这一规定体现了以下哪些
原则？（ ）","A. 公开原则
B. 公平原则
C. 公正原则
D. 诚实信用原则","
BC"
"
多选题","在竞争性磋商采购活动中，磋商小组在对响应文件的
有效性、完整性和响应程度进行审查时，可以要求供
应商对以下哪些内容作出必要的澄清、说明或者更
正？（ ）","A. 响应文件中含义不明确的内容
B. 同类问题表述不一致的内容
C. 有明显文字和计算错误的内容
D. 响应文件的实质性内容","
ABC"
"
多选题","在竞争性磋商采购活动中，磋商小组可以根据磋商文
件和磋商情况实质性变动以下哪些内容？（ ）","A. 采购需求中的技术、服务要求
B. 合同草案条款
C. 磋商文件中的其他内容
D. 供应商资格条件","
AB"
"
判断题","根据《政府采购竞争性磋商采购方式管理暂行办法
》，政府购买服务项目可以采用竞争性磋商方式开展
采购。（ ）","A. 对
B. 错","
A"
,,,
"
判断题","在竞争性磋商采购活动中，采购人、采购代理机构可
以通过直接指定供应商的方式邀请不少于 3 家符合
相应资格条件的供应商参与。（ ）","A. 对
B. 错","
B"
判断题,"竞争性磋商公告应当包括采购人、采购代理机构的名
称、地点和联系方法。（ ）","A. 对
B. 错",A
判断题,"磋商文件可以要求或者标明供应商名称或者特定货物
的品牌。（ ）","A. 对
B. 错",B
判断题,"在竞争性磋商采购活动中，磋商小组由采购人代表和
评审专家共 3 人以上单数组成。（ ）","A. 对
B. 错",A
"
判断题","在竞争性磋商采购活动中，磋商小组可以要求供应商
对响应文件的实质性内容作出必要的澄清、说明或者
更正。（ ）","A. 对
B. 错","
B"
"
判断题","在竞争性磋商采购活动中，磋商小组可以根据磋商文
件和磋商情况实质性变动磋商文件中的其他内容。（
）","A. 对
B. 错","
B"
判断题,"在竞争性磋商采购活动中，综合评分法货物项目的价
格分值占总分值的比重（即权值）为 30% 至 60%。
（ ）","A. 对
B. 错",A
"
判断题","在竞争性磋商采购活动中，磋商小组应当根据综合评
分情况，按照评审得分由高到低顺序推荐 2 名以上
成交候选供应商。（ ）","A. 对
B. 错","
B"
判断题,"在竞争性磋商采购活动中，采购人应当在收到评审报
告后 5 个工作日内确定成交供应商。（ ）","A. 对
B. 错",A
"
判断题","在竞争性磋商采购活动中，采购人与成交供应商应当
在成交通知书发出之日起 30 日内签订政府采购合同
。（ ）","A. 对
B. 错","
A"
判断题,"在竞争性磋商采购活动中，未成交供应商的磋商保证
金应当在成交通知书发出后 5 个工作日内退还。（
）","A. 对
B. 错",A
判断题,"在竞争性磋商采购活动中，出现影响采购公正的违法
、违规行为的，采购人或者采购代理机构应当终止竞
争性磋商采购活动。（ ）","A. 对
B. 错",A
,,,
"
判断题","在竞争性磋商采购活动中，磋商小组所有成员应当集
中与单一供应商分别进行磋商，并给予所有参加磋商
的供应商平等的磋商机会。（ ）","A. 对
B. 错","
A"
"
判断题","在竞争性磋商采购活动中，磋商小组要求供应商澄清
、说明或者更正响应文件应当以书面形式作出。（
）","A. 对
B. 错","
A"
"
判断题","在竞争性磋商采购活动中，磋商小组在对响应文件的
有效性、完整性和响应程度进行审查时，可以要求供
应商对响应文件的实质性内容作出必要的澄清、说明
或者更正。（ ）","A. 对
B. 错","
B"
"
判断题","在竞争性磋商采购活动中，磋商小组可以根据磋商文
件和磋商情况实质性变动磋商文件中的其他内容。（
）","A. 对
B. 错","
B"
判断题,"在竞争性磋商采购活动中，综合评分法货物项目的价
格分值占总分值的比重（即权值）为 30% 至 60%。
（ ）","A. 对
B. 错",A
"
判断题","在竞争性磋商采购活动中，磋商小组应当根据综合评
分情况，按照评审得分由高到低顺序推荐 2 名以上
成交候选供应商。（ ）","A. 对
B. 错","
B"
判断题,"在竞争性磋商采购活动中，采购人应当在收到评审报
告后 5 个工作日内确定成交供应商。（ ）","A. 对
B. 错",A
"
判断题","在竞争性磋商采购活动中，采购人与成交供应商应当
在成交通知书发出之日起 30 日内签订政府采购合同
。（ ）","A. 对
B. 错","
A"
判断题,"在竞争性磋商采购活动中，未成交供应商的磋商保证
金应当在成交通知书发出后 5 个工作日内退还。（
）","A. 对
B. 错",A
"
判断题","在竞争性磋商采购活动中，出现影响采购公正的违法
、违规行为的，采购人或者采购代理机构应当终止竞
争性磋商采购活动。（ ）","A. 对
B. 错","
A"
"
判断题","在竞争性磋商采购活动中，磋商小组所有成员应当集
中与单一供应商分别进行磋商，并给予所有参加磋商
的供应商平等的磋商机会。（ ）","A. 对
B. 错","
A"
,,,
"
判断题","在竞争性磋商采购活动中，磋商小组要求供应商澄清
、说明或者更正响应文件应当以书面形式作出。（
）","A. 对
B. 错","
A"
"
判断题","在竞争性磋商采购活动中，磋商小组在对响应文件的
有效性、完整性和响应程度进行审查时，可以要求供
应商对响应文件的实质性内容作出必要的澄清、说明
或者更正。（ ）","
A. 对
B. 错","
B"
"
判断题","在竞争性磋商采购活动中，磋商小组可以根据磋商文
件和磋商情况实质性变动磋商文件中的其他内容。（
）","A. 对
B. 错","
B"
"
判断题","在竞争性磋商采购活动中，综合评分法货物项目的价
格分值占总分值的比重（即权值）为 30% 至 60%。
（ ）","A. 对
B. 错","
A"
判断题,"在竞争性磋商采购活动中，磋商小组应当根据综合评
分情况，按照评审得分由高到低顺序推荐 2 名以上
成交候选供应商。（ ）","A. 对
B. 错",B
判断题,"在竞争性磋商采购活动中，采购人应当在收到评审报
告后 5 个工作日内确定成交供应商。（ ）","A. 对
B. 错",A
,,,
题型,《政府采购框架协议采购方式管理暂行办法》题干,选项,答案
"
单选题","采用质量优先法的检测、实验等仪器设备采购，淘汰比例不
得低于( )，且至少淘汰一家供应商","A.15%
B.40%
C.20%
D.30%","
B"
"
单选题","采用质量优先法的检测、实验等仪器设备采购，淘汰比例不
得低于40%，且至少淘汰( )供应商","A.1家
B.2家
C.3家
D.4家","
A"
"
单选题","成交结果单笔公告可以在省级以上( )指定的媒体上发布，也
可以在开展框架协议采购的电子化采购系统发布，发布成交
结果公告的渠道应当在征集文件或者框架协议中告知供应商","A.审计部门
B.财政部门
C.监察部门
D.行政部门","
B"
"
单选题","对耗材使用量大的复印、打印、实验、医疗等仪器设备进行
框架协议采购的，应当要求供应商同时对( )以上约定期限内
的专用耗材进行报价","A.3年
B.1年
C.2年
D.5年","
A"
"
单选题","封闭式框架协议采购是指符合《政府采购框架协议采购方式
管理暂行办法》( )情形，通过公开竞争订立框架协议后，除
经过框架协议约定的补充征集程序外，不得增加协议供应商
的框架协议采购","A.第一条规定
B.第五条规定
C.第七条规定
D.第三条规定","
D"
"
单选题","封闭式框架协议采购是指符合《政府采购框架协议采购方式
管理暂行办法》( )规定情形，通过公开竞争订立框架协议
后，除经过框架协议约定的补充征集程序外，不得增加协议
供应商的框架协议采购","A.第二条
B.第十条
C.第三条
D.第五条","
C"
"
单选题","开放式框架协议采购是指符合本条第二款规定情形，明确采
购需求和付费标准等框架协议条件，愿意接受协议条件的( )
可以随时申请加入的框架协议采购","A. 采购人
B. 服务对象
C. 供应商
D. 采购代理机构","
C"
"
单选题","开放式框架协议征集公告发布后至框架协议期满前，( )可以
按照征集公告要求，随时提交加入框架协议的申请","A. 服务对象
B. 征集人
C. 供应商
D. 采购代理机构","
C"
"
单选题","
框架协议( )在框架协议有效期内不得变动","A. 采购对象
B. 产品要求
C. 服务质量
D. 采购需求","
D"
,,,
题型,《政府采购框架协议采购方式管理暂行办法》题干,选项,答案
"
单选题","框架协议中服务项目包含货物的，响应文件中应当列明货物
清单及( )","A. 采购对象
B. 产品要求
C. 质量标准
D. 采购需求","
C"
"
单选题","没有政府定价的，应当通过需求调查，并根据需求标准科学
确定，属于《政府采购框架协议采购方式管理暂行办法》第
十条第二款第一项规定情形的采购项目，需要订立开放式框
架协议的，与( )协商确定","A. 服务对象
B. 供应商
C. 采购人
D. 采购代理机构","
B"
"
单选题","能够确定统一付费标准，因地域等服务便利性要求，需要接
纳所有愿意接受协议条件的供应商加入框架协议，以供( )自
主选择的,可以采用开放式框架协议采购","A. 服务对象
B. 采购人
C. 供应商
D. 采购代理机构","
A"
"
单选题","评审时应当考虑约定期限的专用耗材使用成本，修正仪器设
备的响应报价或者( )","A. 服务评分
B. 产品评分
C. 质量评分
D. 价格评分","
C"
"
单选题","其他预算单位采用框架协议采购方式采购的，应当遵守《政
府采购框架协议采购方式管理暂行办法》关于( )单位的规定","A. 行政部门
B. 主管预算
C. 集中采购机构
D. 采购代理机构","
B"
"
单选题","其他预算单位确有需要的，经其主管预算单位批准，可以采
用( )采购方式采购","A.公开招标
B.单一来源
C.框架协议
D.竟争谈判","
C"
"
单选题","前款所称采购限额标准以上，是指( )的货物、服务年度采购
预算达到采购限额标准以上","A. 同一品目或者不同一类别
B. 同一品目或者同一类别
C. 不同一品目或者同一类别
D. 不同一品目或者不同一类别","
B"
"
单选题","确定第一阶段入围供应商时，提交响应文件和符合资格条件
、实质性要求的供应商应当均不少于( )，淘汰比例一般不得
低于20%，且至少淘汰一家供应商","A.1家
B.2家
C.3家
D.4家","
B"
"
单选题","确定框架协议采购需求应当开展需求调查，听取( )、供应商
和专家等意见","A. 采购人
B. 代理机构
C. 财政部门
D. 审计部门","
A"
,,,
题型,《政府采购框架协议采购方式管理暂行办法》题干,选项,答案
"
单选题","申明不再签订书面框架协议的，发布入围结果公告，视为签
订 ( )","A. 合同协议
B. 采购合同
C. 框架协议
D. 招标文件","
C"
"
单选题","
框架协议顺序轮候一般适用于( )","A. 货物项目
B. 工程项目
C. 服务项目
D. 采购项目","
C"
"
单选题","我国政府采购协议供货，即借鉴西方国家框架协议的做法，
对纳入政府集中采购目录以内的通用政府采购项目（不含工
程采购项目），通过( )方式确定相对固定的供应商","A.竟争谈判
B.公开招标
C.单一来源
D.网上竟价","
B"
"
单选题","以二次竞价或者顺序轮候方式确定成交供应商的，( )应当在
确定成交供应商后2个工作日内逐笔发布成交结果公告","A. 服务对象
B. 征集人
C. 供应商
D. 采购代理机构","
B"
"
单选题","有政府定价、政府指导价的项目，以及对质量有特别要求的
检测、实验等仪器设备，可以采用( )","A.预算优先
B.质量优先法
C.价格优先法
D.服务优先法","
B"
"
单选题","在封闭式框架协议采购中，确定入围供应商必须有竞争和淘
汰，淘汰比例一般不低于( )，而且至少要淘汰一家供应商","A.15%
B.10%
C.20%
D.30%","
C"
"
单选题","
征集文件应当包括拟签订的框架协议文本和( )文本","A. 合同协议
B. 投标文件
C. 采购合同
D. 招标文件","
C"
"
单选题","框架协议质量因素中的其他指标可以作为( )，不得作为评分
项","A. 实质性要求
B. 产品要求
C. 服务质量
D. 采购需求","
A"
"
单选题","质量优先法是指对满足采购需求且响应报价不超过最高限制
单价的( )进行质量综合评分，按照质量评分从高到低排序，
根据征集文件规定的淘汰率或者入围供应商数量上限，确定
入围供应商的评审方法","A.货物、服务
B.服务质量
C.技术要求
D.产品配置","
A"
,,,
题型,《政府采购框架协议采购方式管理暂行办法》题干,选项,答案
"

多选题","



符合下列情形之一的，可以采用开放式框架协议采购","A.《政府采购框架协议采购方式管理暂
行办法》第二条第一款第二项规定的情
形
B.《政府采购框架协议采购方式管理暂
行办法》第三条第一款第一项规定的情
形，因执行政府采购政策不宜淘汰供应
商的，或者受基础设施、行政许可、知
识产权等限制，供应商数量在3家以下
且不宜淘汰供应商的
C.供应商数量在5家以下
D.《政府采购框架协议采购方式管理暂
行办法》第三条第一款第三项规定的情
形，能够确定统一付费标准，因地域等
服务便利性要求，需要接纳所有愿意接
受协议条件的供应商加入框架协议，以
供服务对象自主选择的","



BD"
"
多选题","


符合下列情形之一的，可以采用框架协议采购方式采购","A.集中采购目录以内品目，以及与之配
套的必要耗材、配件等，属于小额零星
采购的
B.集中采购目录以外，采购限额标准以
上，本部门、本系统行政管理所需的法
律、评估、会计、审计等鉴证咨询服
务，属于小额零星采购的
C.集中采购目录以外，采购限额标准以
上，为本部门、本系统以外的服务对象
提供服务的政府购买服务项目，需要确
定2家以上供应商由服务对象自主选择
的
D.国务院财政部门规定的其他情形","


ABCD"
,,,
题型,《政府采购框架协议采购方式管理暂行办法》题干,选项,答案
"
多选题","


开放式框架协议采购适用于什么情形","A.因执行政府采购政策不适合淘汰供应
商的
B.受基础设施、行政许可、知识产权等
限制，供应商数量在5家以下
C.能够确定统一付费标准，并且为了更
好地向公众提供服务，需要让所有愿意
接受协议条件的供应商都加入的政府购
买服务项目。
D.受基础设施、行政许可、知识产权等
限制，供应商数量在3家以下，并且不
适合淘汰供应商的","


ACD"
"
多选题","


框架协议采购，是指( )","A.集中采购机构或者主管预算单位对技
术、服务等标准明确、统一，需要多次
重复采购的货物和服务，通过公开征集
程序，确定第一阶段入围供应商并订立
框架协议
B.通过公开征集程序，确定第二阶段入
围供应商并订立框架协议
C.采购人或者服务对象按照框架协议约
定规则
D.在入围供应商范围内确定第二阶段成
交供应商并订立采购合同的采购方式","


ACD"
"
多选题","
框架协议采购包括( )","A.单一来源采购
B.封闭式框架协议采购
C.开放式框架协议采购
D.政府直接采购","
BC"
"
多选题","框架协议采购需求符合( )等有关规定，厉行节约，不得超标
准采购","A.价格标准
B.预算标准
C.服务标准
D.资产配置标准","
BD"
"
多选题","框架协议采购需求满足( )实际需要，符合市场供应状况和市
场公允标准，在确保功能、性能和必要采购要求的情况下促
进竞争","A.采购人
B.服务对象
C.代理机构
D.供应商","
AB"
,,,
题型,《政府采购框架协议采购方式管理暂行办法》题干,选项,答案
"

多选题","



框架协议采购需求应当符合以下规定","A.符合预算标准、资产配置标准等有关
规定，厉行节约，可以超标准采购
B.货物项目应当明确货物的技术和商务
要求，包括功能、性能、材料、结构、
外观、安全、包装、交货期限、交货的
地域范围、售后服务等
C.按照《政府采购品目分类目录》，将
采购标的细化到底级品目，并细分不同
等次、规格或者标准的采购需求，合理
设置采购包
D.满足采购人和服务对象实际需要，符
合市场供应状况和市场公允标准，在确
保功能、性能和必要采购要求的情况下
促进竞争
E.符合预算标准、资产配置标准等有关
规定，厉行节约，不得超标准采购","



BCDE"
"
多选题","
为了规范多频次、小额度采购活动，提高政府采购项目绩
效，根据( )等法律法规规定，制定框架协议","A.《中华人民共和国政府招标法》
B.《中华人民共和国政府采购法》
C.《中华人民共和国行政法》
D.《中华人民共和国政府采购法实施条
例》","
BD"
"
多选题","因执行政府采购政策不宜淘汰供应商的，或者受( )等限制，
供应商数量在3家以下且不宜淘汰供应商的,可以采用开放式
框架协议采购","A.基础设施
B.行政许可
C.知识产权
D.供应商","
ABC"
"
多选题","有( )的框架协议采购项目，以及对质量有特别要求的检测、
实验等仪器设备，可以采用质量优先法，其他项目应当采用
价格优先法","A.政府定价
B.审计
C.政府指导价
D.专家定价","
AC"
判断题,"《政府采购框架协议采购方式管理暂行办法》已经2020年12
月31日部务会议审议通过，现予公布，自2021年3月1日起施","A.对
B.错",B
判断题,"对货物项目每个采购包可以用多产品进行响应，征集文件有
要求的，应当同时对产品的选配件、耗材进行报价","A.对
B.错",B
"
判断题","服务项目应当明确服务内容、服务标准、技术保障、服务人
员组成、服务交付或者实施的地域范围，以及所涉及的货物
的质量标准、服务工作量的计量方式等","A.对
B.错","
A"
,,,
题型,《政府采购框架协议采购方式管理暂行办法》题干,选项,答案
判断题,"服务项目质量因素包括服务内容、服务水平、供应商的履约
能力、服务经验等","A.对
B.错",A
判断题,"供应商响应的货物和服务的技术、商务等条件不得低于采购
需求，货物原则上应当是市场上已有销售的规格型号，不得
是专供政府采购的产品","A.对
B.错",A
判断题,"集中采购机构采用框架协议采购的，应当拟定采购方案，报
本级行政部门审核后实施","A.对
B.错",B
判断题,"集中采购机构或者主管预算单位应当在招标文件中确定框架
协议采购的最高限制单价","A.对
B.错",B
"
判断题","开放式框架协议采购是指符合本条第三款规定情形，明确采
购需求和付费标准等框架协议条件，愿意接受协议条件的供
应商可以随时申请加入的框架协议采购","A.对
B.错","
B"
判断题,框架协议采购适用于多频次、小额度采购，单一项目的采购,"A.对
B.错",B
判断题,框架协议采购需求在框架协议有效期内不得变动,"A.对
B.错",A
判断题,框架协议采购应当实行电子化采购,"A.对
B.错",A
判断题,"评审时应当考虑约定期限的专用耗材使用成本，修正仪器设
备的响应报价或者服务评分","A.对
B.错",B
判断题,"评审时应当考虑约定期限的专用耗材使用成本，修正仪器设
备的响应报价或者质量评分","A.对
B.错",A
,,,
题型,《政府采购评审专家管理办法》题干,选项,答案
"
单选题","政府采购评审专家，是指经省级以上人民政府（
）选聘，以独立身份参加政府采购评审，纳入评审
专家库管理人员。","A. 审计部门
B. 财政部门
C. 监察部门
D. 行政部门","
B"
"
单选题","
根据《政府采购评审专家管理办法》，以下不属于
评审专家所实行之管理原则的是（ ）。","A. 统一标准
B. 管用分离
C. 随机抽取
D. 动态管理","
D"
"
单选题","
（ ）负责制定全国统一的评审专家专业分类标准
和评审专家库建设标准。","A. 省级以上人民政府财政部门
B. 市级以上人民政府财政部门
C. 财政部
D. 国务院","
C"
"
单选题","（ ）财政部门负责建设本地区评审专家库并实行
动态管理,与国家评审专家库互联互通、资源共享
。","A. 省级人民政府
B. 市级人民政府
C. 设区市级人民政府
D. 县级人民政府","
A"
"
单选题","
（ ）财政部门通过公开征集、单位推荐和自我推
荐相结合的方式选聘评审专家。","A. 财政部
B. 省级以上人民政府
C. 市级以上人民政府
D. 设区市级以上人民政府","
B"
"单选题","

关于评审专家应当具备的条件,下列表述错误的是
（ ）。","A. 具有良好的职业道德，廉洁自律，遵纪守法,无行
贿、受贿、欺诈等不良信用记录
B. 承诺以独立身份参加评审工作, 依法履行评审专
家工作职责并承担相应的法律责任的中国公民
C. 不需要熟悉政府采购相关政策法规, 只要在行业
内有知名度就可以
D. 不满70周岁, 身体健康, 能承担评审工作","

C"
,,,
"单选题","

对评审专家数量较少的专业，下列哪一项根据《政
府采购评审专家管理办法》可以放松。（ ）","A. 具有良好的职业道德,廉洁自律,遵纪守法,无行贿
、受贿、欺诈等不良信用记录
B. 具有中级专业技术职称或同等专业水平且从事相
关领域工作满8年,或者具有高级专业技术职称或同等
专业水平
C. 熟悉政府采购相关政策法规
D. 承诺以独立身份参加评审工作,依法履行评审专家
工作职责并承担相应法律责任的中国公民","

B"
"单选题","
对评审专家数量较少的专业，下列哪一项根据《政
府采购评审专家管理办法》可以放松。（ ）","A. 具有良好的职业道德,廉洁自律,遵纪守法,无行贿
、受贿、欺诈等不良信用记录
B. 熟悉政府采购相关政策法规
C. 承诺以独立身份参加评审工作,依法履行评审专家
工作职责并承担相应法律责任的中国公民
D. 不满70周岁,身体健康,能够承担评审工作","

D"
"
单选题","
政府采购评审专家的申请人应当根据（ ）申报评
审专业。","A. 本人兴趣
B. 本人专业或专长
C. 采购监管部门需要
D. 政府采购活动需要","
B"
"
单选题","（ ）对申请人提交的申请材料、申报的评审专业
和信用信息进行审核,符合条件的选聘为评审专家,
纳入评审专家库管理。","A. 国务院
B. 财政部
C. 省级人民政府
D. 省级以上人民政府财政部门","
D"
"
单选题","根据《政府采购评审专家管理办法》，下列哪种情
形，省级以上人民政府财政部门应当将评审专家解
聘。（ ）","A. 评审专家已经年满60周岁
B. 评审专家已经退休
C. 评审专家本人申请不再担任评审专家
D. 评审专家暂时失业","
C"
"
单选题","根据《政府采购评审专家管理办法》，下列哪种情
形，省级以上人民政府财政部门应当将评审专家解
聘。（ ）","A. 评审专家被所在单位解雇
B. 评审专家已经年满60周岁
C. 评审专家受到行政处罚
D. 评审专家受到刑事处罚","
D"
"
单选题","根据《政府采购评审专家管理办法》，下列哪种情
形，省级以上人民政府财政部门应当将评审专家解
聘。（ ）","A. 评审专家的学历学位证书丢失
B. 评审专家泄露评审文件、评审情况
C. 评审专家因交通违章受到行政处罚
D. 评审专家被所在单位解雇","
B"
,,,
"
单选题","
采购人或者采购代理机构应当从省级以上人民政府
财政部门设立的评审专家库中（ ）评审专家。","A. 按需抽取
B. 指定抽取
C. 随机抽取
D. 分级抽取","
C"
"单选题","
评审专家库中相关专家数量不能保证随机抽取需要
的,采购人或者采购代理机构可以（ ）。","A. 在评审专家库内直接确定相关评审专家
B. 在评审专家库外自行选择相应专业领域的评审专
家
C. 推荐符合条件的人员,经审核选聘入库后再随机抽
取使用
D. 增加采购人代表名额，补足评审委员会人数","

C"
"
单选题","
关于自行选定评审专家，下列说法正确的是（ ）
。","A. 应当经采购人的本级财政部门同意
B. 应当优先选择本单位以外的评审专家
C. 应当优先选择本单位的评审专家
D. 应当经采购代理机构同意","
B"
"
单选题","除采用竞争性谈判、竞争性磋商方式采购,以及异
地评审的项目外,采购人或者采购代理机构抽取评
审专家的开始时间原则上不得早于评审活动开始前
（ ）。","A. 1个工作日
B. 1日
C. 2个工作日
D. 2日","
C"
"
单选题","除采用竞争性谈判、竞争性磋商方式采购,以及异
地评审的项目外,采购人或者采购代理机构抽取评
审专家的开始时间原则上不得早于评审活动开始前
2个工作日。其主要目的是（ ）。","A. 方便财政部门对专家抽取工作的管理
B. 方便采购人或采购代理机构的专家抽取工作
C. 方便评审专家安排时间参加评审
D. 减少已抽取的评审专家名单泄密的可能性","
D"
"
单选题","采购人或者采购代理机构应当（ ）宣布评审工作
纪律,并将记载评审工作纪律的书面文件作为采购
文件一并存档。","A. 在评审活动开始后
B. 在评审活动开始前
C. 在评审活动过程中
D. 在抽取评审专家时","
B"
"单选题","
评审专家发现本人与参加采购活动的供应商有利害
关系的（ ）。","A. 应当客观、公正地进行评审
B. 应当主动提出回避
C. 如果采购人或采购代理机构未要求回避的，继续
参加评审活动
D. 可以在采购文件规定的自由裁量范围内，适当照
顾有利害关系的供应","

B"
,,,
"
单选题","范某作为评审专家,在评审过程中发现某投标供应
商是其刚刚离职的企业,面对此情形范某应该如何
操作。（ ）","A. 应主动提出回避
B. 反正没人发现, 好好评审就可以了
C. 向采购人代表说明, 经同意后继续评审
D. 向财政部门汇报","
A"
"
单选题","各级财政部门政府采购监督管理工作人员,（ ）作
为评审专家参与政府采购项目的评审活动。","A. 可以
B. 应当
C. 不得
D. 经批准可以","
C"
"单选题","

出现评审专家缺席、回避等情形导致评审现场专家
数量不符合规定的,采购人或者采购代理机构（ ）
。","A. 经采购人本级财政部门同意，可以继续进行缺额
评审
B. 可以及时补抽评审专家，或者经采购人主管预算
单位同意自行选定补足评审专家
C. 应当及时补抽评审专家，或者经采购人本级财政
部门同意自行选定补足评审专家
D. 无法及时补足评审专家的,应当立即停止评审工
作,妥善保存采购文件,依法重新组建评标委员会、谈
判小组、询价小组、磋商小组进行评审","

D"
"单选题","

有关政府采购评审专家在评审过程中的行为，错误
的说法是（ ）。","A. 应当遵守评审工作纪律，不得泄露评审文件、评
审情况和评审中获悉的商业秘密
B. 在评审过程中受到非法干预的，应当及时向财政
、监察等部门举报
C. 评审开始前应当自觉将通讯工具交采购人或采购
代理机构统一保管
D. 评审过程中发现供应商有行贿、提供虚假材料或
者串通等违法行为的，立即停止评审，不用向财政部
门报告","

D"
"
单选题","评审专家发现供应商具有行贿、提供虚假材料或者
串通等违法行为的,应当及时向（ ）报告。","A. 监察部门
B. 纪检部门
C. 财政部门
D. 公安部门","
C"
"
单选题","评审专家应当在评审报告上签字,对自己的评审意
见承担法律责任。对需要共同认定的事项存在争议
的,按照（ ）的原则做出结论。","A. 协商一致
B. 由评审委员会负责人做最后决定
C. 少数服从多数
D. 现场请示采购人本级财政部门","
C"
,,,
"
单选题","
评审专家对评审报告有异议的,（ ），否则视为同
意评审报告。","A. 应当拒绝在评审报告上签署
B. 应当拒绝在评审报告上签署并现场说明理由
C. 应当在评审报告上签署不同意见
D. 应当在评审报告上签署不同意见并说明理由","
D"
"
单选题","
评审专家名单（ ）应当保密。","A. 在评审活动开始后
B. 在评审活动过程中
C. 在抽取评审专家时
D. 在评审结果公告前","
D"
"
单选题","评审专家应当于评审活动结束后（ ）内,在政府采
购信用评价系统中记录采购人或者采购代理机构的
职责履行情况。","A. 3日
B. 3个工作日
C. 5 日
D. 5个工作日","
D"
"
单选题","
集中采购目录内的项目,由（ ）支付评审专家劳务
报酬。","A. 采购人
B. 供应商
C. 集中采购机构
D. 中标供应商","
C"
"
单选题","（ ）应当根据实际情况制定本地区评审专家劳务
报酬标准。中央预算单位参照本单位所在地或评审
活动所在地标准支付评审专家劳务报酬。","A. 县级人民政府财政部门
B. 市级人民政府财政部门
C. 设区市级人民政府财政部门
D. 省级人民政府财政部门","
D"
"
单选题","评审专家未完成评审工作擅自离开评审现场,或者
在评审活动中有违法违规行为的，（ ）获取劳务
报酬和报销异地评审差旅费。","A. 应当
B. 不得
C. 可以
D. 能够","
B"
"单选题","
政府采购评审专家存在下列违法情形的，由财政部
门给予警告，并处2000元以上2万元以下的罚款（
）。","A. 未按照采购文件规定的评审程序、评审方法和评
审标准进行独立评审的
B. 泄露评审文件、评审情况，且影响中标、成交结
果的
C. 与供应商存在利害关系未回避的
D. 收受采购人、采购代理机构、供应商贿赂或者获
取其他不正当利益的","

A"
,,,
"单选题","

评审专家未按照采购文件规定的评审程序、评审方
法和评审标准进行独立评审或者泄露评审文件、评
审情况的（ ）。","A. 由财政部门给予警告,可以并处 2000 元以上 2
万元以下的罚款
B. 由财政部门给予警告,并处 500 元以上 2000 元
以下的罚款
C. 处 2 万元以上 5 万元以下的罚款，禁止其参加
政府采购评审活动
D. 处 5000 元以上 2 万元以下的罚款，禁止其参加
政府采购评审活动","

A"
"单选题","

以下违法情形中，不会必然导致政府采购评审专家
被禁止其参加政府采购评审活动的是（ ）。","A. 未按照采购文件规定的评审程序、评审方法和评
审标准进行独立评审的
B. 泄露评审文件、 评审情况，影响中标、成交结果
的
C. 与供应商存在利害关系未回避的
D. 收受采购人、采购代理机构、供应商贿赂或者获
取其他不正当利益的","

A"
"单选题","

评审专家与供应商存在利害关系未回避的（ ）。","A. 由财政部门给予警告,可以并处 2 万元以上 5 万
元以下的罚款
B. 由财政部门给予警告,并处 2 万元以上 5 万元以
下的罚款
C. 处 2 万元以上 5 万元以下的罚款,禁止其参加政
府采购评审活动
D. 影响中标、成交结果的,处 2 万元以上 5 万元以
下的罚款,禁止其参加政府采购评审活动","

C"
"
单选题","
评审专家有《政府采购评审专家管理办法》第二十
七条规定的违法行为,（ ）。","A. 其评审意见有效
B. 经采购监管部门同意，其评审意见有效
C. 其评审意见视情况无效
D. 其评审意见无效","
D"
"
单选题","
采购人、采购代理机构发现评审专家有违法违规行
为的,应当及时向采购人（ ）报告。","A. 本级财政部门
B. 上级财政部门
C. 省级财政部门
D. 市级财政部门","
A"
"
多选题","为（ ），根据《中华人民共和国政府采购法》、
《中华人民共和国政府采购法实施条例》等法律法
规及有关规定,制定《政府采购评审专家管理办法
》。","A. 加强政府采购评审活动管理
B. 规范政府采购评审专家评审行为
C. 维护采购人利益
D. 维护公共利益","
AB"
,,,
"
多选题","
政府采购评审专家，是指经（ ）人员。","A. 省级以上人民政府财政部门选聘
B. 以独立身份参加政府采购评审
C. 纳入评审专家库管理
D. 以上均不对","
ABC"
"
多选题","
评审专家实行（ ）的管理原则。","A. 动态管理
B. 统一标准
C. 管用分离
D. 随机抽取","
BCD"
"多选题","

根据《政府采购评审专家管理办法》，下列说法正
确的是（ ）。","A. 财政部负责制定全国统一的评审专家专业分类标
准和评审专家库建设标准
B. 财政部负责建设管理国家评审专家库
C. 省级人民政府财政部门负责建设本地区评审专家
库并实行动态管理,与国家评审专家库互联互通、资
源共享
D. 各级人民政府财政部门依法履行对评审专家的监
督管理职责","

ABCD"
"
多选题","
省级以上人民政府财政部门通过（ ）相结合的方
式选聘评审专家。","A. 公开征集
B. 单位推荐
C. 自我推荐
D. 采购监管部门推荐","
ABC"
"多选题","

关于评审专家应当具备的条件,下列表述正确的是
（ ）","A. 具有良好的职业道德，廉洁自律，遵纪守法,无行
贿、受贿、欺诈等不良信用记录
B. 承诺以独立身份参加评审工作, 依法履行评审专
家工作职责并承担相应的法律责任的中国公民
C. 不需要熟悉政府采购相关政策法规, 只要在行业
内有知名度就可以
D. 不满70周岁, 身体健康, 能承担评审工作","

ABD"
"多选题","

对评审专家数量较少的专业，可以适当放宽下列哪
几项。（ ）","A. 具有良好的职业道德，廉洁自律，遵纪守法,无行
贿、受贿、欺诈等不良信用记录
B. 具有中级专业技术职称或同等专业水平且从事相
关领域工作满8年,或者具有高级专业技术职称或同等
专业水平
C. 承诺以独立身份参加评审工作, 依法履行评审专
家工作职责并承担相应的法律责任的中国公民
D. 不满70周岁, 身体健康, 能承担评审工作","

BD"
,,,
"
多选题","
符合《政府采购评审专家管理办法》第六条规定条
件,自愿申请成为评审专家的人员，应当提供以下
哪些申请材料。（ ）","A. 个人简历、本人签署的申请书和承诺书；
B. 学历学位证书、专业技术职称证书或者具有同等
专业水平的证明材料；证明本人身份的有效证件
C. 本人认为需要申请回避的信息
D. 省级以上人民政府财政部门规定的其他材料。","
ABCD"
"
多选题","省级以上人民政府财政部门对申请人提交的（ ）
进行审核,符合条件的选聘为评审专家,纳入评审专
家库管理。","A. 申请材料
B. 申报的评审专业
C. 信用信息
D. 家庭背景","
ABC"
"
多选题","
评审专家（ ）的信息等发生变化的,应当及时向相
关省级以上人民政府财政部门申请变更相关信息。","A. 工作单位
B. 联系方式
C. 专业技术职称
D. 需要回避","
ABCD"
"多选题","
评审专家存在以下情形之一的,省级以上人民政府
财政部门应当将其解聘。（ ）","A. 不符合《政府采购评审专家管理办法》第六条规
定条件
B. 本人申请不再担任评审专家
C. 存在《政府采购评审专家管理办法》第二十九条
规定的不良行为记录
D. 受到刑事处罚。","

ABCD"
"多选题","
评审专家存在以下情形之一的,省级以上人民政府
财政部门应当将其解聘。（ ）","A. 未按照采购文件规定的评审程序、评审方法和评
审标准进行独立评审
B. 泄露评审文件、评审情况
C. 与供应商存在利害关系未回避
D. 收受采购人、采购代理机构、供应商贿赂或者获
取其他不正当利益","

ABCD"
,,,
"
多选题","


根据《政府采购评审专家管理办法》，下列说法正
确的是（ ）。","A. 采购人或者采购代理机构应当从省级以上人民政
府财政部门设立的评审专家库中随机抽取评审专家
B. 评审专家库中相关专家数量不能保证随机抽取需
要的,采购人可以推荐符合条件的人员,经审核选聘入
库后再随机抽取使用
C. 评审专家库中相关专家数量不能保证随机抽取需
要的,采购代理机构可以推荐符合条件的人员,经审核
选聘入库后再随机抽取使用
D. 评审专家库中相关专家数量不能保证随机抽取需
要的,供应商可以推荐符合条件的人员,经审核选聘入
库后再随机抽取使用","


ABC"
"
多选题","关于自行选定评审专家，下列说法错误的是（ ）
。","A. 应当经采购人的本级财政部门同意
B. 应当优先选择本单位以外的评审专家
C. 应当优先选择本单位的评审专家
D. 应当经采购代理机构同意","
ACD"
"多选题","

关于自行选定评审专家，下列说法正确的是（ ）
。","A. 只能在评审专家库内自行选定
B. 既可以自行选择评审专家库内的评审专家，也可
以在评审专家库外自行选择相应专业领域的评审专家
C. 采购人应当优先选择本单位以外的评审专家
D. 采购人或者采购代理机构在中标、成交公告中公
告评审专家名单时，应当对自行选定的评审专家做出
标注","

BCD"
"
多选题","除（ ）,采购人或者采购代理机构抽取评审专家的
开始时间原则上不得早于评审活动开始前2个工作
日。","A. 采用竞争性谈判
B. 竞争性磋商方式采购
C. 公开招标
D. 以及异地评审的项目外","
ABD"
"多选题","

评审专家与参加采购活动的供应商存在下列利害关
系之一的,应当回避。（ ）","A. 参加采购活动前三年内,与供应商存在劳动关系
B. 参加采购活动前四年内,担任过供应商的董事、监
事
C. 参加采购活动前五年内,担任过供应商的控股股东
或实际控制人
D. 与供应商的法定代表人或者负责人有夫妻、直系
血亲、三代以内旁系血亲或者近姻亲关系","

AD"
,,,
"
多选题","出现评审专家缺席、回避等情形导致评审现场专家
数量不符合规定的,无法及时补足评审专家的,采购
人或者采购代理机构应当立即停止评审工作,妥善
保存采购文件,依法重新组建（ ）进行评审。","A. 评标委员会
B. 谈判小组
C. 询价小组
D. 磋商小组","
ABCD"
"
多选题","评审专家应当严格遵守评审工作纪律,按照（ ）的
原则,根据采购文件规定的评审程序、评审方法和
评审标准进行独立评审。","A. 客观
B. 公正
C. 公平
D. 审慎","
ABD"
"多选题","

有关政府采购评审专家在评审过程中的行为，正确
的说法是（ ）。","A. 应当遵守评审工作纪律，不得泄露评审文件、评
审情况和评审中获悉的商业秘密
B. 在评审过程中受到非法干预的，应当及时向财政
、监察等部门举报
C. 评审开始前应当自觉将通讯工具交采购人或采购
代理机构统一保管
D. 评审过程中发现供应商有行贿、提供虚假材料或
者串通等违法行为的，应当及时向财政部门报告","

ABCD"
"多选题","

根据《政府采购评审专家管理办法》，下列哪些说
法是正确的（ ）","A. 评审专家应当在评审报告上签字,对自己的评审意
见承担法律责任
B. 对需要共同认定的事项存在争议的,按照少数服从
多数的原则做出结论
C. 对评审报告有异议的,应当在评审报告上签署不同
意见并说明理由
D. 对评审报告有异议的,没有在评审报告上签署不同
意见并说明理由，视为同意评审报告","

ABCD"
"多选题","

根据《政府采购评审专家管理办法》，下列哪些说
法是正确的（ ）","A. 评审专家名单在评审结果公告前应当保密
B. 评审活动完成后,采购人或者采购代理机构应当随
中标结果一并公告评审专家名单，并对自行选定的评
审专家做出标注
C. 评审活动完成后,采购人或者采购代理机构应当随
成交结果一并公告评审专家名单，并对自行选定的评
审专家做出标注
D. 各级财政部门、采购人和采购代理机构有关工作
人员不得泄露评审专家的个人情况","

ABCD"
,,,
"
多选题","

根据《政府采购评审专家管理办法》，下列哪些说
法是正确的（ ）。","A. 采购人或者采购代理机构应当于评审活动结束后7
个工作日内,在政府采购信用评价系统中记录评审专
家的职责履行情况
B. 评审专家可以在政府采购信用评价系统中查询本
人职责履行情况记录,并就有关情况作出说明
C. 省级以上人民政府财政部门可根据评审专家履职
情况等因素设置阶梯抽取概率
D. 评审专家应当于评审活动结束后7个工作日内,在
政府采购信用评价系统中记录采购人或者采购代理机
构的职责履行情况","


BC"
"多选题","

下列有关评审专家劳务报酬支付正确的是（ ）。","A. 集中采购目录内的项目,由集中采购机构支付评审
专家劳务报酬
B. 集中采购目录内的项目,由采购人支付评审专家劳
务报酬
C. 集中采购目录外的项目,由采购人支付评审专家劳
务报酬
D. 集中采购目录外的项目,由采购预算审批单位支付
评审专家劳务报酬","

AC"
"
多选题","
下列哪些部门无权制定本地区评审专家劳务报酬标
准。（ ）","A. 县级人民政府财政部门
B. 市级人民政府财政部门
C. 设区市级人民政府财政部门
D. 省级人民政府财政部门","
ABC"
"多选题","

根据《政府采购评审专家管理办法》，下列哪些说
法是正确的（ ）。","A. 评审专家未完成评审工作擅自离开评审现场，不
得获取劳务报酬
B. 评审专家未完成评审工作擅自离开评审现场，不
得报销异地评审差旅费
C. 评审专家在评审活动中有违法违规行为的，不得
获取劳务报酬
D. 评审专家在评审活动中有违法违规行为的，不得
报销异地评审差旅费","

ABCD"
"
多选题","评审专家未按照采购文件规定的评审程序、评审方
法和评审标准进行独立评审或者泄露评审文件、评
审情况的，由财政部门给予警告，并处以罚款。下
列罚款金额不正确的是（ ）","A. 2000元以上1万元以下的罚款
B. 2000元以上2万元以下的罚款
C. 2万元以上3万元以下的罚款
D. 2万元以上5万元以下的罚款","
ACD"
,,,
"
多选题","评审专家未按照采购文件规定的（ ）进行独立评
审或者泄露评审文件、评审情况的,由财政部门给
予警告,并处2000元以上2万元以下的罚款；影响中
标、成交结果的,处2万元以上5万元以下的罚款,禁
止其参加政府采购评审活动。","A. 评审程序
B. 评审方法
C. 评审标准
D. 评审倾向","
ABC"
"多选题","
根据《政府采购评审专家管理办法》，评审专家有
下列哪些情形，列入不良行为记录。（ ）","A. 未按照采购文件规定的评审程序、评审方法和评
审标准进行独立评审
B. 泄露评审文件、评审情况
C. 与供应商存在利害关系未回避
D. 收受采购人、采购代理机构、供应商贿赂或者获
取其他不正当利益","

ABCD"
"多选题","
根据《政府采购评审专家管理办法》，评审专家有
下列哪些情形，列入不良行为记录。（ ）","A. 收受采购人劳动报酬
B. 提供虚假申请材料
C. 拒不履行配合答复供应商询问、质疑、投诉等法
定义务
D. 以评审专家身份从事有损政府采购公信力的活动","

BCD"
"
判断题","《政府采购评审专家管理办法》所称评审专家，是
指经省级以上人民政府财政部门选聘,以独立身份
参加政府采购评审，纳入评审专家库管理的人员。
（ ）","
A.对
B.错","
A"
判断题,"评审专家实行动态管理、统一标准、管用分离、随
机抽取的管理原则。（ ）","A.对
B.错",B
判断题,"财政部负责制定全国统一的评审专家专业分类标准
和评审专家库建设标准,建设管理国家评审专家库
。（ ）","A.对
B.错",A
"
判断题","市级人民政府财政部门负责建设本地区评审专家库
并实行动态管理,与国家评审专家库互联互通、资
源共享。（ ）","A.对
B.错","
B"
判断题,"各级人民政府财政部门依法履行对评审专家的监督
管理职责。（ ）","A.对
B.错",A
判断题,"省级以上人民政府财政部门通过公开征集、单位推
荐和自我推荐相结合的方式选聘评审专家。（ ）","A.对
B.错",A
判断题,"申请人应当根据采购监管部门需要申报评审专业。
（ ）","A.对
B.错",B
,,,
"
判断题","省级以上人民政府财政部门对申请人提交的申请材
料、申报的评审专业和信用信息进行审核,符合条
件的选聘为评审专家, 纳入评审专家库管理。（
）","
A.对
B.错","
A"
判断题,"评审专家工作单位、联系方式、专业技术职称、需
要回避的信息等发生变化的,应当及时向相关省级
以上人民政府财政部门申请变更相关信息。（ ）","A.对
B.错",A
判断题,"评审专家本人申请不再担任评审专家，省级以上人
民政府财政部门应当将其解聘。（ ）","A.对
B.错",A
"
判断题","采购人或者采购代理机构应当从市级以上人民政府
财政部门设立的评审专家库中随机抽取评审专家。
（ ）","A.对
B.错","
B"
"
判断题","评审专家库中相关专家数量不能保证随机抽取需要
的,采购人或者采购代理机构可以推荐符合条件的
人员,经审核选聘入库后再随机抽取使用。（ ）","A.对
B.错","
A"
判断题,"技术复杂、专业性强的采购项目,通过随机方式难
以确定合适评审专家的,经主管预算单位同意,采购
人可以自行选定相应专业领域的评审专家。（ ）","A.对
B.错",A
判断题,"自行选定评审专家的,应当优先选择本单位的评审
专家。（ ）","A.对
B.错",B
"
判断题","除采用竞争性谈判、竞争性磋商方式采购,以及异
地评审的项目外,采购人或者采购代理机构抽取评
审专家的开始时间原则上不得早于评审活动开始前
2个工作日。（ ）","A.对
B.错","
A"
判断题,"采购人或者采购代理机构应当在评审活动开始前宣
布评审工作纪律,并将记载评审工作纪律的书面文
件作为采购文件一并存档。（ ）","A.对
B.错",A
判断题,"参加采购活动前三年内, 评审专家与供应商存在劳
动关系的，应当回避。（ ）","A.对
B.错",A
判断题,"评审专家发现本人与参加采购活动的供应商有利害
关系的，由采购监管部门决定是否回避。（ ）","A.对
B.错",B
判断题,"各级财政部门政府采购监督管理工作人员,不得作
为评审专家参与政府采购项目的评审活动。（ ）","A.对
B.错",A
,,,
"
判断题","出现评审专家缺席、回避等情形导致评审现场专家
数量不符合规定的,采购人或者采购代理机构应当
及时补抽评审专家，或者经采购人主管预算单位同
意自行选定补足评审专家。（ ）","
A.对
B.错","
A"
判断题,"评审专家应当严格遵守评审工作纪律,按照客观、
公正、审慎的原则,根据采购文件规定的评审程序
、评审方法和评审标准进行独立评审。（ ）","A.对
B.错",A
"
判断题","评审专家发现供应商具有行贿、提供虚假材料或者
串通等违法行为的,应当及时向采购代理机构报告
。（ ）","A.对
B.错","
B"
判断题,"评审专家应当在评审报告上签字,对自己的评审意
见承担法律责任。（ ）","A.对
B.错",A
"
判断题","评审专家对评审报告有异议的,应当在评审报告上
签署不同意见并说明理由,否则视为不同意评审报
告。（ ）","A.对
B.错","
B"
判断题,评审专家名单在评审结果公告前应当保密。（ ）,"A.对
B.错",A
判断题,"各级财政部门、采购人和采购代理机构有关工作人
员不得泄露评审专家的个人情况。（ ）","A.对
B.错",A
"
判断题","评审专家应当于评审活动结束后7个工作日内,在政
府采购信用评价系统中记录采购人或者采购代理机
构的职责履行情况。（ ）","A.对
B.错","
B"
"
判断题","评审专家参加异地评审的,其往返的城市间交通费
、住宿费等实际发生的费用,可参照采购人执行的
差旅费管理办法相应标准向采购人或集中采购机构
凭据报销。（ ）","A.对
B.错","
A"
判断题,"采购人、采购代理机构发现评审专家有违法违规行
为的，应当及时向采购人上级财政部门报告。（
）","A.对
B.错",B
"
判断题","采购人或者采购代理机构未按照《政府采购评审专
家管理办法》规定抽取和使用评审专家的,依照《
政府采购法》及有关法律法规追究法律责任。（
）","A.对
B.错","
A"
,,,
题型,信用记录使用、采购需求履约验收 题干,选项,答案
"
单选题","
在政府采购活动中，信用记录的查询主要通过哪个
网站进行？（ ）","A. 中国政府采购网
B. 信用中国
C. 国家企业信用信息公示系统
D. 中国人民银行征信中心","
B"
"
单选题","
采购人或者采购代理机构应当在采购文件中明确信
用信息查询的（ ）及截止时点。","A. 查询渠道
B. 查询费用
C. 查询时间
D. 查询人员","
A"
"
单选题","联合体成员存在不良信用记录的，视同（ ）存在不
良信用记录。","A. 采购人
B. 采购代理机构
C. 联合体
D. 评审专家","
C"
"
单选题","各级财政部门应当在评审专家选聘及日常管理中查
询有关信用记录，对具有（ ）等不良信用记录的人
员不得聘用为评审专家。","A. 行贿、受贿、欺诈
B. 逃税、漏税、骗税
C. 虚假宣传、不正当竞争
D. 环境污染、安全事故","
A"
"
单选题","采购人委托采购代理机构办理政府采购事宜的，应
当查询其信用记录，优先选择（ ）的采购代理机构
。","A. 无不良信用记录
B. 信用记录良好
C. 信用记录一般
D. 信用记录较差","
A"
"
单选题","
采购人及采购代理机构应当妥善保管相关主体信用
信息，不得用于（ ）事项。","A. 政府采购以外
B. 政府采购以内
C. 政府采购相关
D. 政府采购审核","
A"
"
单选题","各级财政部门应当切实加强政府采购信息化建设，
做好相关技术保障，建立与相关信用信息平台的（
）机制。","A. 数据共享
B. 数据保密
C. 数据销毁
D. 数据备份","
A"
"
单选题","各地区各部门应当根据上述原则和要求，在政府采
购活动中积极推进信用信息的（ ）和使用。","A. 共享
B. 保密
C. 销毁
D. 备份","
A"
,,,
"单选题","采购人或者采购代理机构应当对供应商信用记录进
行甄别，对列入失信被执行人、重大税收违法案件
当事人名单、政府采购严重违法失信行为记录名单
及其他不符合《中华人民共和国政府采购法》第二
十二条规定条件的供应商，应当（ ）其参与政府采
购活动。","
A. 拒绝
B. 接受
C. 暂缓
D. 限制","

A"
"
单选题","各级财政部门和有关部门应当根据政府采购法及其
实施条例相关规定，对参加政府采购活动的供应商
、采购代理机构、评审专家的不良行为予以记录，
并纳入统一的（ ）平台。","A. 信用信息
B. 政府采购
C. 企业信息
D. 个人征信","
A"
"
单选题","
联合体成员存在不良信用记录的，视同（ ）存在不
良信用记录。","A. 采购人
B. 采购代理机构
C. 联合体
D. 评审专家","
C"
"
单选题","采购人委托采购代理机构办理政府采购事宜的，应
当查询其信用记录，优先选择（ ）的采购代理机构
。","A. 无不良信用记录
B. 信用记录良好
C. 信用记录一般
D. 信用记录较差","
A"
"
单选题","各级财政部门应当切实加强政府采购信息化建设，
做好相关技术保障，建立与相关信用信息平台的（
）机制。","A. 数据共享
B. 数据保密
C. 数据销毁
D. 数据备份","
A"
"
单选题","各地区各部门应当根据上述原则和要求，在政府采
购活动中积极推进信用信息的（ ）和使用。","A. 共享
B. 保密
C. 销毁
D. 备份","
A"
"
单选题","根据《进一步加强政府采购需求和履约验收管理的
指导意见》，采购需求应当（ ）","A. 仅需明确数量
B. 仅需明确交付时间
C. 合规、完整、明确
D. 仅需符合国家法律法规","
C"
,,,
"
单选题","
采购人委托采购代理机构编制采购需求的，应当在
（ ）进行书面确认。","A. 采购合同签订后
B. 采购活动开始前
C. 验收结束后
D. 采购活动结束后","
B"
"
单选题","
采购项目验收结束后，应当出具（ ）。","A. 验收报告
B. 验收书
C. 验收意见
D. 验收证明","
B"
"
多选题","在政府采购活动中，信用记录的查询渠道包括（ ）
。","A. 信用中国
B. 中国政府采购网
C. 国家企业信用信息公示系统
D. 中国人民银行征信中心","
AB"
"
多选题","
采购人或者采购代理机构应当在采购文件中明确信
用信息查询的（ ）。","A. 查询渠道
B. 截止时点
C. 查询费用
D. 查询人员","
AB"
"
多选题","各级财政部门应当在评审专家选聘及日常管理中查
询有关信用记录，对具有（ ）等不良信用记录的人
员不得聘用为评审专家。","A. 行贿
B. 受贿
C. 欺诈
D. 逃税","
ABC"
"
多选题","在政府采购活动中，信用记录的使用规则包括（ ）
。","A. 查询渠道及截止时点
B. 信用信息查询记录和证据留存方式
C. 信用信息的使用规则
D. 信用信息的保密措施","
ABC"
"
多选题","
在政府采购活动中，以下哪些情况应当拒绝供应商
参与？（ ）","A. 列入失信被执行人名单
B. 列入重大税收违法案件当事人名单
C. 列入政府采购严重违法失信行为记录名单
D. 不符合《中华人民共和国政府采购法》第二十二条
规定条件","
ABCD"
"
多选题","根据《进一步加强政府采购需求和履约验收管理的
指导意见》，采购需求应当包括哪些内容？（ ）","A. 采购对象需实现的功能或者目标
B. 满足项目需要的所有技术、服务、安全等要求
C. 采购对象的数量、交付或实施的时间和地点
D. 采购对象的验收标准","
ABCD"
,,,
"
多选题","
采购需求描述应当符合哪些要求？（ ）","A. 清楚明了
B. 规范表述
C. 含义准确
D. 能够通过客观指标量化的应当量化","
ABCD"
"
多选题","
采购需求论证可以采取哪些方式？（ ）","A. 结合预算编制
B. 相关可行性论证
C. 需求调研情况
D. 征求社会公众的意见","
ABCD"
"
多选题","
采购文件及合同应当包括哪些内容？（ ）","A. 采购需求
B. 项目验收标准和程序
C. 评审因素
D. 采购合同的具体条款","
ABCD"
"
多选题","
采购人应当如何组织履约验收工作？（ ）","A. 自行组织项目验收
B. 委托采购代理机构验收
C. 邀请实际使用人参与验收
D. 邀请第三方专业机构及专家参与验收","
ABCD"
"
多选题","
采购项目验收方案应当明确哪些内容？（ ）","A. 履约验收的时间
B. 履约验收的方式
C. 履约验收的程序
D. 验收小组的成员","
ABC"
"
多选题","
采购项目验收结果应当与哪些条件挂钩？（ ）","A. 采购合同约定的资金支付条件
B. 采购合同约定的履约保证金返还条件
C. 采购合同约定的争议处理规定
D. 采购合同约定的供应商权利义务","
AB"
"
多选题","
采购人应当如何落实履约验收责任？（ ）","A. 验收合格的项目及时支付采购资金
B. 验收合格的项目退还履约保证金
C. 验收不合格的项目依法及时处理
D. 供应商有违法违规情形的及时报告本级财政部门","
ABCD"
"
多选题","
各级财政部门应当如何加强采购需求和履约验收的
业务指导？（ ）","A. 研究制定通用产品需求标准
B. 研究制定采购文件标准文本
C. 探索建立供应商履约评价制度
D. 推动在政府采购评审中应用履约验收和绩效评价结
果","
ABCD"
,,,
题型,招投标法&实施条例 题干,选项,答案
"
单选题","
( )不得非法干预、影响评标的过程和结果。","A.任何单位和个人不得
B.招标监管部门
C.招标人上级部门
D.以上均不对","
A"
"
单选题","
( )不得将依法必须进行招标的项目化整为零或者以其他任
何方式规避招标。","A.国务院
B.财政部门
C.省级政府
D.任何单位和个人","
D"
"
单选题","
( )不得挪用投标保证金。","A.招标人
B.招标代理机构
C.招标监管机构
D.以上均不对","
A"
"
单选题","( )不得违法限制或者排斥本地区、本系统以外的法人或者
其他组织参加投标，不得以任何方式非法干涉招标投标活
动。","A.国务院
B.省级政府
C.国家发展改革委员会
D.任何单位和个人","
D"
"
单选题","
( )不得要求或者标明特定的生产供应者以及含有倾向或者
排斥潜在投标人的其他内容。","A.资格预审文件
B.招标邀请书
C.招标文件
D.以上均不对","
C"
"
单选题","
( )不得以不合理的条件限制或者排斥潜在投标人，不得对
潜在投标人实行歧视待遇。","A.招标人
B.招标监管部门
C.招标人上级部门
D.以上均不对","
A"
"
单选题","
( )对投标人的资格条件有规定的，依照其规定。","A.国家发展改革部门
B.财政部门
C.省级政府
D.国家","
D"
"
单选题","
( )对投标人资格条件有规定的，投标人应当具备规定的资
格条件。","A.资格预审文件
B.邀请文件
C.招标文件
D.以上均不对","
C"
,,,
"
单选题","
( )或者国务院对必须进行招标的其他项目的范围有规定
的，依照其规定。","A.法律
B.行政法规
C.规章
D.地方法规","
A"
"
单选题","
( )决定是否编制标底。","A.招标人可以自行
B.招标人上级部门可以
C.招标监管部门可以
D.以上均不对","
A"
"
单选题","
( )实行统一的评标专家专业分类标准和管理办法。","A.财政监管部门
B.国家发展改革部门
C.省级部门
D.国家","
D"
"
单选题","
( )是依照本法规定提出招标项目、进行招标的法人或者其
他组织。","A.采购人
B.供应商
C.招标人
D.投标人","
C"
"
单选题","
( )为同一人或者存在控股、管理关系的不同单位，不得参
加同一标段投标或者未划分标段的同一招标项目投标。","A.单位财务主管
B.单位工程主管
C.单位技术主管
D.单位负责人","
D"
"
单选题","
( )要对评分汇总情况进行复核。","A.采购人
B.采购代理机构
C.评标委员会
D.供应商代表","
C"
"
单选题","
( )以任何方式指定或者变相指定参加评标委员会的专家成
员。","A.任何单位和个人不得
B.招标代理机构可以
C.招标人可以
D.以上均不对","
A"
"
单选题","
( )应当采取必要的措施，保证评标在严格保密的情况下进
行。","A.招标监管部门
B.招标代理机构
C.招标人
D.以上均不对","
C"
,,,
"
单选题","
( )应当向评标委员会提供评标所必需的信息，但不得明示
或者暗示其倾向或者排斥特定投标人。","A.招标监管部门
B.招标代理机构
C.招标人
D.以上均不对","
C"
"
单选题","
( )应当组建综合评标专家库。","A.县级人民政府
B.市级人民政府
C.设区的市级人民政府
D.省级人民政府","
D"
"
单选题","
( )有关规定对投标人资格条件有规定的，投标人应当具备
规定的资格条件。","A.市级政府
B.省级政府
C.国家发展改革部门
D.国家","
D"
"
单选题","
( )指导和协调本行政区域的招标投标工作。","A.县级以上地方人民政府发展改革部门
B.县级以上地方人民政府财政部门
C.县级以上地方人民政府建设部门
D.县级以上地方人民政府监察部门","
A"
"
单选题","《招标投标法》第6条规定：""依法必须进行招标的项目，
其招标投标活动不受地区或者部门的限制。任何单位和个
人不得违法限制或者排斥本地区、本系统以外的法人或者
其他组织参加投标，不得以任何方式非法干涉招标活动。""
该规定体现了《招标投标法》的( )原则。","A.公开
B.公平
C.公正
D.诚实信用","
B"
"
单选题","《招标投标法》第三十七条第三款所称( )招标项目，是指
技术复杂、专业性强或者国家有特殊要求，采取随机抽取
方式确定的专家难以保证胜任评标工作的项目。","A.特定
B.特殊
C.复杂
D.以上均不对","
B"
"
单选题","
《招标投标法》规定，评标专家占评标委员会总人数的( )
以上，对评标委员会的整体水平有至关重要的影响。","A.1/3
B.1/2
C.2/3
D.3/4","
C"
"
单选题","
《招标投标法》规定，招标文件开始发出之日起至投标文
件截止之日止，最短( )。","A.15日
B.15个工作日
C.20日
D.20个工作日","
C"
,,,
"
单选题","《招标投标法》规定，招标文件中没有规定的标准和方法
不得作为评标和中标的依据，这体现了招标投标活动应遵
循的( )原则。","A.公正
B.公平
C.诚实信用
D.公开","
A"
"
单选题","
《招标投标法实施条例》规定，履约保证金不得超过为中
标合同金额的 ( )。","A.5%
B.10%
C.15%
D.25%","
B"
"
单选题","
被更换的评标委员会成员作出的评审结论( ),由更换后的
评标委员会成员重新进行评审。","A.有效
B.无效
C.待定
D.以上均不对","
B"
"
单选题","
编制评标报告时要注意( )。","A.评标报告的要素要符合相关规定要求
B.有不同意见一定要在评标报告上反映
C.所有评委应当在评标报告签字，拒绝签字视同同意
D.以上三条均是","
D"
"
单选题","
标底只能作为评标的( )。","A.参考
B.依据
C.理由
D.以上均不对","
A"
"
单选题","
不同投标人的投标保证金从同一单位或者个人的账户转
出，( )。","A.不视为投标人相互串通投标
B.视为不违法投标行为
C.视为投标人相互串通投标
D.以上均不对","
C"
"
单选题","
不同投标人的投标文件异常一致或者投标报价呈规律性差
异，( )。","A.视为投标人相互串通投标
B.视为不违法投标行为
C.不视为投标人相互串通投标
D.以上均不对","
A"
"
单选题","
不同投标人的投标文件由同一单位或者个人编制，( )。","A.视为投标人相互串通投标
B.视为不违法投标行为
C.不视为投标人相互串通投标
D.以上均不对","
A"
,,,
"
单选题","
不同投标人的投标文件载明的项目管理成员为同一人，( )
。","A.不视为投标人相互串通投标
B.视为不违法投标行为
C.视为投标人相互串通投标
D.以上均不对","
C"
"
单选题","除招标投标法第三十七条第三款规定的特殊招标项目外，
依法必须进行招标的项目，其评标委员会的专家成员应当
从评标专家库内相关专业的专家名单中以( )方式确定。","A.招标人指定方式
B.招标代理机构指定方式
C.随机抽取方式
D.以上均不对","
C"
"
单选题","单位负责人为( )或者存在控股、管理关系的不同单位，不
得参加同一标段投标或者未划分标段的同一招标项目投标
。","A.同一人
B.亲戚
C.朋友
D.同学","
A"
"
单选题","单位负责人为同一人或者存在控股、管理关系的不同单
位，( )同一标段投标或者未划分标段的同一招标项目投标
。","A.可以参加
B.不得参加
C.报招标监管部门后可以参加
D.以上均不对","
B"
"
单选题","
单位负责人为同一人或者存在控股、管理关系的不同单
位，参加同一标段投标的，相关投标( )。","A.无效
B.有效
C.经招标监管部门批准后有效
D.以上均不对","
A"
"
单选题","
对于依法必须招标的项目，下列行为不属于限制和排斥潜
在投标人的是 ( ) 。","A.在本公司和省级指定媒介同时发布了招标公告
B.招标公告要求投标人必须具备项目所在地的相关业绩
C.招标公告要求只有缴纳投标保证金才能购买招标文件
D.招标公告要求投标人必须具备某行业协会颁布的资格
条件","
A"
"
单选题","
对与招标投标活动有关的监察对象的监察由( )依法实施。","A.监察机关
B.招投标监管机构
C.行政监督主管部门
D.审计部门","
A"
"
单选题","法律或者( )对必须进行招标的其他项目的范围有规定的，
依照其规
定。","A.全国人大常委会
B.国务院
C.国务院发展改革部门
D.各级地方政府","
B"
,,,
"
单选题","
根据《评标委员会和评标方法暂行规定》,可以担任评标委
员会成员的 是 ( ) 。","A.投标人的近亲属
B.项目主管部门的人员
C.与招标人没有经济利益关系的人
D.曾因在评标活动中从事违法行为而受到刑事处罚的","
C"
"单选题","

根据《招标投标法》,关于评标专家身份是否应公开，下列
说法符合法律规定的是( )。","A.抽取评标专家名单后进行公示，充分体现了“公开原
则"",有利于对评标专家的监督
B.抽取评标专家名单后不能立即进行公示，只能在开标
时进行公示
C.评标专家作为评委，其身份特殊，应一直对评标专家
的名单进行保密
D.在中标结果确定之前，必须对评标专家进行保密","

D"
"
单选题","
根据《招标投标法》,开标前接收投标文件和开标时检查投
标文件的密封情况，应当依次分别由( )负责。","A.招标人招标人
B.投标人投标人
C.招标人投标人
D.招标人行政监督人员","
C"
"单选题","根据《招标投标法》,评标委员会成员收受投标人的财物或
者其他好处的，向他人透需对投标文件的评审和比较、中
标候选人的推荐以及与评标有关的其他情况的，给予警
告，没收收受的财物，可以并处  ( )的罚款，对有所列违
法行为的评标委员会成员取消担任评标委员会成员的资
格，不得再参加任何依法必须进行招标的项目的评标；构
成犯罪的，依法追究刑事责任。","
A.一千元以上五万元以下
B.三千元以上三万元以下
C.三千元以上五万元以下
D.五千元以上五万元以下","

C"
"
单选题","
根据《招标投标法》,特殊招标项目的评标专家可以由( )
直接确定","A.招标人
B.主管部门
C.招标代理机构
D.行政监督部门","
A"
"单选题","
根据《招标投标法》,下列关于评标纪律的表述中不正确的
是( )。","A.评标委员会成员应客观、公正地履行职务，遵守职业
道德，对所提出的评审意见承担个人责任
B.评标委员会不得私下接触投标人
C.任何单位和个人不得非法干预、影响评标的过程和结
果
D.评标委员会不得透漏评标的标准和原则","

D"
,,,
"
单选题","
根据《招标投标法》,下列关于招标的说法，错误的是( )
。","A.招标方式分为公开招标和邀请招标
B.履行审批手续的项目不一定需要招标
C.招标应当具备法定的条件方可进行
D.依法进行招标的项目必须委托招标","
D"
"
单选题","
根据《招标投标法》,下列关于招标的说法中，错误的是(
)。","A.招标方式分为公开招标和邀请招标
B.履行审批手续的项目不一定需要招标
C.招标应当具备法定的条件方可进行
D.依法进行招标的项目必须委托招标","
D"
"
单选题","
根据《招标投标法》,下列招标项目中允许自然人投标的是
( )。","A.设计项目招标
B.监理项目招标
C.绿化工程项目招标
D.科研项目招标","
D"
"
单选题","
根据《招标投标法》,在评标过程中只有( )能够启动澄清
程序。","A.评标委员会
B.招标人
C.招标代理机构
D.行政监督部门","
A"
"
单选题","
根据《招标投标法》的规定，联合体的资质等级采取( )的
原则。","A.就高不就低
B.优等资质
C.就低不就高
D.其综合资质","
C"
"
单选题","
根据《招标投标法》的规定，下列关于招标的说法，正确
的是( )。","A.招标方式分为公开招标、邀请招标和竞争性谈判
B.履行审批手续的项目必须招标
C.招标应当具备法定的条件方可进行
D.依法进行招标的项目必须委托招标","
C"
"
单选题","
根据《招标投标法》的相关规定，确定中标人的权利归属
于( )。","A.招标人
B.评标委员会
C.招标代理机构
D.行政监督部门","
A"
,,,
"单选题","

根据《招标投标法》规定，下列关于联合体投标的变更表
述中不正确的是 ( ) 。","A.联合体成员的变更必须在投标截止时间之前得到招标
人同意
B.联合体各方应当在招标人进行资格预审时，向招标人
提出组成联合体的申请
C.招标人可通过相关法律规定强制要求资格预审合格的
投标人组成联合体
D.通常情况下，变更后的联合体资质发生降低或影响到
招标竞争性时，招标人有权拒绝","

C"
"单选题","
根据《招标投标法》规定，下列关于投标文件的送达表
述，不正确的是 ( ) 。","A.投标文件必须在招标文件规定的投标截止时间之前送
达
B.投标人递送投标文件的方式可以直接送达，也可以通
过邮寄方式送达
C.邮寄方式送法应以邮戳时间为准
D.投标人因为递交地点发生错误而逾期送达投标文件","

C"
"单选题","

根据《招标投标法》规定，下列关于投标文件的送达和签
收的表述，不正确的是( )。","的，将被招标人拒绝接收
A.在招标文件要求提交投标文件的截止时间后送达的投
标文件，招标人应当拒收
B.招标人收到投标文件后，应当签收保存，不得开启
C.投标人递送投标文件的方式只可通过直接送达方式，
不能用快递等方式送达
D.如果投标文件没有按照招标文件要求的时间送达，招
标人无权拒收","

CD"
"单选题","

根据《招标投标法实施条例》,关于两阶段招标的说法正确
的是( )","A.第一阶段提交不带报价的技术建议、第二阶段提交不
带报价的最终技术方案
B.第一阶段提交不带报价的技术建议、第二阶段提交最
终技术方案和投标报价
C.第一阶段提交带报价的技术建议、第二阶段提交不带
报价的最终技术方案
D.第一阶段提交带报价的技术建议、第二阶段提交最终
技术方案和投标报价","

B"
"
单选题","
根据《招标投标法实施条例》,关于履约保证金的说法正确
的是( )","A.履约保证金是法定权力
B.中标人不按照招标文件的要求缴纳履约保证金，招标
人可以拒绝同其签订书面合同
C.可以要求履约保证金为合同价的15%
D.履约保证金只能以现金的方式缴纳","
B"
,,,
"单选题","

根据《招标投标法实施条例》,关于终止招标，下列说法中
错误的是( )。","A.招标人终止招标应发公告或以书面形式通知相关潜在
投标人
B.终止招标后招标人对已经收取的保证金及其银行同期
存款利息应当及时退还
C.终止招标后招标人应当退还购买资格预审文件、招标
文件的费用及其同期银行贷款利息
D.启动终止招标程序的主体是招标人","

C"
"单选题","
根据《招标投标法实施条例》的规定，下列关于资格预审
文件发售时间的说法中，正确的是( )。","A.由招标人在资格预审文件中自行规定
B. 自发售之日起至停止出售之日止最短不得少于5日
C.停止出售之日应在资格预审申请文件提交截止时间15
天前
D.停止出售之日应与资格预审申请文件提交截止时间相
同","

B"
"
单选题","根据《招标投标法实施条例》规定，按照国家有关规定需
要履行项目审批、核准手续的依法必须进行招标的项目，
其招标范围、招标方式、招标组织形式应当报( )审批、核
准。","A.住房城乡建设部
B.招标人上级单位
C.项目审批、核准部门
D.省级人民政府","
C"
"
单选题","
根据《招标投标法实施条例》规定，履约保证金的形式通
常为( )。","A.支票、汇票、履约担保函
B.支票、汇票、股票、履约担保函
C.汇票、股票、存款单
D.支票、汇票、债券、履约担保函","
A"
"
单选题","
根据《招标投标法实施条例》规定，投标有效期应从( )起
计算。","A.招标文件规定的提交投标文件截止之日
B.投标函标明的签章日期
C.投标保证金提交之日
D.确定中标结果之日","
A"
"
单选题","
根据《中华人民共和国招标投标法》,评标委员会成员的名
单在中标结果确定前应当( )。","A.公开
B.保密
C.告知投标人
D.网络征集","
B"
"单选题","
根据国家相关法律规定，下列关于投标保证金的说法正确
的是( )。","A.投标保证金只能以保函形式提交
B.投标保证金的保证范围可以由招标人在招标文件中规
定
C.投标保证金在中标通知书到达中标人之日生效
D.投标保证金即定金","

B"
,,,
"
单选题","
公开招标项目中，评标委员会由采购人代表和评审专家组
成，成员人数应当为( )人以上单数。","A.3人
B.5人
C.7人
D.9人","
B"
"
单选题","
关于开标的程序和内容中，下列选项顺序正确的一项是( )
。","A.密封情况检查-公证-拆封-唱标
B.密封情况检查-拆封-公证-唱标
C.密封情况检查-拆封-唱标-记录并存档
D.密封情况检查-拆封-公证-记录并存档","
C"
"单选题","

关于投标文件的构成的编制，下列说法正确的是( )。","A.投标文件应当全面响应招标文件提出的实质性要求和
条件
B.工程施工项目的投标文件必须包括用于完成招标项目
的机械设备和分包人名单
C.联合体投标的，投标文件应包括每个联合体成员提供
的投标函
D.机电产品国际招标项目，投标文件应包括经公证的授
权委托书","

A"
"
单选题","国家工作人员利用职务便利，以直接或者间接、明示或者
暗示等任何方式非法干涉招标投标活动，依法给予( )处分
。","A.记过或者记大过
B.记过
C.记大过
D.警告或者严重警告","
A"
"
单选题","
国家鼓励利用信息网络进行( )。","A.电子招标投标
B.互联网招标投标
C.线上招标投标
D.以上均不对","
A"
"
单选题","
开标地点应当为招标文件中( )。","A.预先确定的地点
B.开标时确定的地点
C.开标时招标人指定的地点
D.以上均不对","
A"
"
单选题","
开标应当在招标文件确定的提交投标文件( )公开进行。","A.截止时间之后
B.截止时间之后的某一时间
C.截止时间的同一时间
D.以上均不对","
C"
,,,
"
单选题","
开标由( )主持，邀请所有投标人参加。","A.招标人
B.投标人
C.招标代理机构
D.以上均不对","
A"
"
单选题","
联合体( )均应当具备承担招标项目的相应能力。","A.一方
B.各方
C.相加
D.以上均不对","
B"
"
单选题","
联合体各方在同一招标项目中以自己名义单独投标或者参
加其他联合体投标的，相关( )。","A.投标均有效
B.投标均无效
C.与招标人沟通得到同意后投标有效
D.以上均不对","
B"
"
单选题","评标报告应当由评标委员会全体成员签字。评标委员会成
员拒绝在评标报告上签字又不书面说明其不同意见和理由
的，视为( )。","A.不同意评标结果
B.同意评标结果
C.退出本次评标
D.本次评标失败","
B"
"
单选题","
评标过程中，评标委员会成员有回避事由、擅离职守或者
因健康等原因不能继续评标的，( )更换。","A.可以进行
B.应当及时
C.不需要
D.以上均不对","
B"
"
单选题","
评标委员会不得接受投标人( )的澄清、说明。","A.主动提出
B.被动提出
C.受邀请提出
D.以上均不对","
A"
"
单选题","评标委员会成员收受投标人的财物或者其他好处的，没收
收受的财物，处( )的罚款，取消担任评标委员会成员的资
格。","A.3000元以上2万元以下
B.5000元以上3万元以下
C.3000元以上5万元以下
D.5000元以上5万元以下","
C"
"
单选题","
评标委员会成员与投标人有利害关系的，( )。","A.可以回避
B.不需回避
C.应当主动回避
D.以上均不对","
C"
,,,
"
单选题","
评标委员会应当按照( ),对投标文件进行评审和比较。","A.评标委员会成员的经验
B.招标人监管机构的规定
C.招标人的要求
D.按照招标文件确定的评标标准和方法","
D"
"
单选题","
评标由( )依法组建的评标委员会负责。","A.招标人
B.投标人
C.招标代理机构
D.招标监管部门","
A"
"
单选题","
评标专家专业分类具体的标准和管理办法，由( )会同国务
院有关部门制定。","A.财政监管部门
B.国务院国家发展改革部门
C.国务院
D.全国人大","
B"
"
单选题","
潜在投标人或者其他利害关系人对招标文件有异议的，应
当在投标截止时间( )前提出。","A.2日
B.3日
C.5日
D.10日","
D"
"
单选题","
潜在投标人或者其他利害关系人对资格预审文件有异议
的，应当在提交资格预审申请文件截止时间( )前提出。","A.2日
B.3日
C.5日
D.7日","
A"
"
单选题","潜在投标人在购买招标文件时就提交了投标保证金，但在
投标文件提交截止时间前没有提交投标文件，投标人将承
担的后果是( )。","A.投标保证金被没收
B.被记入违约黑名单
C.不承担法律责任
D.造成本次招标失败的，应当赔偿招标人损失","
C"
"
单选题","
任何单位和个人不得将依法必须进行( )的项目化整为零或
者以其他任何方式规避招标。","A.竞争性谈判
B.招标
C.询价
D.单一来源采购","
B"
"
单选题","任何单位和个人不得违法限制或者排斥本地区、本系统( )
的法人或者其他组织参加投标，不得以任何方式非法干涉
招标投标活动。","A.以上
B.以下
C.以外
D. 以内","
C"
,,,
"
单选题","任何单位和个人不得违法限制或者排斥本地区、本系统以
外的法人或者其他组织参加( ),不得以任何方式非法干涉
招标投标活动。","A.招标
B.投标
C.开标
D.以上均不对","
B"
"
单选题","
属于同一集团、协会、商会等组织成员的投标人按照该组
织要求协同投标 ，   ( ) 。","A.属于不违法投标行为
B.不属于投标人相互串通投标
C.属于投标人相互串通投标
D.以上均不对","
C"
"
单选题","
通过资格预审的申请人少于( )个的，应当重新招标。","A.3
B.5
C.7
D.以上均不对","
A"
"
单选题","
同一投标人提交两个以上不同的投标文件或者投标报价，
且招标文件未要求提交备选投标的，评标委员会( )。","A.可以否决其投标
B.不能否决其投标
C.经招标人同意后否决其投标
D.应当否决其投标","
D"
"
单选题","
投标保证金有效期应当与( )一致。","A.资格预审有效期
B.招标有效期
C.投标有效期
D.以上均不对","
C"
"
单选题","
投标报价低于成本或者高于招标文件设定的最高投标限价
的，评标委员会( )。","A.应当否决其投标
B.可以否决其投标
C.不能否决其投标
D.经招标人同意后否决其投标","
A"
"
单选题","
投标联合体没有提交共同投标协议的，评标委员会( )。","A.可以否决其投标
B.应当否决其投标
C.不能否决其投标
D.经招标人同意后否决其投标","
B"
"
单选题","
投标人( )按照招标文件的要求编制投标文件。","A.可以
B.能够
C.应当
D.以上均不对","
C"
,,,
"
单选题","
投标人( )以低于成本的报价竞标。","A.可以
B.不得
C.能够
D.以上均不对","
B"
"
单选题","
投标人( )以他人名义投标，骗取中标。","A.可以
B.能够
C.不得
D.以上均不对","
C"
"
单选题","
投标人不符合国家或者招标文件规定的资格条件的，评标
委员会( )","A.可以否决其投标
B.不能否决其投标
C.应当否决其投标
D.经招标人同意后否决其投标","
C"
"
单选题","
投标人不再具备资格预审文件、招标文件规定的资格条件
或者其投标影响招标公正性的，其( )。","A.投标有效
B.投标无效
C.与招标人沟通得到同意后投标有效
D.以上均不对","
B"
"
单选题","
投标人参加( )进行招标的项目的投标，不受地区或者部门
的限制，任何单位和个人不得非法干涉。","A.依法能够
B.依法可以
C.依法必须
D.以上均不对","
C"
"
单选题","
投标人参加依法必须进行招标的项目的投标，( ),任何单
位和个人不得非法干涉。","A.不受地区或者部门的限制
B.受地区和部门的限制
C.不受任何限制
D.以上均不对","
A"
"
单选题","
投标人参加依法必须进行招标的项目的投标，不受地区或
者部门的限制，( )干涉。","A.招标人可以
B.招标监管部门可以
C.任何单位和个人不得非法
D.以上均不对","
C"
"
单选题","
投标人对开标有异议的，应当在( )提出。","A.预先确定的地点
B.开标现场
C.招标人指定的地点
D.以上均不对","
B"
,,,
"
单选题","
投标人根据招标文件载明的项目实际情况，拟在中标后将
中标项目的( )进行分包的，应当在投标文件中载明。","A.主体部分
B.关键性工作
C.所有非主体、非关键性工作
D.部分非主体、非关键性工作","
D"
"
单选题","投标人根据招标文件载明的项目实际情况，拟在中标后将
中标项目的部分非主体、非关键性工作进行分包的，( )在
投标文件中载明。","A.应当
B.能够
C.可以
D.以上均不对","
A"
"
单选题","
投标人或者其他利害关系人对依法必须进行招标的项目的
评标结果有异议的，应当在( )提出。","A.开标现场
B.评标现场
C.中标候选人公示期间
D.中标通知书发出后","
C"
"单选题","

投标人使用伪造、变造的许可证件，属于( )。","A.属于《招标投标法》第三十三条规定的以其他方式弄
虚作假的行为
B.不属于《招标投标法》第三十三条规定的以其他方式
弄虚作假的行为
C.不属于违法行为
D.以上均不对","

A"
"单选题","

投标人提供虚假的财务状况或者业绩，属于( )。","A.不属于《招标投标法》第三十三条规定的以其他方式
弄虚作假的行为
B.属于《招标投标法》第三十三条规定的以其他方式弄
虚作假的行为
C.不属于违法行为
D.以上均不对","

B"
"单选题","

投标人提供虚假的项目负责人或者主要技术人员简历、劳
动关系证明，属于( )。","A.不属于违法行为
B.不属于《招标投标法》第三十三条规定的以其他方式
弄虚作假的行为
C.属于《招标投标法》第三十三条规定的以其他方式弄
虚作假的行为
D.以上均不对","

C"
,,,
"单选题","

投标人提供虚假的信用状况，属于( )。","A.属于《招标投标法》第三十三条规定的以其他方式弄
虚作假的行为
B.不属于《招标投标法》第三十三条规定的以其他方式
弄虚作假的行为
C.不属于违法行为
D.以上均不对","

A"
"
单选题","
投标人应当在招标文件要求提交投标文件的截止时间前，
将投标文件送达( )。","A.招标代理机构
B.招标人单位
C.投标地点
D.以上均不对","
C"
"
单选题","
投标人有串通投标行为的，评标委员会( )。","A.可以否决其投标
B.不能否决其投标
C.应当否决其投标
D.经招标人同意后否决其投标","
C"
"
单选题","
投标人有弄虚作假、行贿等违法行为的，评标委员会( )。","A.可以否决其投标
B.不能否决其投标
C.经招标人同意后否决其投标
D.应当否决其投标","
D"
"
单选题","
投标人有行贿行为的，评标委员会( )。","A.应当否决其投标
B.可以否决其投标
C.不能否决其投标
D.经招标人同意后否决其投标","
A"
"
单选题","
投标人之间为谋取中标或者排斥特定投标人而采取的其他
联合行动，( )。","A.属于不违法投标行为
B.属于投标人相互串通投标
C.不属于投标人相互串通投标
D.以上均不对","
B"
"
单选题","
投标人之间协商投标报价等投标文件的实质性内容，( )。","A.属于投标人相互串通投标
B.属于不违法投标行为
C.不属于投标人相互串通投标
D.以上均不对","
A"
"
单选题","
投标人之间约定部分投标人放弃投标或者中标，( )。","A.属于不违法投标行为
B.属于投标人相互串通投标
C.不属于投标人相互串通投标
D.以上均不对","
B"
,,,
"
单选题","
投标人之间约定中标人，( )。","A.属于投标人相互串通投标
B.属于不违法投标行为
C.不属于投标人相互串通投标
D.以上均不对","
A"
"
单选题","
投标文件( )对招标文件提出的实质性要求和条件作出响应
。","A.应当
B.能够
C.可以
D.以上均不对","
A"
"
单选题","
投标文件没有对招标文件的实质性要求和条件作出响应
的，评标委员会( )。","A.可以否决其投标
B.应当否决其投标
C.不能否决其投标
D.经招标人同意后否决其投标","
B"
"
单选题","
投标文件未经投标单位盖章和单位负责人签字的，评标委
员会( )。","A.应当否决其投标
B.可以否决其投标
C.不能否决其投标
D.经招标人同意后否决其投标","
A"
"
单选题","违反本法规定，必须进行招标的项目而不招标的，将必须
进行招标的项目化整为零或者以其他任何方式规避招标
的，责令限期改正，可以处项目合同金额( )以下的罚款。","A.千分之三以上千分之五以下
B.千分之三以上千分之十以下
C.千分之五以上千分之十以下
D.千分之五以上千分之二十以下","
C"
"单选题","
下列关于《招标投标法》适用范围的说法中，正确的是( )
。","A.适用于我国境内进行的招标投标活动
B.在我国香港、澳门特别行政区也适用
C.只适用于我国境内进行的工程建设项目的招标投标活
动
D.使用国际组织贷款的项目也必须适用","

A"
"
单选题","
下列关于《招标投标法》适用范围的说法中，正确的是( )
。","A.在我国澳门特别行政区也适用
B.在我国香港特别行政区也适用
C.适用于我国境内进行的招标投标活动
D.适用于我国境内进行的所有政府采购活动","
C"
,,,
"
单选题","
下列关于必须进行招标项目的说法中，错误的是( )。","A. 《招标投标法》原则上规定了必须进行招标项目的范
围
B.必须进行招标项目就是必须公开招标的项目
C.使用国有资金投资的项目属于必须进行招标项目
D.不同类型项目必须进行招标的具体范围是不同的","
B"
"单选题","

下列关于评标委员会评标时的做法中，正确的是( )。","A.评标委员会可以接受投标人主动提出的澄清、说明
B.评标委员会成员可以向招标人征询确定中标人的意向
C.评标委员会成员按照招标文件规定的评标标准和方法
进行评标
D.评标委员会成员按照招标文件规定的评标标准和方法
制定的评标细则进行评标","

C"
"单选题","

下列关于投标人对投标文件修改的说法中，正确的是( )。","A.投标人提交投标文件后不得修改其投标文件
B.投标人可以利用评标过程中对投标文件澄清的机会修
改其投标文件，且修改内容应当作为投标文件的组成部
分
C.投标人对投标文件的修改，可以使用单独的文件进行
密封、签署并提交
D.投标人修改投标文件的，招标人有权接受较原投标文","

C"
"单选题","

下列关于投标人对投标文件修改的说法中，正确的是( )。","件更为优惠的修改并拒绝对招标人不利的修改
A.投标人提交投标文件后不得修改其投标文件
B.投标人可以利用评标过程中对投标文件澄清的机会修
改其投标文件，且修改内容应当作为投标文件的组成部
分
C.投标人对投标文件的修改，可以使用单独的文件进行
密封、签署并提交
D.投标人修改投标文件的，招标人有权接受较原投标文","

C"
"
单选题","
下列哪一项不属于《招标投标法》的立法目的( )。","件更为优惠的修改并拒绝对招标人不利的修改
A.为了规范招标投标活动
B.保护国家利益、社会公共利益和招标投标活动当事人
的合法权益
C.提高经济效益
D.降低工程造价","
D"
,,,
"
单选题","
下列哪一项不属于《招标投标法》的立法目的( )。","A.为了规范招标投标活动
B.保证工程建设项目
C.保护国家利益、社会公共利益和招标投标活动当事人
的合法权益
D.保证项目质量","
B"
"
单选题","
下列哪一项不属于《招标投标法》的立法目的( )。","A.促进廉政建设
B.保护国家利益、社会公共利益和招标投标活动当事人
的合法权益
C.提高经济效益
D.保证项目质量","
A"
"
单选题","
下列哪一项属于《招标投标法》的立法目的( )。","A.促进廉政建设
B.保证工程建设项目
C.为了规范招标投标活动
D.降低工程造价","
C"
"
单选题","
项目审批、核准部门应当及时将审批、核准确定的招标范
围、招标方式、招标组织形式通报( )。","A.项目主管部门
B.招投标监管部门
C.住房城乡建设部门
D.有关行政监督部门","
D"
"
单选题","
需要采用不可替代的专利或者专有技术的，可以进行( )。","A.招标
B.竞争性谈判
C.询价
D.单一来源采购","
D"
"
单选题","
需要向原中标人采购工程、货物或者服务，否则将影响施
工或者功能配套要求，可以不进行( )。","A.单一来源采购
B.竞争性谈判
C.招标
D.询价","
C"
"
单选题","
一个集团公司的两家子公司参加未划分标段的同一招标项
目投标，相关投标( )。","A.有效
B.无效
C.经招标监管部门批准后有效
D.以上均不对","
B"
"
单选题","
一个招标项目只能有( )标底。","A.一个
B.两个
C.三个
D.以上均不对","
A"
,,,
"
单选题","
依法必须进行招标的项目，其招标投标活动不受( )或者部
门的限制。","A.地区
B.级别
C.法律
D.以上均不对","
A"
"
单选题","
依法必须进行招标的项目，自( )起至投标人提交投标文件
截止之日止，最短不得少于二十日。","A.招标文件开始发出之日
B.招标文件制定完成之日
C.招标文件报主管部门之日
D.以上均不对","
A"
"
单选题","
依法必须进行招标的项目的境内投标单位，以现金或者支
票形式提交的投标保证金应当从其( )转出。","A.银行账户
B.基本账户
C.专项账户
D.以上均不对","
B"
"
单选题","
依法必须招标的项目，评标委员会成员未在评标报告中陈
述不同意见和理由，也拒绝签字的，视为( )。","A.同意评标结论
B.评标结论待定
C.弃权
D.保留意见","
A"
"
单选题","
已通过招标方式选定的特许经营项目投资人依法能够自行
建设、生产或者提供，可以不进行( )。","A.单一来源采购
B.竞争性谈判
C.询价
D.招标","
D"
"
单选题","
由同一专业的单位组成的联合体，按照( )的单位确定资质
等级。","A.资质等级较低
B.资质等级较高
C.联合体资质
D.以上均不对","
A"
"
单选题","
与( )存在利害关系可能影响招标公正性的法人、其他组织
或者个人，不得参加投标。","A.招标人
B.招标人上级部门
C.招标监管机构
D.以上均不对","
A"
"
单选题","
预算金额为1200万的电梯项目，评标委员会成员人数应为(
)","A.3人以上单数
B.5人以上单数
C.7人以上单数
D.9人以上单数","
C"
,,,
"
单选题","
在中华人民共和国境内进行大型基础设施、公用事业等关
系社会公共利益、公众安全的项目的采购，必须进行( )。","A.竞争性谈判
B.询价
C.单一来源采购
D.招标","
D"
"
单选题","
招标投标活动应当遵循公开、( )的原则。","A.独立、自主和诚实信用
B.独立、公正和维护公共利益
C.公平、公正和诚实信用
D.公平、公正和维护公共利益","
C"
"
单选题","
招标投标活动应当遵循公开、公平、公正和( )的原则。","A.独立
B. 自主
C.诚实信用
D.以上均不对","
C"
"
单选题","
招标文件( )要求或者标明特定的生产供应者以及含有倾向
或者排斥潜在投标人的其他内容。","A.不得
B.可以
C.能够
D.以上均不对","
A"
"
单选题","
招标文件不得要求或者标明特定的生产供应者以及含有倾
向或者排斥( )的其他内容。","A.供应商
B.投标人
C.潜在投标人
D.以上均不对","
C"
"
单选题","
招标文件没有规定的评标标准和方法( )作为评标的依据。","A.可以
B.能够
C.不得
D.以上均不对","
C"
"
单选题","
招标文件要求投标人提交的，投标保证金应当( )。","A.不得超过招标项目估算价的1%
B.不得超过招标项目估算价的2%
C.不得超过投标报价的1%
D.不得超过投标报价的2%","
B"
"
单选题","
招标文件要求中标人提交履约保证金的，中标人( )。","A.可以提交
B.需要提交
C.应当提交
D.以上均不对","
C"
,,,
"
单选题","
招标项目按照国家有关规定需要履行项目审批手续的，( )
先履行审批手续，取得批准。","A.应当
B.可以
C.能够
D.以上均不对","
A"
"
单选题","
中标候选人应当不超过3个，( )。","A.并标明排序
B.不需要标明排序
C.不能够标明排序
D.以上均不对","
A"
"
单选题","
中标人违反规定将中标项目的部分主体、关键性工作分包
给他人的，处转让、分包项目金额( )以下的罚款。","A.5‰以上10‰以下
B.3%以上5%以下
C.1%以上3%以下
D.1%以上5%以下","
A"
"
多选题","《招标投标法》第三十七条第三款所称特殊招标项目，是
指( ),采取随机抽取方式确定的专家难以保证胜任评标工
作的项目。","A.招标人级别较高
B.技术复杂
C.专业性强
D.国家有特殊要求","
BCD"
"
多选题","《招标投标法》规定，招标文件中没有规定的标准和方法
不得作为评标和中标的依据，下列那些选项不属于该规定
体现的原则。( )","A.公正
B.公平
C.诚实信用
D.公开","
BCD"
"多选题","

根据《招标投标法》,关于评标专家身份是否应公开，下列
说法不符合法律规定的是( )。","A.抽取评标专家名单后进行公示，充分体现了“公开原
则”,有利于对评标专家的监督
B.抽取评标专家名单后不能立即进行公示，只能在开标
时进行公示
C.评标专家作为评委，其身份特殊，应一直对评标专家
的名单进行保密
D.在中标结果确定之前，必须对评标专家进行保密","

ABC"
"
多选题","
根据《招标投标法》,下列关于评标纪律的表述中正确的是
( )。","A.评标委员会成员应客观、公正地履行职务，遵守职业
道德，对所提出的评审意见承担个人责任
B.评标委员会不得私下接触投标人
C.任何单位和个人不得非法干预、影响评标的过程和结
果","
ABC"
D.评标委员会不得透漏评标的标准和原则,,,
,,,
"
多选题","
根据《招标投标法》规定，有关评标专家占评标委员会总
人数的比例，错误的是( )。","A.1/3
B.1/2
C.2/3
D.3/5","
ABD"
"
多选题","某大学图书馆建设项目，评标由甲、乙、丙、丁、戊组成
的评标委员会负责。下列有关他们的行为不符合《招标投
标法》规定的有。( )","A.甲接受某投标单位的请客吃饭
B.乙为某投标单位的法律顾问，坚持秉公参与评标
C.丙在校领导的授意下，向某投标单位泄露标底
D.丁戊接受某投标单位提供的欧洲旅游","
ABCD"
"
多选题","某依法必须招标的机电产品国际招标项目，评标委员会组
成为：招标代表1人，招标机构代表1人。技术、经济方面
的专家5人。关于该项目评标委员会成员的组成，下列说法
错误的是( )。","A.不应包括招标机构代表
B.不应包括招标人代表
C.评标委员会组成符合相关法律规定
D.技术、经济方面的专家所占比例过低","
BCD"
"
多选题","
哪些属于评标委员会必须遵守的规则。( )","A.不得私下接触投标人
B.不得收受投标人给予的财物或者其他好处
C.不得向招标人征询确定中标人的意向
D.不得接受任何单位或者个人明示或者暗示提出的倾向
或者排斥特定投标人的要求","
ABCD"
"
多选题","
哪些属于评标委员会必须遵守的规则。( )","A.不得有不客观履行职务的行为
B.不得有不公正履行职务的行为
C.不得接受任何单位或者个人明示提出的倾向
D.不得接受任何单位或者个人暗示提出的倾向","
ABCD"
"多选题","

评标委员会成员禁止行为有哪些，下面描述准确的是( )","A.评标委员会成员收受投标人的财物或者其他好处的
B.评标委员会成员或者参加评标的有关工作人员向他人
透露对投标文件的评审和比较情况
C.评标委员会成员或者参加评标的有关工作人员向他人
透露中标候选人的推荐情况
D.评标委员会成员或者参加评标的有关工作人员向他人
透露评标有关的其他情况的","

ABCD"
"
多选题","
评标委员会成员收受投标人的财物或者其他好处的，可以
处罚的金额不包括( )","A.3000元以上2万元以下
B.5000元以上3万元以下
C.3000元以上5万元以下
D.5000元以上5万元以下","
ABD"
,,,
"
多选题","评标委员会成员应当依照《招标投标法》和《招标投标法
实施条例》规定，按照招标文件规定的( ),客观、公正地
对投标文件提出评审意见。","A.招标标准
B.招标方法
C.评标标准
D.评标方法","
CD"
"
多选题","
评标委员会的专家成员应当必须满足哪些条件?( )","A.从事相关领域工作满五年并具有高级职称
B.从事相关领域工作满五年并具有同等专业水平
C.从事相关领域工作满八年并具有高级职称
D.从事相关领域工作满八年并具有同等专业水平","
CD"
"
多选题","
评标委员会针对投标文件，可以要求投标人( )。","A.对投标文件中含义不明确的内容建议投标人更换投标
文件
B.对投标文件中含义不明确的内容作必要的澄清
C.对投标文件中含义不明确的内容作必要的说明
D.撤回投标文件","
BC"
"
多选题","
投标文件中存在哪些情况，评标委员会可以书面通知投标
人作出澄清或者说明。( )","A.有含义不明确的内容
B.有明显文字错误
C.有明显计算错误
D.有漏掉回应实质性内容","
ABC"
"
多选题","
下列哪些不属于《招标投标法》规定的可以直接确定特殊
招标项目评标专家的主体。( )","A.招标人
B.主管部门
C.招标代理机构
D.行政监督部门","
BCD"
"
多选题","
下列哪些不属于《招标投标法》规定的可以组建评标委员
会的主体。( )","A.招标人
B.投标人
C.招标代理机构
D.招标监管部门","
BCD"
"
多选题","
下列哪些情况需要在评标过程中更换评标委员会成员。( )","A.评标委员会成员有回避事由
B.评标委员会成员擅离职守
C.评标委员会成员因健康等原因不能继续评标的
D.评标委员会成员涉嫌犯罪被刑事拘留的","
ABCD"
"
多选题","
下列哪些情形，评标委员会应当否决其投标。( )","A.投标文件未经投标单位盖章和单位负责人签字
B.投标联合体没有提交共同投标协议
C.投标人不符合国家或者招标文件规定的资格条件
D.同一投标人提交两个以上不同的投标文件或者投标报
价，但招标文件要求提交备选投标的除外","
ABCD"
,,,
"多选题","

下列哪些情形，评标委员会应当否决其投标。( )","A.投标联合体没有提交共同投标协议
B.投标人不符合国家或者招标文件规定的资格条件
C.同一投标人提交两个以上不同的投标文件或者投标报
价，但招标文件要求提交备选投标的除外
D.投标报价低于成本或者高于招标文件设定的最高投标
限价","

ABCD"
"多选题","

下列哪些情形，评标委员会应当否决其投标。( )","A.投标人不符合国家或者招标文件规定的资格条件
B.同一投标人提交两个以上不同的投标文件或者投标报
价，但招标文件要求提交备选投标的除外
C.投标报价低于成本或者高于招标文件设定的最高投标
限价
D.投标文件没有对招标文件的实质性要求和条件作出响","

ABCD"
"多选题","

下列哪些情形，评标委员会应当否决其投标。( )","应
A.同一投标人提交两个以上不同的投标文件或者投标报
价，但招标文件要求提交备选投标的除外
B.投标报价低于成本或者高于招标文件设定的最高投标
限价
C.投标文件没有对招标文件的实质性要求和条件作出响
应","

ABCD"
"
多选题","
依法必须进行招标的项目，其评标委员会由( )组成。","D.投标人有串通投标、弄虚作假、行贿等违法行为
A.招标人的代表
B.有关技术专家
C.有关经济专家
D.招标监管部门代表","
ABC"
"
多选题","
有关投标人回应评标委员会而对投标文件作出的澄清或者
说明，下列哪些说法是正确的。( )。","A.澄清或者说明不得超出投标文件的范围
B.澄清或者说明可以超出投标文件的范围
C.澄清或者说明不得改变投标文件的实质性内容
D.澄清或者说明可以改变投标文件的实质性内容","
AC"
"
多选题","
预算金额为1200万的电梯项目，有关评标委员会成员人数
说法错误的 是 ( )","A.3人以上单数
B.5人以上单数
C.7人以上单数
D.7人以上双数","
ABD"
"
判断题","《招标投标法》第三十七条第三款所称特殊招标项目，是
指技术复杂、专业性强或者国家有特殊要求，采取随机抽
取方式确定的专家难以保证胜任评标工作的项目。( )","A.对
B.错","
A"
,,,
判断题,"《招标投标法》原则上规定了必须进行招标项目的范围。(
)","A.对
B.错",A
判断题,"《中华人民共和国招标投标法》适用于我国境内进行的招
标投标活动。( )","A.对
B.错",A
判断题,"被更换的评标委员会成员作出的评审结论仍有效，由更换
后的评标委员会成员接着评审。( )","A.对
B.错",B
判断题,必须进行招标项目就是必须公开招标的项目。( ),"A.对
B.错",B
判断题,标底应当作为评标的依据。( ),"A.对
B.错",B
判断题,不同类型项目必须进行招标的具体范围是不同的。( ),"A.对
B.错",A
判断题,"不同投标人的投标保证金从同一单位或者个人的账户转
出，视为投标人相互串通投标。( )","A.对
B.错",A
判断题,"不同投标人的投标文件相互混装，视为投标人相互串通投
标。( )","A.对
B.错",A
判断题,"不同投标人的投标文件异常一致或者投标报价呈规律性差
异，视为不违法投标行为。( )","A.对
B.错",B
判断题,"不同投标人的投标文件由同一单位或者个人编制，不视为
投标人相互串通投标。( )","A.对
B.错",B
判断题,"不同投标人的投标文件载明的项目管理成员为同一人，视
为投标人相互串通投标。( )","A.对
B.错",A
"
判断题","采用综合评分法评审的政府采购货物招标项目，中标候选
人评审的得分相同时，其排名应按照投标报价由低到高顺
序排列。( )","A.对
B.错","
A"
"
判断题","除招标投标法第三十七条第三款规定的特殊招标项目外，
依法必须进行招标的项目，其评标委员会的专家成员应当
从评标专家库内相关专业的专家名单中以随机抽取方式方
式确定。( )","
A.对
B.错","
A"
"
判断题","单位负责人为同一人或者存在控股、管理关系的不同单
位，不得参加同一标段投标或者未划分标段的同一招标项
目投标。( )","A.对
B.错","
A"
判断题,"对与招标投标活动有关的监察对象的监察由监察机关依法
实施。( )","A.对
B.错",A
,,,
判断题,"法律、行政法规或者国务院对必须进行招标的其他项目的
范围有规定的，依照其规定。( )","A.对
B.错",B
判断题,"根据《招标投标法》,在评标过程中只有评标委员会能够启
动澄清程序。( )","A.对
B.错",A
判断题,"根据《招标投标法》的相关规定，确定中标人的权利归属
于评标委员会。( )","A.对
B.错",B
判断题,"根据《招标投标法》规定，招标方式分为公开招标和邀请
招标。( )","A.对
B.错",A
"
判断题","根据《招标投标法实施条例》的规定，资格预审文件发售
时间从自发售之日起至停止出售之日止最短不得少于5日。
( )","A.对
B.错","
A"
"
判断题","根据《招标投标法实施条例》规定，按照国家有关规定需
要履行项目审批、核准手续的依法必须进行招标的项目，
其招标范围、招标方式、招标组织形式应当报项目审批、
核准部门审批、核准。( )","
A.对
B.错","
A"
判断题,"根据《招标投标法实施条例》规定，投标有效期应从招标
文件规定的提交投标文件截止之日起计算。( )","A.对
B.错",A
判断题,国家实行统一的评标专家专业分类标准和管理办法。( ),"A.对
B.错",A
判断题,"国家有关规定对投标人资格条件或者招标文件对投标人资
格条件有规定的，投标人应当具备规定的资格条件。( )","A.对
B.错",A
判断题,"国家有关规定或者招标文件对投标人资格条件有规定的，
联合体各方均应当具备规定的相应资格条件。( )","A.对
B.错",A
判断题,"国务院对特定招标项目的评标有特别规定的，从其规定。(
)","A.对
B.错",A
判断题,"国务院发展改革部门确定的国家重点项目不适宜公开招标
的，经国务院发展改革部门批准，可以进行邀请招标。( )","A.对
B.错",A
判断题,开标地点应当为招标文件中预先确定的地点。( ),"A.对
B.错",A
判断题,"开标时，由投标人或者其推选的代表检查投标文件的密封
情况。( )","A.对
B.错",A
判断题,"开标应当在招标文件确定的提交投标文件截止时间的同一
时间公开进行。( )","A.对
B.错",A
,,,
判断题,联合体各方均应当具备承担招标项目的相应能力。( ),"A.对
B.错",A
判断题,"联合体各方在同一招标项目中以自己名义单独投标或者参
加其他联合体投标的，相关投标均有效。( )","A.对
B.错",B
判断题,"两个以上法人或者其他组织可以组成一个联合体，以一个
投标人的身份共同投标。( )","A.对
B.错",A
判断题,履行审批手续的项目不一定需要招标。( ),"A.对
B.错",A
"
判断题","某依法必须招标的机电产品国际招标项目，评标委员会由
招标代表1人、招标机构代表1人、技术、经济方面的专家5
人组成。评标委员会组成符合相关法律规定。( )","A.对
B.错","
B"
判断题,评标报告应当由评标委员会全体成员签字。( ),"A.对
B.错",A
判断题,"评标过程中，评标委员会成员有回避事由、擅离职守或者
因健康等原因不能继续评标的，应当及时更换。( )","A.对
B.错",A
判断题,评标委员会成员的名单在中标结果确定前应当保密。( ),"A.对
B.错",A
判断题,"评标委员会成员拒绝在评标报告上签字又不书面说明其不
同意见和理由的，视为不同意评标结果。( )","A.对
B.错",B
判断题,"评标委员会成员可以私下接触投标人，但是不得收受投标
人的财物或者其他好处。( )","A.对
B.错",B
判断题,评标委员会成员人数为三人以上单数组成。( ),"A.对
B.错",B
"
判断题","评标委员会成员收受投标人的财物或者其他好处的，评标
委员会成员或者参加评标的有关工作人员向他人透露对投
标文件的评审和比较、中标候选人的推荐以及与评标有关
的其他情况的，取消担任评标委员会成员的资格，不得再
参加任何依法必须进行招标的项目的评标。( )","
A.对
B.错","
A"
判断题,"评标委员会成员应当客观、公正地履行职务，遵守职业道
德，对所提出的评审意见承担个人责任。( )","A.对
B.错",A
判断题,评标委员会成员与投标人有利害关系的，视情况回避。( ),"A.对
B.错",B
判断题,"评标委员会成员中的专家应当从事相关领域工作满五年并
具有高级职称或者具有同等专业水平。( )","A.对
B.错",B
,,,
判断题,"评标委员会成员中技术、经济等方面的专家不得少于成员
总数的三分之二。( )","A.对
B.错",A
判断题,评标委员会可以接受投标人主动提出的澄清、说明。( ),"A.对
B.错",B
判断题,"评标委员会可以要求投标人对投标文件中含义不明确的内
容作必要的澄清或者说明。( )","A.对
B.错",A
判断题,"评标委员会应当按照招标文件确定的评标标准和方法，对
投标文件进行评审和比较。( )","A.对
B.错",A
判断题,"评标专家专业分类具体的标准和管理办法，由国务院国家
发展改革部门会同国务院有关部门制定。( )","A.对
B.错",A
判断题,"潜在投标人或者其他利害关系人对招标文件有异议的，应
当在投标截止时间10日前提出。( )","A.对
B.错",A
"
判断题","潜在投标人或者其他利害关系人对资格预审文件有异议
的，应当在提交资格预审申请文件截止时间2日前提出。(
)","A.对
B.错","
A"
判断题,"任何单位和个人不得非法干预、影响评标的过程和结果。(
)","A.对
B.错",A
判断题,"任何单位和个人不得将依法必须进行招标的项目化整为零
或者以其他任何方式规避招标。( )","A.对
B.错",A
"
判断题","任何单位和个人不得违法限制或者排斥本地区、本系统以
外的法人或者其他组织参加投标，不得以任何方式非法干
涉招标活动。该规定体现了《招标投标法》的诚实信用原
则。( )","
A.对
B.错","
B"
"
判断题","任何单位和个人不得违法限制或者排斥本地区、本系统以
外的法人或者其他组织参加投标，不得以任何方式非法干
涉招标投标活动。( )","A.对
B.错","
A"
判断题,"任何单位和个人不得以任何方式指定或者变相指定参加评
标委员会的专家成员。( )","A.对
B.错",A
判断题,"属于同一集团、协会、商会等组织成员的投标人按照该组
织要求协同投标，不属于投标人相互串通投标。( )","A.对
B.错",B
判断题,通过资格预审的申请人少于3个的，应当重新招标。( ),"A.对
B.错",A
,,,
"
判断题","同一投标人提交两个以上不同的投标文件或者投标报价，
且招标文件未要求提交备选投标的，评标委员会应当否决
其投标。( )","A.对
B.错","
A"
判断题,投标保证金即定金。( ),"A.对
B.错",B
判断题,投标保证金有效期应当与投标有效期一致。( ),"A.对
B.错",A
判断题,"投标报价低于成本或者高于招标文件设定的最高投标限价
的，评标委员会应当否决其投标。( )","A.对
B.错",A
判断题,"投标联合体没有提交共同投标协议的，评标委员会不能否
决其投标。( )","A.对
B.错",B
判断题,"投标人不得以低于成本的报价竞标，也不得以他人名义投
标或者以其他方式弄虚作假，骗取中标。( )","A.对
B.错",A
判断题,"投标人不再具备资格预审文件、招标文件规定的资格条件
或者其投标影响招标公正性的，其投标无效。( )","A.对
B.错",A
判断题,"投标人参加依法必须进行招标的项目的投标，不受地区或
者部门的限制，任何单位和个人不得非法干涉。( )","A.对
B.错",A
判断题,投标人的近亲属不得担任评标委员会成员。( ),"A.对
B.错",A
判断题,投标人递送投标文件的方式只可通过直接送达方式。( ),"A.对
B.错",B
判断题,投标人对开标有异议的，应当在开标现场提出。( ),"A.对
B.错",A
"
判断题","投标人根据招标文件载明的项目实际情况，拟在中标后将
中标项目的部分非主体、非关键性工作进行分包的，应当
在投标文件中载明。( )","A.对
B.错","
A"
判断题,"投标人或者其他利害关系人对依法必须进行招标的项目的
评标结果有异议的，应当在中标候选人公示期间提出。( )","A.对
B.错",A
判断题,"投标人可以利用评标过程中对投标文件澄清的机会修改其
投标文件，且修改内容应当作为投标文件的组成部分。( )","A.对
B.错",B
判断题,"投标人使用变造的许可证件，不属于《招标投标法》第三
十三条规定的以其他方式弄虚作假的行为。( )","A.对
B.错",B
判断题,"投标人是响应招标、参加投标竞争的法人或者其他组织。(
)","A.对
B.错",A
,,,
判断题,"投标人提供虚假的财务状况或者业绩，属于《招标投标法
》第三十三条规定的以其他方式弄虚作假的行为。( )","A.对
B.错",A
"
判断题","投标人提供虚假的项目负责人或者主要技术人员简历、劳
动关系证明，不属于《招标投标法》第三十三条规定的以
其他方式弄虚作假的行为。( )","A.对
B.错","
B"
判断题,投标人提交投标文件后不得修改其投标文件。( ),"A.对
B.错",B
判断题,"投标人依法对投标文件的修改，可以使用单独的文件进行
密封、签署并提交。( )","A.对
B.错",A
判断题,投标人应当按照招标文件的要求编制投标文件。( ),"A.对
B.错",A
判断题,投标人应当具备承担招标项目的能力。( ),"A.对
B.错",A
判断题,"投标人应当在招标文件要求提交投标文件的截止时间前，
将投标文件送达投标地点。( )","A.对
B.错",A
判断题,"投标人应评标委员会要求对投标文件中含义不明确的内容
进行澄清或者说明，可以超出投标文件的范围。( )","A.对
B.错",B
判断题,"投标人有弄虚作假、行贿等违法行为的，评标委员会应当
否决其投标。( )","A.对
B.错",A
判断题,"投标人之间为谋取中标或者排斥特定投标人而采取的其他
联合行动，属于投标人相互串通投标。( )","A.对
B.错",A
判断题,"投标人之间协商投标报价等投标文件的实质性内容，属于
投标人相互串通投标。( )","A.对
B.错",A
判断题,"投标人之间约定部分投标人放弃投标或者中标，属于不违
法投标行为。( )","A.对
B.错",B
判断题,投标人之间约定中标人，属于投标人相互串通投标。( ),"A.对
B.错",A
判断题,"投标文件必须在招标文件规定的投标截止时间之前送达。(
)","A.对
B.错",A
判断题,"投标文件没有对招标文件的实质性要求和条件作出响应
的，评标委员会不能否决其投标。( )","A.对
B.错",B
判断题,"投标文件未经投标单位盖章和单位负责人签字的，评标委
员会应当否决其投标。( )","A.对
B.错",A
,,,
判断题,"投标文件应当对招标文件提出的实质性要求和条件作出响
应。( )","A.对
B.错",A
判断题,投标有效期从提交投标文件的中止之日起算。( ),"A.对
B.错",B
"
判断题","违反本法规定，必须进行招标的项目而不招标的，将必须
进行招标的项目化整为零或者以其他任何方式规避招标
的，责令限期改正，可以处项目合同金额千分之五以上千
分之十以下的罚款。( )","
A.对
B.错","
A"
"
判断题","为了规范招标投标活动，保护国家利益、社会公共利益和
招标投标活动当事人的合法权益，提高经济效益，保证项
目质量，制定《招标投标法》。( )","A.对
B.错","
A"
判断题,未通过资格预审的申请人不具有投标资格。( ),"A.对
B.错",A
判断题,"需要采用不可替代的专利或者专有技术的，可以不进行招
标。( )","A.对
B.错",A
判断题,"需要向原中标人采购工程、货物或者服务，否则将影响施
工或者功能配套要求，应当进行招标。( )","A.对
B.错",B
判断题,"一个集团公司的两家子公司参加未划分标段的同一招标项
目投标，相关投标经招标监管部门批准后有效。( )","A.对
B.错",B
判断题,一个招标项目只能有一个标底。( ),"A.对
B.错",A
判断题,"一个自然人和一个法人可以组成一个联合体，以一个投标
人的身份共同投标。( )","A.对
B.错",A
"
判断题","依法必须进行招标的项目，自招标文件开始发出之日起至
投标人提交投标文件截止之日止，最短不得少于二十日。(
)","A.对
B.错","
A"
"
判断题","依法必须招标的项目，评标委员会成员未在评标报告中陈
述不同意见和理由，也拒绝签字的，视为同意评标结论。(
)","A.对
B.错","
A"
判断题,依法招标的科研项目可以允许个人参加投标的。( ),"A.对
B.错",A
判断题,"已通过招标方式选定的特许经营项目投资人依法能够自行
建设、生产或者提供，可以不进行招标。( )","A.对
B.错",A
,,,
判断题,"由同一专业的单位组成的联合体，按照资质等级较高的单
位确定资质等级。( )","A.对
B.错",B
判断题,"与投标人有利害关系的人不得进入相关项目的评标委员会
。( )","A.对
B.错",A
判断题,"与投标人有利害关系的人进入相关项目的评标委员会，可
以不进行更换。( )","A.对
B.错",B
判断题,"预算金额为1500万的电梯项目，评标委员会成员人数可以
为5人。( )","A.对
B.错",B
"
判断题","在中华人民共和国境内进行大型基础设施、公用事业等关
系社会公共利益、公众安全的项目的采购，可以进行招标
。( )","A.对
B.错","
B"
判断题,"招标投标活动应当遵循公开、公平、公正和诚实信用的原
则。( )","A.对
B.错",A
判断题,"招标文件不得要求或者标明特定的生产供应者以及含有倾
向或者排斥潜在投标人的其他内容。( )","A.对
B.错",A
判断题,"招标文件对投标人资格条件有规定的，投标人应当具备规
定的资格条件。( )","A.对
B.错",A
判断题,"招标文件没有规定的评标标准和方法不得作为评标的依据
。( )","A.对
B.错",A
判断题,"招标文件要求投标人提交的，投标保证金应当不得超过采
购项目预算金额的2%( )。","A.对
B.错",A
"
判断题","招标文件应当包括招标项目的技术要求、对投标人资格审
查的标准、投标报价要求和评标标准等所有实质性要求和
条件以及拟签订合同的主要条款。( )","A.对
B.错","
A"
判断题,"招标文件中没有规定的标准和方法不得作为评标和中标的
依据，这体现了招标投标活动应遵循的公开原则。( )","A.对
B.错",B
判断题,"招标项目按照国家有关规定需要履行项目审批手续的，应
当先履行审批手续，取得批准。( )","A.对
B.错",A
判断题,招标项目设有标底的，评标委员会应当参考标底。( ),"A.对
B.错",A
"
判断题","招标项目属于建设施工的，投标文件的内容应当包括拟派
出的项目负责人与主要技术人员的简历、业绩和拟用于完
成招标项目的机械设备等。( )","A.对
B.错","
A"
,,,
判断题,招标应当具备法定的条件方可进行。( ),"A.对
B.错",A
判断题,中标候选人应当不超过3个，并标明排序。( ),"A.对
B.错",A
,,,
题型,政府采购法&实施条例 题干,选项,答案
"
单选题","
( )不得采用任何方式，阻挠和限制供应商自由进入本地区
和本行业的政府采购市场。","A.任何单位或个人
B.政府
C.采购人
D.集中采购机构","
A"
"
单选题","
( )对政府采购活动中的违法行为，有权控告和检举，有关
部门、机关应当依照各自职责及时处理。","A.人大代表
B.政协委员
C.经政府采购监督管理部门授权的单位和个人
D.任何单位和个人","
D"
"
单选题","
( )是负责F省甲市政府采购监督管理的部门，依法履行对甲
市政府采购活动的监督管理职责。","A.F省人民政府
B.甲市人民政府
C.F省财政部门
D.甲市财政部门","
D"
"
单选题","
( )是负责政府采购监督管理的部门，依法履行对政府采购
活动的监督管理职责。","A.各级人民政府财政部门
B.各采购单位
C.各级纪检监察机关
D.各级审计机关","
A"
"
单选题","
( )应当对政府采购进行审计监督。","A.司法机关
B.审计机关
C.公安机关
D.行政机关","
B"
"
单选题","( )应当根据国家的经济和社会发展政策，会同国务院有关
部门制定政府采购政策，通过一系列措施，实现节约能源、
保护环境、扶持不发达地区和少数民族地区、促进中小企业
发展等目标。","A.国家发展与改革委员会
B.国务院办公厅
C.国务院财政部门
D.国务院有关部门","
C"
"
单选题","
( )应当加强对参与政府采购活动的国家机关、国家公务员
和国家行政机关任命的其他人员实施监察。","A.监察机关
B.公安机关
C.政府采购监督管理部门
D.行政机关","
A"
"
单选题","
( )应作为政府采购的主要采购方式。","A.公开招标
B.邀请招标
C.竞争性谈判
D.单一来源采购","
A"
,,,
"
单选题","( )在履行政府采购监督管理职责中违反《政府采购法》《
政府采购法实施条例》规定，滥用职权、玩忽职守、徇私舞
弊的，对直接负责的主管人员和其他直接责任人员依法给予
处分。","A.财政部门
B.审计部门
C.公安部门
D.民政部门","
A"
"
单选题","
( )阻挠和限制供应商进入本地区或者本行业政府采购市场
的，责令限期改正。","A.采购人
B.采购代理机构
C.政府采购监管部门
D.任何单位或者个人","
D"
"
单选题","


《中华人民共和国政府采购法》的立法目的是 ( )","A.为了规范政府采购行为，提高政府采购资金的使用效益，维
护国家利益和社会公共利益，保护政府采购当事人的合法权
益，促进廉政建设
B.为了规范政府采购行为，提高财政性资金的使用效益，维护
国家利益和社会公共利益，保护招标投标活动当事人的合法权
益
C.为了规范招标投标活动，保护国家利益、社会公共利益和招
标投标活动当事人的合法权益，提高经济效益，保证项目质量
D.为了规范招标投标活动，保护国家利益、社会公共利益和政
府采购活动当事人的合法权益，保证项目质量，促进廉政建设","


A"
"单选题","

《中华人民共和国政府采购法》的适用范围不包括( )","A.在中华人民共和国境内进行的政府采购
B.在中华人民共和国境外进行的所有采购
C.使用财政性资金购买政府集中采购目录以内的货物、工程和
服务的行为
D.使用财政性资金购买采购限额标准以上的货物、工程和服务
的行为","

B"
"
单选题","
《中华人民共和国政府采购法》的适用范围是( )","A.在中华人民共和国境内进行的政府采购
B.在中华人民共和国境内进行的所有采购
C.使用财政性资金的政府采购
D.所有货物、服务和工程的采购","
A"
"
单选题","
《中华人民共和国政府采购法》第二十二条第一款第五项所
称重大违法记录，不包括( )","A.因违法经营受到刑事处罚
B.责令停产停业
C.吊销许可证
D.罚款200元","
D"
,,,
"
单选题","
《中华人民共和国政府采购法》规定，政府采购应当遵循(
)原则","A.公开透明、公平竞争、公正、诚实信用
B.公开、公平、公正、诚信
C.自愿、平等、公平、诚实信用
D.公开、透明、平等、诚信","
A"
"
单选题","
《中华人民共和国政府采购法》规定，政府采购应当遵循(
)原则","A.可持续发展
B.公开透明
C.低碳
D.自愿","
B"
"
单选题","
《中华人民共和国政府采购法》规定，政府采购应当遵循(
)原则","A.绿色
B.平等
C.公平竞争
D.自愿","
C"
"
单选题","
《中华人民共和国政府采购法》规定，政府采购应当遵循(
)原则","A. 自愿
B.绿色低碳
C.可持续发展
D.公正","
D"
"
单选题","
《中华人民共和国政府采购法》规定，政府采购应当遵循(
)原则","A.诚实信用
B.合理
C.合法
D.自愿","
A"
"
单选题","
《中华人民共和国政府采购法》所称""工程""不包括( )等建
设工程","A.建筑物和构筑物的新建
B.建筑物和构筑物的改建
C.建筑物和构筑物的扩建
D.建筑物和构筑物的日常维护","
D"
"
单选题","
《中华人民共和国政府采购法》所称“财政性资金”是指纳
入( )的资金","A.预算管理
B.部门预算管理
C.预算外资金
D.预算统筹","
A"
"
单选题","
《中华人民共和国政府采购法》所称“服务”包括( )","A.公务员向政府提供的服务
B.社会公众向政府提供的服务
C.政府向公务员提供的服务
D.政府自身需要的服务和政府向社会公众提供的公共服务","
D"
,,,
"
单选题","
《中华人民共和国政府采购法》所称“货物”是指各种形态
和种类的物品，具体包括 ( ) 等","A.原料、材料、装备、商品
B.原料、燃料、装备、商品
C.原材料、燃料、设备、产品
D.原材料、材料、设备、商品","
C"
"
单选题","


《中华人民共和国政府采购法》所指的政府采购是指( )","A.各级国家机关、事业单位和团体组织，使用财政性资金采购
依法制定的集中采购目录以内的或者采购限额标准以上的货物
、工程和服务的行为
B.各级国家机关、事业单位、团体组织和国有企业，使用财政
性资金采购依法制定的集中采购目录以内的或者采购限额标准
以上的货物、工程和服务的行为
C.各级国家机关、事业单位、团体组织、集体企业，使用财政
性资金采购依法制定的集中采购目录以内的或者采购限额标准
以上的货物、工程和服务的行为
D.各级国家机关、事业单位、团体组织、外资企业，使用财政
性资金采购依法制定的集中采购目录以内的或者采购限额标准
以上的货物、工程和服务的行为","


A"
"
单选题","
本国货物、工程和服务的界定，依照( )有关规定执行。","A.国务院办公厅
B.国务院
C.财政部
D.国家发展与改革委员会","
B"
"
单选题","
不能事先计算出价格总额的，可以依照《政府采购法》采用
( )方式采购。","A.单一来源采购
B.竞争性谈判
C.邀请招标
D.公开招标","
B"
"
单选题","
采购的货物规格、标准统一、现货货源充足且价格变化幅度
小的政府采购项目，可以依照本法采用( )采购。","A.单一来源采购
B.询价
C.邀请招标
D.公开招标","
B"
"
单选题","采用公开招标方式的费用占政府采购项目总价值的比例过大
的货物或者服务，可以依照《政府采购法》采用( )方式采
购。","A.单一来源采购
B.竞争性谈判
C.邀请招标
D.公开招标","
C"
,,,
"
单选题","
采用招标所需时间不能满足用户紧急需要的，可以依照《政
府采购法》采用( )方式采购。","A.单一来源采购
B.竞争性谈判
C.邀请招标
D.公开招标","
B"
"
单选题","
除少数例外情形，政府采购应当采购( )货物、工程和服务
。","A.本国
B.外国
C.国际
D.以上均不对","
A"
"
单选题","
对因严重自然灾害和其他不可抗力事件所实施的紧急采购和
涉及国家安全和秘密的采购，不适用( )。","A.民法
B.合同法
C.招标投标法
D.政府采购法","
D"
"
单选题","
对因严重自然灾害和其他不可抗力事件所实施的紧急采购和
涉及国家安全和秘密的采购，不适用( )。","A.民法
B.合同法
C.招标投标法
D.政府采购法","
D"
"
单选题","
供应商参加政府采购活动前( )年内在经营活动中不得有重
大违法记录。","A.1
B.2
C.3
D.4","
C"
"
单选题","
供应商提供假冒伪劣产品的，依照《政府采购法》( )第一
款的规定追究法律责任。","A.第七十一条
B.第七十二条
C.第七十七条
D.第七十八条","
C"
"
单选题","供应商向评标委员会、竞争性谈判小组或者询价小组成员行
贿或者提供其他不正当利益，依照《政府采购法》( )第一
款的规定追究法律责任。","A.第七十一条
B.第七十二条
C.第七十七条
D.第七十八条","
C"
"
单选题","供应商在政府采购活动中采取不正当手段诋毁、排挤其他供
应商的，处以采购金额( )的罚款，列入不良行为记录名
单，在一至三年内禁止参加政府采购活动，有违法所得的，
并处没收违法所得，情节严重的，由工商行政管理机关吊销
营业执照。","A.千分之三以上千分之二十以下
B.千分之三以上千分之十以下
C.千分之十以上千分之二十以下
D.千分之五以上千分之十以下","
D"
,,,
"
单选题","供应商在政府采购活动中采取不正当手段诋毁、排挤其他供
应商的，处以采购金额千分之五以上千分之十以下的罚款，
列入不良行为记录名单，在( )年内禁止参加政府采购活
动，有违法所得的，并处没收违法所得，情节严重的，由工
商行政管理机关吊销营业执照。","A.一至三
B.二至三
C.一至五
D.二至五","
A"
"
单选题","供应商在政府采购活动中拒绝有关部门监督检查或者提供虚
假情况的，处以采购金额( )的罚款，列入不良行为记录名
单，在一至三年内禁止参加政府采购活动，有违法所得的，
并处没收违法所得，情节严重的，由工商行政管理机关吊销
营业执照。","A.千分之三以上千分之二十以下
B.千分之三以上千分之十以下
C.千分之十以上千分之二十以下
D.千分之五以上千分之十以下","
D"
"
单选题","供应商在政府采购活动中拒绝有关部门监督检查或者提供虚
假情况的，处以采购金额千分之五以上千分之十以下的罚
款，列入不良行为记录名单，在( )年内禁止参加政府采购
活动，有违法所得的，并处没收违法所得，情节严重的，由
工商行政管理机关吊销营业执照。","A.一至三
B.二至三
C.一至五
D.二至五","
A"
"
单选题","供应商在政府采购活动中提供虚假材料谋取中标、成交的，
处以采购金额( )的罚款，列入不良行为记录名单，在一至
三年内禁止参加政府采购活动，有违法所得的，并处没收违
法所得，情节严重的，由工商行政管理机关吊销营业执照。","A.千分之三以上千分之二十以下
B.千分之三以上千分之十以下
C.千分之十以上千分之二十以下
D.千分之五以上千分之十以下","
D"
"
单选题","供应商在政府采购活动中提供虚假材料谋取中标、成交的，
处以采购金额千分之五以上千分之十以下的罚款，列入不良
行为记录名单，在( )年内禁止参加政府采购活动，有违法
所得的，并处没收违法所得，情节严重的，由工商行政管理
机关吊销营业执照。","A.一至三
B.二至三
C.一至五
D.二至五","
A"
"单选题","

关于《中华人民共和国政府采购法》,以下说法错误的是( )","A.本法所称政府采购，是指各级国家机关、事业单位和团体组
织，使用财政性资金采购依法制定的集中采购目录以内的或者
采购限额标准以上的货物、工程和服务的行为
B.本法所称货物，是指各种形态和种类的物品，包括原材料、
燃料、设备、产品等
C.本法所称工程，是指建设工程，包括建筑物和构筑物的新建
、改建、扩建、装修、拆除、修缮等
D.本法所称服务，是指货物、工程等政府采购对象","

D"
,,,
"单选题","

关于《中华人民共和国政府采购法》所称“财政性资金”,
下列说法不正确的是( )","A.财政性资金是指纳入预算管理的资金
B.财政性资金是指以税收为主体的财政收入
C.以财政性资金作为还款来源的借贷资金视同财政性资金国家
机关、事业单位和团体组织的采购项目既使用财政性资金又使
用
D.非财政性资金的，使用财政性资金采购的部分，适用《中华
人民共和国政府采购法》及《中华人民共和国政府采购法实施
条例》","

B"
"
单选题","
关于政府采购履约验收，下列说法正确的是( )","A.政府采购监管部门应当组织对供应商履约的验收
B.大型或者复杂的政府采购项目，应当邀请未中标供应商参加
验收工作
C.采购人或采购代理机构验收后应当出具验收书
D.公共服务项目验收结果应当保密","
C"
"单选题","

关于政府采购项目的验收，以下说法中错误的 是 ( ) 。","A.政府向社会公众提供的公共服务项目，验收时可以邀请服务
对象参与并出具意见
B.验收内容要包括每一项技术和商务要求的履约情况，验收标
准要包括所有客观、量化指标
C.分期实施的采购项目，应当结合分期考核的情况，明确分期
验收要求
D.工程类项目的验收方案应当符合行业管理部门规定的标准、
方法和内容","

A"
"单选题","

关于政府采购项目资金支付，下列说法错误的是：( )","A.采购人应当按照政府采购合同规定，及时向中标或者成交供
应商支付采购资金
B.采购人对中标或者成交供应商不满意的，可以拖延支付或者
拒付采购资金
C.政府采购项目资金支付程序，按照国家有关财政资金支付管
理的规定执行
D.采购人不按照政府采购合同规定及时向中标或者成交供应商
支付采购资金的，应当根据政府采购合同规定承担相应的违约
责任","

B"
,,,
"单选题","

关于政府采购验收错误的做法是：( )","A.验收由采购人或其委托的单位负责组织
B.大型或者复杂的项目，应当邀请国家认可的质量检测机构参
加验收
C.技术标准统一的货物合同可以采用点数和目测方式简化验收
程序
D.验收后应当出具验收书，验收方成员应当在验收书上签字，
并承担相应的法律责任","

C"
"
单选题","
国家机关、事业单位和团体组织的采购项目使用以财政性资
金作为还款来源的借贷资金时，下列说法正确的是( )","A.不适用《中华人民共和国政府采购法》
B.不适用《中华人民共和国政府采购法实施条例》
C.适用《中华人民共和国政府采购法》及《中华人民共和国政
府采购法实施条例》
D.以上均不对","
C"
"
单选题","
国家实行统一的政府采购电子交易平台建设标准，推动利用
信息网络进行( )政府采购活动。","A.纸质化
B.无纸化
C.信息化
D.电子化","
D"
"
单选题","
技术复杂或者性质特殊，不能确定详细规格或者具体要求
的，可以依照《政府采购法》采用( )方式采购。","A.单一来源采购
B.竞争性谈判
C.邀请招标
D.公开招标","
B"
"单选题","

甲省F市某政府部门拟于2022年5月采购一批办公设备，以下
供应商具备资格的是( )","
A.天天商贸公司A市分公司
B.新世纪商贸公司，2021年因拖欠税款被追究行政责任
C.宏远商贸公司，2012年因消防设施不完备被停业整顿半个月
D.凤凰商贸公司，因财务会计制度不健全正在停业整顿","

C"
"
单选题","
具有特殊性，只能从有限范围的供应商处采购的货物或者服
务，可以依照《政府采购法》采用( )方式采购。","A.单一来源采购
B.竞争性谈判
C.邀请招标
D.公开招标","
C"
,,,
"
单选题","
军事采购法规由( )另行制定","A.国务院
B.中央军事委员会
C.全国人大常委会
D.全国人民代表大会","
B"
"
单选题","任何单位或个人阻挠和限制供应商进入本地区或者本行业政
府采购市场的，责令限期改正；拒不改正的，由该单位、个
人的( )或者有关机关给予单位责任人或者个人处分。","A.纪委
B.公安部门
C.上级行政主管部门
D.政府采购监管部门","
C"
"
单选题","
三家供应商以联合体形式进行政府采购的，则必须( )具备
本法第二十二条规定的条件","A.一家
B.两家
C.三家
D.以上均不对","
C"
"
单选题","使用国际组织和外国政府贷款进行的政府采购，贷款方、资
金提供方与中方达成的协议对( )另有规定的，可以适用其
规定，但不得损害国家利益和社会公共利益。","A.采购的具体条件
B.采购项目
C.采购人
D.供应商","
A"
"
单选题","使用国际组织和外国政府贷款进行的政府采购，贷款方、资
金提供方与中方达成的协议对采购的具体条件另有规定的，
可以适用其规定，但不得损害( )。","A.贷款方利益
B.资金提供方利益
C.外国政府利益
D.国家利益和社会公共利益","
D"
"
单选题","
属于本单位有特殊要求的项目，经( )批准，可以自行采购
。","A.国务院
B.省级以上人民政府
C.省级人民政府
D.省级政府财政部门","
B"
"
单选题","
属于地方预算的政府采购项目的政府采购限额标准，由( )
确定并公布。","A.省级人民政府
B. 自治区人民政府授权
C.直辖市人民政府
D.以上均对","
D"
"
单选题","
属于中央预算的政府采购项目的政府采购限额标准，由( )
确定并公布。","A.国务院
B.省级以上人民政府
C.地市级以上人民政府
D.县市级以上人民政府","
A"
,,,
"
单选题","
我国政府采购实行( )相结合。","A.集中采购和分散采购
B.招标采购和询价采购
C.公开采购和限制采购
D.招标采购和谈判采购","
A"
"单选题","

下列关于《中华人民共和国政府采购法》的适用范围，理解
正确的是( )","A.从地域方面，划定在中华人民共和国境内
B.从主体方面，划定在各级国家机关、事业单位、团体组织及
国有企业
C.从行为方式方面，包括购买、租赁、委托、雇佣、捐赠等
D.从采购对象方面，仅包括依法制定的集中采购目录以内的货
物和服务","

A"
"
单选题","
下列哪个无权确定并公布属于地方预算的政府采购项目的政
府采购限额标准( )。","A.省级人民政府
B. 自治区人民政府授权
C.直辖市人民政府
D.市级(含)以下人民政府","
D"
"
单选题","
下列哪一个不可以依据《中华人民共和国政府采购法》相关
规定组成联合体参与政府采购投标活动。( )","A.福州师范大学和中国科学院福建物质结构研究所
B.甲公司和乙公司
C.甲公司和乙公司某营业部
D.甲公司和张某","
C"
"单选题","

下列哪一项情形不属于《政府采购法》第七十七条规定的恶
意串通。( )","A.供应商向采购人或采购代理机构询问采购文件中相关术语的
意思
B.供应商按照采购人或者采购代理机构的授意撤换、修改投标
文件或者响应文件
C.供应商之间协商报价、技术方案等投标文件或者响应文件的
实质性内容
D.属于同一集团、协会、商会等组织成员的供应商按照该组织
要求协同参加政府采购活动","

A"
"单选题","

下列哪一项情形不属于《政府采购法》第七十七条规定的恶
意串通。( )","A.供应商直接或者间接从采购人处获得采购文件
B.供应商之间事先约定由某一特定供应商中标、成交
C.供应商与采购人或者采购代理机构之间、供应商相互之间，
为谋求特定供应商中标、成交或者排斥其他供应商的其他串通
行为
D.供应商按照采购人或者采购代理机构的授意撤换、修改投标
文件或者响应文件","

A"
,,,
"
单选题","
下列哪一项政府采购需求应向社会征求意见( )","A.政府向社会公众提供的公共服务项目
B.技术复杂或者性质特殊的采购项目
C.不能确定详细规格或者具体要求的采购项目
D.政府负责建设的政府采购工程项目","
A"
"
单选题","
下列哪种情形适用《政府采购法》( )","A.因严重自然灾害所实施的紧急采购
B.涉及国家安全和秘密的采购
C.因不可抗力事件所实施的紧急采购
D.使用国际组织和外国政府贷款进行的政府采购","
D"
"
单选题","
下面哪一个不可以作为政府采购供应商( )","A.行政机关
B.科研院所
C.高校
D.企业","
A"
"
单选题","
下面哪一个可以作为政府采购供应商( )","A.福州市知识产权局
B.福州市科学技术局
C.福州市金融监督管理局
D.福州大学","
D"
"
单选题","
下面哪一项不属于《中华人民共和国政府采购法》的立法目
的( )","A.维护国家利益
B.维护社会公共利益
C.保护政府采购当事人的合法利益
D.维护个人利益","
D"
"
单选题","
下面哪一项不属于《中华人民共和国政府采购法》的立法目
的( )","A.维护国家利益和社会公共利益
B.保护政府采购当事人的合法利益
C.保护民族产业
D.促进廉政建设","
C"
"
单选题","
下面哪一项不属于《中华人民共和国政府采购法》的立法目
的( )","A.为了规范政府采购行为
B.提高政府采购资金的使用效益
C.维护国家利益和社会公共利益
D.保护国有企业利益","
D"
,,,
"
单选题","


下面哪一项不属于对供应商的差别待遇或者歧视待遇：( )","A.某北京高校公开招标采购执行期为3年的物业管理服务，设
定的资格条件要求投标的供应商具有在京从事高校物业管理经
验
B.某医院公开招标采购执行期为3年的物业管理服务，设定的
资格条件要求投标的供应商提供类似医疗机构物业管理服务的
业绩
C.某单位采购一批IT设备，设定的资格条件要求供应商具备系
统集成一级资质
D.某单位采购电梯，设定的资格条件要求必须是国有企业才能
参加采购活动","


B"
"
单选题","
下面哪一项不属于政府采购应当采购本国货物、工程和服务
的除外情形( )。","A.需要采购的货物、工程或者服务在中国境内无法获取或者无
法以合理的商业条件获取的
B.为在中国境外使用而进行采购的
C.其他法律、行政法规另有规定的
D.必须使用外汇结算的","
D"
"
单选题","
依照《中华人民共和国政府采购法》第七十七条第一款的规
定，以下情形中不需要追究供应商法律责任的是( )。","A.与采购人协商将政府采购合同分包
B.未按照采购文件确定的事项签订政府采购合同
C.将政府采购合同转包
D.擅自变更、中止或者终止政府采购合同","
A"
"单选题","
依照《中华人民共和国政府采购法》第七十七条第一款的规
定，以下情形中不需要追究供应商法律责任的是( )。","A.中标或者成交后无正当理由拒不与采购人签订政府采购合同
B.未按照采购文件确定的事项签订政府采购合同
C.将政府采购合同转包
D.与采购人协商将政府采购合同分包","

D"
"
单选题","
以下不属于政府采购所应实现之国家的经济和社会发展政策
目标的是( )","A.保护环境
B.扶持不发达地区和少数民族地区
C.促进中小企业发展等
D.宏观调控","
D"
"
单选题","
以下哪一个情形不属于《中华人民共和国政府采购法》第二
十二条第一款第五项重大违法记录( )","A.公司采取假报或虚报资格等手段骗取政府采购合同等与经营
活动有关的行为而受到刑事处罚
B.公司的高级管理人员个人因贪污贿赂受到刑事处罚
C.公司因违反环保相关规定被有关部门责令停产停业
D.公司因销售假冒产品被有关部门吊销营业执照","
B"
,,,
"

单选题","



以下哪一项属于以化整为零方式规避公开招标的情形( )","A.某单位年初部门预算编列采购一批服装，预算金额500万
元，公开招标数额标准为100万元，根据具体情况，分两次采
用公开招标采购方式实施采购
B.某单位年初部门预算编列采购一批计算机、打印机，预算金
额100万元，公开招标数额标准为100万元，实施采购过程中，
对计算机、打印机分别实施询价采购方式采购
C.某单位年初部门预算编列采购计算机100台，预算金额50万
元，尚未实施采购，由于工作需要，追加采购计算机100台，
预算金额50万元。公开招标数额标准为100万元，实施采购过
程中，分两次对计算机分别实施询价采购方式采购
D.某单位年初部门预算编列采购计算机100台，预算金额50万
元，采用询价采购方式完成采购后，由于工作需要，调整预算
后追加项目采购预算50万元，并再次采用询价采购方式采购了
计算机100台，公开招标数额标准为100万元","



C"
"单选题","

以下情形中，不属于《中华人民共和国政府采购法》第七十
七条第一款规定的“供应商之间恶意串通”情形的是( )。","A.供应商之间协商报价、技术方案等投标文件或者响应文件的
实质性内容
B.供应商直接或者间接从采购人或者采购代理机构处获得其他
供应商的相关情况
C.供应商之间事先约定由某一特定供应商中标、成交
D.供应商之间商定部分供应商放弃参加政府采购活动或者放弃
中标、成交","

B"
"
单选题","
有下列情形，政府采购可以不采购本国货物、工程和服务。
( )","A.需要采购的货物、工程或者服务在中国境内无法获取或者无
法以合理的商业条件获取的；
B.为在中国境外使用而进行采购的
C.其他法律、行政法规另有规定的
D.以上均对","
D"
"
单选题","
招标后没有供应商投标或者没有合格标的或者重新招标未能
成立的，可以依照《政府采购法》采用( )方式采购。","A.单一来源采购
B.竞争性谈判
C.邀请招标
D.公开招标","
B"
"
单选题","政府采购( ),采用招标方式采购的，适用《中华人民共和国
招标投标法》及其实施条例；采用其他方式采购的，适用政
府采购法及本条例。","A.工程
B.工程建设有关的货物
C.工程建设有关的服务
D.以上均是","
D"
,,,
"
单选题","
政府采购当事人是指在政府采购活动中享有权利和承担义务
的各类主体，包括( )。","A.社会各界
B.采购人和供应商
C.政府采购监督管理部门、采购单位、供应商
D.采购人、供应商和采购代理机构等","
D"
"
单选题","
政府采购当事人是指在政府采购活动中享有权利和承担义务
的各类主体，不包括( )。","A.采购人
B.供应商
C.采购代理机构
D.财政部门","
D"
"
单选题","
政府采购当事人违反《政府采购法》《政府采购法实施条例
》规定，( ),并应依照有关民事法律规定承担民事责任。","A.给他人造成损失的
B.给集体造成损失的
C.给单位造成损失的
D.给国家造成损失的","
A"
"
单选题","
政府采购当事人违反《政府采购法》《政府采购法实施条例
》规定，给他人造成损失的，依法承担( )。","A.刑事责任
B.行政责任
C.民事责任
D.侵权责任","
C"
"
单选题","
政府采购的信息应当在( )指定的媒体上及时向社会公开发
布，但涉及商业秘密的除外","A.政府采购监督管理部门
B.国家发展与改革委员会
C.国务院办公厅
D.国务院","
A"
"
单选题","
政府采购的信息应当在政府采购监督管理部门指定的媒体上
及时向社会公开发布，但涉及( )的除外。","A.企业信息
B.采购人信息
C.商业秘密
D.以上均不对","
C"
"
单选题","政府采购工程以及与工程建设有关的货物、服务，采用招标
方式采购的，适用《中华人民共和国招标投标法》及其实施
条例；采用( )采购的，适用政府采购法及本条例。","A.竞争性谈判
B.单一来源采购
C.竞争性磋商
D.以上均是","
D"
,,,
"单选题","

政府采购监督管理部门( )。","
A.既要设置集中采购机构，也要参与政府采购项目的采购活动
B.不得设置集中采购机构，但可以参与政府采购项目的采购活
动
C.不得设置集中采购机构，不得参与政府采购项目的采购活动
D.可以设置集中采购机构，但不得参与政府采购项目的采购活
动","

C"
"
单选题","政府采购监督管理部门的工作人员在实施监督检查中违反本
法规定滥用职权，玩忽职守，徇私舞弊的，依法给予( );构
成犯罪的，依法追究刑事责任。","A.罚款
B.纪律处分
C.行政处罚
D.行政处分","
D"
"
单选题","
政府采购监督管理部门可以对( )设置不平等条款。","A.民营企业
B.集体企业
C.外资企业
D.以上均不可以","
D"
"
单选题","
政府采购监督管理部门可以根据供应商的( )实施差别待遇
或者歧视待遇","A.供应商的所有制形式
B.供应商的组织形式
C.供应商的股权结构
D.以上均不可以","
D"
"单选题","

政府采购项目属性根据( )原则确定。","A.按照采购项目所占比例确定
B.一律按照财政部制定的《政府采购品目分类目录》确定采购
项目属性
C.按照《政府采购品目分类目录》无法确定的，按照有利于采
购项目实施的原则确定
D.在招标文件中规定采购项目属性","

C"
"
单选题","
政府采购项目信息应当在( )指定的媒体上发布。","A.省级以上人民政府财政部门
B.县级以上人民政府财政部门
C.市级以上人民政府财政部门
D.以上均不对","
A"
,,,
"
单选题","
政府采购应当严格按照批准的( )执行。","A.计划
B.预算
C.项目
D.资金","
B"
"
单选题","
只能从唯一供应商处采购的，可以依照《政府采购法》采用
( )方式采购。","A.单一来源采购
B.竞争性谈判
C.邀请招标
D.公开招标","
A"
"
单选题","
中标、成交通知书对( )和中标、成交供应商均具有法律效
力。","A.采购人
B.供应商
C.采购代理机构
D.以上均不对","
A"
"
单选题","
中标、成交通知书发出后，( )改变中标、成交结果的，应
当依法承担法律责任。","A.采购人
B.供应商
C.采购代理机构
D.以上均不对","
A"
"
单选题","
中标、成交通知书发出后，中标、成交( )放弃中标、成交
项目的，应当依法承担法律","A.采购人
B.供应商
C.采购代理机构
D.以上均不对","
B"
"
多选题","
( )不得采用任何方式，阻挠和限制供应商自由进入本地区
和本行业的政府采购市场。","A.任何单位
B.个人
C.财政部门
D.政府部门","
AB"
"多选题","

( )的货物或者服务，可以依照本法采用竞争性谈判方式采
购。","A.招标后没有供应商投标或者没有合格标的或者重新招标未能
成立的
B.技术复杂或者性质特殊，不能确定详细规格或者具体要求的
C.采用招标所需时间不能满足用户紧急需要的
D.不能事先计算出价格总额的","

ABCD"
,,,
"多选题","

( )的货物或者服务，可以依照本法采用竞争性谈判方式采
购。","
A.招标后没有供应商投标或者没有合格标的或者重新招标未能
成立的
B.技术复杂或者性质特殊，不能确定详细规格或者具体要求的
C.采用招标所需时间不能满足用户紧急需要的
D.具有特殊性，只能从有限范围的供应商处采购的","

ABC"
"多选题","

( )的货物或者服务，可以依照本法采用竞争性谈判方式采
购。","
A.采用公开招标方式的费用占政府采购项目总价值的比例过大
的
B.招标后没有供应商投标或者没有合格标的或者重新招标未能
成立的
C.技术复杂或者性质特殊，不能确定详细规格或者具体要求的
D.采用招标所需时间不能满足用户紧急需要的","

BCD"
"多选题","

( )的货物或者服务，可以依照本法采用竞争性谈判方式采
购。","A.具有特殊性，只能从有限范围的供应商处采购的
B.采用公开招标方式的费用占政府采购项目总价值的比例过大
的
C.招标后没有供应商投标或者没有合格标的或者重新招标未能
成立的
D.技术复杂或者性质特殊，不能确定详细规格或者具体要求的","

CD"
"多选题","
( )的货物或者服务，可以依照本法采用竞争性谈判方式采
购。","A.采用招标所需时间不能满足用户紧急需要的
B.不能事先计算出价格总额的
C.招标后没有供应商投标或者没有合格标的或者重新招标未能
成立的
D.采用公开招标方式的费用占政府采购项目总价值的比例过大
的","

ABC"
"
多选题","
( )对投标供应商进行资格预审的。","A.采购人
B.采购代理机构
C.本级政府
D.财政部门","
AB"
,,,
"
多选题","
( )对政府采购活动中的违法行为，有权控告和检举，有关
部门、机关应当依照各自职责及时处理。","A.人大代表
B.政协委员
C.任何单位
D.任何个人","
CD"
"
多选题","
( )供应商放弃中标、成交项目的，应当依法承担法律责任
。","A.中标
B.成交
C.投标
D.以上均不对","
AB"
"
多选题","
( )通知书对中标、成交供应商具有法律效力。","A.中标
B.成交
C.采购代理机构通知
D.以上均不对","
AB"
"
多选题","( )阻挠和限制供应商进入本地区或者本行业政府采购市场
的，责令限期改正；拒不改正的，由该单位、个人的上级行
政主管部门或者有关机关给予单位责任人或者个人处分。","A.任何单位
B.个人
C.财政部门
D.以上均不对","
AB"
"
多选题","
《政府采购法》所称工程，是指建设工程，包括建筑物和构
筑物的( )和修缮等。","A.新建
B.扩建
C.装修
D.拆除","
ABCD"
"
多选题","
《政府采购法》所称与工程建设有关的服务，是指为完成工
程所需的( )等服务等。","A.勘察
B.设计
C.监理
D.以上均不对","
ABC"
"
多选题","《政府采购法》所称与工程建设有关的货物，是指构成工程
不可分割的组成部分，且为实现工程基本功能所必需的( )
等。","A.设备
B.材料
C.办公用品
D.交通工具","
AB"
"
多选题","
《中华人民共和国政府采购法》第二十二条第一款第五项所
称重大违法记录，包括( )","A.因违法经营受到刑事处罚
B.责令停产停业
C.吊销许可证
D.罚款200元","
ABC"
,,,
"
多选题","
《中华人民共和国政府采购法实施条例》所规范的“服务”
包括( )。","A.公务员向政府提供的服务
B.政府向社会公众提供的公共服务
C.政府向公务员提供的服务
D.政府自身需要的服务","
BD"
"
多选题","
采购的( ),可以依照本法采用询价方式采购。","A.货物规格
B.标准统一
C.现货货源充足且价格变化幅度小的政府采购项目
D.以上均不对","
ABC"
"多选题","

采购活动记录至少应当包括( )等内容。","
A.采购项目类别、名称
B.采购项目预算、资金构成和合同价格
C.采购方式，采用公开招标以外的采购方式的，应当载明原因
D.邀请和选择供应商的条件及原因","

ABCD"
"多选题","

采购活动记录至少应当包括( )等内容。","A.采购项目预算、资金构成和合同价格
B.采购方式，采用公开招标以外的采购方式的，应当载明原因
C.邀请和选择供应商的条件及原因
D.评标标准及确定中标人的原因","

ABCD"
"多选题","

采购活动记录至少应当包括( )等内容。","A.采购方式，采用公开招标以外的采购方式的，应当载明原因
B.邀请和选择供应商的条件及原因
C.评标标准及确定中标人的原因
D.废标的原因","

ABCD"
"
多选题","
采购活动记录至少应当包括( )等内容。","A.邀请和选择供应商的条件及原因
B.评标标准及确定中标人的原因
C.废标的原因
D.采用招标以外采购方式的相应记载","
ABCD"
"
多选题","
采购文件包括( )等文件。","A.采购活动记录
B.采购预算
C.招标文件
D.投标文件","
ABCD"
,,,
"
多选题","
采购文件包括( )等文件。","A.采购预算
B.招标文件
C.投标文件
D.评标标准","
ABCD"
"
多选题","
采购文件包括( )等文件。","A.招标文件
B.投标文件
C.评标标准
D.评估报告","
ABCD"
"
多选题","
采购文件包括( )等文件。","A.评标标准
B.评估报告
C.定标文件
D.合同文本","
ABCD"
"
多选题","
采购文件包括( )等文件。","A.定标文件
B.合同文本
C.验收证明
D.质疑答复","
ABCD"
"
多选题","
采购文件包括( )等文件。","A.合同文本
B.验收证明
C.质疑答复
D.投诉处理决定","
ABCD"
"
多选题","除单一来源采购项目外，为采购项目提供整体设计、规范编
制或者项目管理、监理、检测等服务的供应商，不得再参加
该采购项目的其他采购活动。( )","A.整体设计
B.规范编制
C.项目管理
D.以上均不对","
ABC"
"
多选题","废标后，除采购任务取消情形外，应当重新组织招标；需要
采取其他方式采购的，应当在采购活动开始前获得( )以上
人民政府采购监督管理部门或者政府有关部门批准。","A.设区的市
B. 自治州
C. 自治县
D.以上均不对","
AB"
"
多选题","
供应商不得以向( )询价小组的组成人员行贿或者采取其他
不正当手段谋取中标或者成交。","A.采购人
B.采购代理机构
C.评标委员会的组成人员
D.竞争性谈判小组的组成人员","
ABCD"
,,,
"
多选题","
供应商参加政府采购活动应当具备的条件包含有( )","A.具有独立承担民事责任的能力
B.具有良好的商业信誉和健全的财务会计制度
C.具有履行合同所必需的设备和专业技术能力
D.有依法缴纳税收和社会保障资金的良好记录","
ABCD"
"
多选题","
供应商提供假冒伪劣产品的，不能够依照《政府采购法》(
)第一款的规定追究法律责任。","A.第七十一条
B.第七十二条
C.第七十七条
D.第七十八条","
ABD"
"
多选题","供应商向评标委员会、竞争性谈判小组或者询价小组成员行
贿或者提供其他不正当利益，不能够依照《政府采购法》(
)第一款的规定追究法律责任。","A.第七十一条
B.第七十二条
C.第七十七条
D.第七十八条","
ABD"
"多选题","

供应商有下列情形之一的，属于供应商之间恶意串通，依照
政府采购法第七十七条第一款的规定追究法律责任：( )","A.供应商之间协商报价、技术方案等投标文件或者响应文件的
实质性内容
B.属于同一集团、协会、商会等组织成员的供应商按照该组织
要求协同参加政府采购活动
C.供应商之间事先约定由某一特定供应商中标、成交
D.供应商之间商定部分供应商放弃参加政府采购活动或者放弃
中标、成交","

ABCD"
"多选题","
供应商有下列情形之一的，依照政府采购法第七十七条第一
款的规定追究法律责任：( )","A.中标或者成交后无正当理由拒不与采购人签订政府采购合同
B.未按照采购文件确定的事项签订政府采购合同
C.将政府采购合同转包
D.与采购人协商将政府采购合同分包","

ABC"
"
多选题","供应商在政府采购活动中拒绝有关部门监督检查或者提供虚
假情况的，处以采购金额( )以上( )以下的罚款，列入不良
行为记录名单，在一至三年内禁止参加政府采购活动，有违
法所得的，并处没收违法所得，情节严重的，由工商行政管
理机关吊销营业执照。","A.千分之五
B.千分之十
C.千分之三
D.千分之二十","
AB"
,,,
"
多选题","供应商在政府采购活动中拒绝有关部门监督检查或者提供虚
假情况的，处以采购金额千分之五以上千分之十以下的罚
款，列入不良行为记录名单，在( )至( )年内禁止参加政府
采购活动，有违法所得的，并处没收违法所得，情节严重
的，由工商行政管理机关吊销营业执照。","A.—
B.三
C.二
D.五","
AB"
"
多选题","采购人在采购过程中接受贿赂或者获取其他不正当利益的，
影响中标、成交结果或者可能影响中标、成交结果的，还未
确定中标、成交供应商的，不能采取下列哪个措施。( )","A.终止采购活动
B.中止采购活动
C.暂停采购活动
D.暂停开标","
BCD"
"
多选题","
关于财政性资金，下列说法正确的有( )。","A.财政性资金是指纳入预算管理的资金
B.财政性资金是指以税收为主体的财政收入
C.以财政性资金作为还款来源的借贷资金视同财政性资金
D.财政性资金是指纳入财政管理的资金","
AC"
"
多选题","


关于电子化政府采购，以下哪些说法是正确的：( )","A.电子采购有利于促进采购的公开、公平、公正和信息透明，
也有利于提高政府采购效率，降低采购人和供应商成本
B.各地可结合本地实际，制定本地区的政府采购电子交易平台
建设标准，尽快建立起政府采购管理交易系统，实现政府采购
业务的全流程、全电子化操作
C.按照财政部的规划，全国政府采购管理交易系统是要建成中
央与地方系统统一集中运行、全国基础数据统一集中共享的大
型网络化信息管理系统
D.财政部规划的全国政府采购管理交易系统建设的主要内容是
一个标准化体系、两个业务处理平台、四个共享基础数据库、
八个主要子系统","


AD"
"多选题","

关于集中采购目录的确定和公布，下列说法正确的有( )。","A.属于中央预算的政府采购项目，其集中采购目录由国务院确
定并公布
B.属于中央预算的政府采购项目，其集中采购目录由国务院授
权的机构确定并公布
C.属于地方预算的政府采购项目，其集中采购目录由国务院授
权的机构确定并公布
D.属于地方预算的政府采购项目，其集中采购目录由省、自治
区、直辖市人民政府或者其授权的机构确定并公布","

AD"
,,,
"多选题","

关于政府采购项目资金支付，下列说法正确的是：( )","A.采购人应当按照政府采购合同规定，及时向中标或者成交供
应商支付采购资金
B.采购人对中标或者成交供应商不满意的，可以拖延支付或者
拒付采购资金
C.政府采购项目资金支付程序，按照国家有关财政资金支付管
理的规定执行
D.采购人不按照政府采购合同规定及时向中标或者成交供应商
支付采购资金的，应当根据政府采购合同规定承担相应的违约
责任","

ACD"
"多选题","

关于政府采购验收正确的做法是：( )","A.验收由采购人或其委托的单位负责组织
B.大型或者复杂的项目，可邀请国家认可的质量检测机构参加
验收
C.技术标准统一的货物合同可以采用点数和目测方式简化验收
程序
D.验收后应当出具验收书，验收方成员应当在验收书上签字，
并承担相应的法律责任","

AD"
"
多选题","


关于政府采购政策功能，下列说法正确的是：( )","A.部门预算编制部门，在满足机构自身运转和提供公共服务基
本需求的前提下，应当预留本部门年度政府采购项目预算总额
的30%以上，专门面向中小企业采购
B.政府采购鼓励大中型企业与小微企业组成联合体，共同参加
非专门面向中小企业的政府采购活动，联合体协议中约定小型
、微型企业的协议合同金额占到联合体协议合同金额30%以上
的，可给予联合体2%-4%的价格扣除
C.政府采购活动中，监狱企业视同小微企业，各地区、各部门
应预留采购项目预算总额30%以上的预算，专门面向监狱企业
采购
D.政府采购属于节能清单和环境标志清单中的产品时，在技术
、服务等指标同等条件下，应当优先采购节能清单和环境标志
清单所列的节能和环境标志产品","


AD"
,,,
"多选题","

国家机关、事业单位和团体组织的采购项目既使用财政性资
金又使用非财政性资金时，下列说法正确的有( )。","A.使用财政性资金采购的部分，适用政府采购法及其实施条例
B.使用非财政性资金采购的部分，不适用政府采购法及其实施
条例
C.使用非财政性资金采购的部分，应参照适用政府采购法及其
实施条例
D.财政性资金与非财政性资金无法分割采购的，统一适用政府
采购法及其实施条例","

AD"
"
多选题","
集中采购目录包括( )。","A.集中采购机构项目
B.部门集中采购项目
C.采购代理机构项目
D.单位集中采购项目","
AB"
"
多选题","
可以组成联合体以一个供应商的身份共同参加政府采购的包
括( )。","A.两个以上的自然人
B.两个以上的法人
C.两个以上的其他组织
D.一个自然人和一个法人","
ABCD"
"
多选题","
可以组成联合体以一个供应商的身份共同参加政府采购的包
括( )。","A.一个自然人和一个法人
B.一个自然人和一个其他组织
C.两个以上的其他组织
D.两个自然人","
ABCD"
"
多选题","
可以组成联合体以一个供应商的身份共同参加政府采购的包
括( )。","A.一个其他组织和一个法人
B.一个自然人和一个其他组织
C.一个法人和一个其他组织
D.两个自然人","
ABCD"
"
多选题","
哪些不应当作为政府采购的主要采购方式。( )","A.公开招标
B.邀请招标
C.竞争性谈判
D.单一来源采购","
BCD"
"
多选题","
哪些不应当作为政府采购的主要采购方式。( )","A.单一来源采购
B.竞争性谈判
C.邀请招标
D.公开招标","
ABC"
,,,
"
多选题","
哪些不应当作为政府采购的主要采购方式。( )","A.询价
B.单一来源采购
C.公开招标
D.邀请招标","
ABD"
"
多选题","
哪些情形下采购需求可以不向社会征求意见( )","A.政府向社会公众提供的公共服务项目
B.技术复杂或者性质特殊的采购项目
C.不能确定详细规格或者具体要求的采购项目
D.政府负责建设的政府采购工程项目","
BCD"
"
多选题","使用国际组织和外国政府贷款进行的政府采购，( )与中方
达成的协议对采购的具体条件另有规定的，可以适用其规
定，但不得损害国家利益和社会公共利益。","A.贷款方
B.资金提供方
C.金融机构
D.以上均不对","
AB"
"
多选题","使用国际组织和外国政府贷款进行的政府采购，贷款方、资
金提供方与中方达成的协议对采购的具体条件另有规定的，
可以适用其规定，但不得损害( )。","A.贷款方利益
B.资金提供方利益
C.国家利益
D.社会公共利益","
CD"
"
多选题","
属于( )有特殊要求的项目，应当实行部门集中采购。","A.本部门
B.本系统
C.本单位
D.以上均不对","
AB"
"
多选题","
属于地方预算的政府采购项目，其集中采购目录由( )或者
其授权的机构确定并公布。","A.省人民政府
B. 自治区人民政府
C.直辖市人民政府
D.以上均不对","
ABC"
"多选题","

下列关于政府采购监督管理部门表述错误的是( )。","
A.既要设置集中采购机构，也要参与政府采购项目的采购活动
B.不得设置集中采购机构，但可以参与政府采购项目的采购活
动
C.不得设置集中采购机构，不得参与政府采购项目的采购活动
D.可以设置集中采购机构，但不得参与政府采购项目的采购活
动","

ABD"
,,,
"
多选题","
下列哪个单位无权对参与政府采购活动的国家机关、国家公
务员和国家行政机关任命的其他人员实施监察。( )","A.监察机关
B.公安机关
C.政府采购监督管理部门
D.行政机关","
BCD"
"
多选题","
下列哪个单位无权对政府采购进行审计监督。( )","A.司法机关
B.审计机关
C.公安机关
D.行政机关","
ACD"
"
多选题","
下列哪些可以依据《中华人民共和国政府采购法》相关规定
组成联合体参与政府采购投标活动。( )","A.福州师范大学和中国科学院福建物质结构研究所
B.甲公司和乙公司
C.甲公司和乙公司某营业部
D.甲公司和张某","
ABD"
"多选题","

下列哪些情形的货物或者服务，可以依照本法采用邀请招标
方式采购 。  ( )","A.具有特殊性，只能从有限范围的供应商处采购的
B.采用公开招标方式的费用占政府采购项目总价值的比例过大
的
C.招标后没有供应商投标或者没有合格标的或者重新招标未能
成立的
D.技术复杂或者性质特殊，不能确定详细规格或者具体要求的","

AB"
"
多选题","
下列哪些情形的货物或者服务，可以依照本法采用邀请招标
方式采购 。  ( )","A.采用招标所需时间不能满足用户紧急需要的
B.不能事先计算出价格总额的
C.具有特殊性，只能从有限范围的供应商处采购的
D.采用公开招标方式的费用占政府采购项目总价值的比例过大
的","
CD"
"多选题","

下列哪些说法不正确( )","A.在政府采购项目中，可以对投标人的公司性质设置具体规定
B.通过入围方式设置备选库、名录库、资格库，有利于政府采
购规范化管理
C.投标人投标的，应当进行登记、注册，或按要求设立分支机
构
D.为了确保政府采购项目顺利实施，应当对投标人的经营规模
设置具体要求","

ABCD"
,,,
"多选题","

下列哪些行为符合《政府采购法》规定( )","A.政府采购法所称采购人，是指各级国家机关、企事业单位和
团体组织
B.政府采购法所称的财政性资金是指纳入预算管理的资金，以
财政性资金作为还款来源的借贷资金，视同财政性资金
C.集中采购目录以内的或者采购限额标准以上的货物属于政府
采购的范畴
D.我国政府采购实行集中采购与分散采购相结合","

BCD"
"
多选题","
下列哪些行为适用于《政府采购法》( )","A.某公立医院使用预算管理资金，采购临床需要的麻醉机
B.公开招标采购某市政工程建设所需的大型挖掘机
C.竞争性磋商方式采购某市政工程所需的车辆
D.单一来源方式采购某市政工程建设环境服务","
ACD"
"多选题","

下列哪一项情形属于《政府采购法》第七十七条规定的恶意
串通。( )","A.供应商向采购人或采购代理机构询问采购文件中相关术语的
意思
B.供应商按照采购人或者采购代理机构的授意撤换、修改投标
文件或者响应文件
C.供应商之间协商报价、技术方案等投标文件或者响应文件的
实质性内容
D.属于同一集团、协会、商会等组织成员的供应商按照该组织
要求协同参加政府采购活动","

BCD"
"多选题","

下列哪一项情形属于《政府采购法》第七十七条规定的恶意
串通。( )","A.供应商直接或者间接从采购人处获得采购文件
B.供应商之间事先约定由某一特定供应商中标、成交
C.供应商与采购人或者采购代理机构之间、供应商相互之间，
为谋求特定供应商中标、成交或者排斥其他供应商的其他串通
行为
D.供应商按照采购人或者采购代理机构的授意撤换、修改投标
文件或者响应文件","

BCD"
"
多选题","
下列哪种情形不适用《政府采购法》( )","A.因严重自然灾害所实施的紧急采购
B.涉及国家安全和秘密的采购
C.因不可抗力事件所实施的紧急采购
D.使用国际组织和外国政府贷款进行的政府采购","
ABC"
"
多选题","
下面哪些不可以作为政府采购供应商( )","A.福州省知识产权局
B.福州市科学技术局
C.福州市金融监督管理局
D.福州大学","
ABC"
,,,
"
多选题","
下面哪些可以作为政府采购供应商( )","A.行政机关
B.科研院所
C.高校
D.企业","
BCD"
"
多选题","
下面哪些属于《中华人民共和国政府采购法》的立法目的(
)","A.维护国家利益
B.维护社会公共利益
C.维护采购人利益
D.维护个人利益","
AB"
"
多选题","
下面哪些属于《中华人民共和国政府采购法》的立法目的(
)","A.维护国家利益和社会公共利益
B.保护政府采购当事人的合法利益
C.保护民族产业
D.促进廉政建设","
ABD"
"
多选题","
下面哪些属于《中华人民共和国政府采购法》的立法目的(
)","A.为了规范政府采购行为
B.提高政府采购资金的使用效益
C.维护国家利益和社会公共利益
D.保护国有企业利益","
ABC"
"多选题","

下面哪些属于以不合理的条件对供应商的差别待遇或者歧视
待遇：( )","A.就同一采购项目向供应商提供有差别的项目信息
B.设定的资格、技术、商务条件与采购项目的具体特点和实际
需要不相适应或者与合同履行无关
C.采购需求中的技术、服务等要求指向特定供应商、特定产品
D.以特定行政区域或者特定行业的业绩、奖项作为加分条件或
者中标、成交条件","

ABCD"
"多选题","

下面哪些属于以不合理的条件对供应商的差别待遇或者歧视
待遇：( )","
A.采购需求中的技术、服务等要求指向特定供应商、特定产品
B.以特定行政区域或者特定行业的业绩、奖项作为加分条件或
者中标、成交条件
C.对供应商采取不同的资格审查或者评审标准
D.限定或者指定特定的专利、商标、品牌或者供应商","

ABCD"
"
多选题","
下面哪些属于以不合理的条件对供应商的差别待遇或者歧视
待遇：( )","A.以特定行政区域或者特定行业的业绩、奖项作为加分条件或
者中标、成交条件
B.对供应商采取不同的资格审查或者评审标准
C.限定或者指定特定的专利、商标、品牌或者供应商
D.非法限定供应商的所有制形式、组织形式或者所在地","
ABCD"
,,,
"
多选题","
下面哪一项( )是采购文件中，允许供应商提交的非现金的
履约保证金形式","A.支票
B.汇票
C.本票
D.金融机构出具的保函","
ABCD"
"
多选题","
下面哪一项( )是采购文件中，允许供应商提交的非现金的
履约保证金形式","A.支票
B.汇票
C.本票
D.担保机构出具的保函","
ABCD"
"
多选题","
下面哪一项( )是采购文件中，允许供应商提交的非现金的
履约保证金形式","A.金融机构出具的保函
B.担保机构出具的保函
C.支票
D.汇票","
ABCD"
"
多选题","
下面哪一项( )是采购文件中，允许供应商提交的非现金的
履约保证金形式","A.金融机构出具的保函
B.担保机构出具的保函
C.本票
D.汇票","
ABCD"
"
多选题","
依照《中华人民共和国政府采购法》第七十七条第一款的规
定，以下情形中需要追究供应商法律责任的是( )。","A.与采购人协商将政府采购合同分包
B.未按照采购文件确定的事项签订政府采购合同
C.将政府采购合同转包
D.擅自变更、中止或者终止政府采购合同","
BCD"
"多选题","
依照《中华人民共和国政府采购法》第七十七条第一款的规
定，以下情形中需要追究供应商法律责任的是( )。","A.中标或者成交后无正当理由拒不与采购人签订政府采购合同
B.未按照采购文件确定的事项签订政府采购合同
C.将政府采购合同转包
D.与采购人协商将政府采购合同分包","

ABC"
"
多选题","
以下哪些部门无权履行对F省甲市政府采购活动的监督管理
职责。( )","A.F省人民政府
B.甲市人民政府
C.F省财政部门
D.甲市财政部门","
ABC"
"
多选题","
以下哪些部门无权履行对政府采购活动的监督管理职责。(
)","A.各级人民政府财政部门
B.各采购单位
C.各级纪检监察机关
D.各级审计机关","
BCD"
,,,
"多选题","

以下哪些情形的货物或者服务，可以依照本法采用单一来源
方式采购。( )","A.只能从唯一供应商处采购的
B.发生了不可预见的紧急情况不能从其他供应商处采购的
C.必须保证原有采购项目一致性或者服务配套的要求，需要继
续从原供应商处添购，且添购资金总额不超过原合同采购金额
百分之十的
D.招标后没有供应商投标或者没有合格标的或者重新招标未能
成立的","

ABC"
"
多选题","
以下哪些情形属于政府采购法重大违法记录的范围：( )","A.公司采取假报或虚报资格等手段骗取政府采购合同等与经营
活动有关的行为而受到刑事处罚
B.公司的高级管理人员个人因贪污贿赂受到刑事处罚
C.公司因违反环保相关规定被有关部门责令停产停业
D.公司因销售假冒产品被有关部门吊销营业执照","
ACD"
"
多选题","
以下哪些事项应当采用书面形式：( )","A.供应商向采购人提出询问
B.供应商向采购人提出质疑
C.供应商向政府采购监督管理部门提出投诉
D.采购人答复供应商的询问","
BC"
"
多选题","
以下哪些属于单一来源采购方式的法定情形：( )","A.只能从唯一供应商处采购的
B.通过单一来源采购公示，没有不同意见反馈的
C.发生了不可预见的紧急情况不能从其他供应商处采购的
D.必须保证原有采购项目一致性或者服务配套的要求，需要继
续从原有供应商处添购的","
AC"
"多选题","

以下哪些资格证明材料是供应商参加政府采购活动时必须提
供的：( )","A.法人或者其他组织的营业执照等证明文件，自然人的身份证
明
B.供应商是法人的，应提供经审计的资产负债表、利润表、现
金流量表、所有者权益变动表及其附注，或其基本开户银行出
具的资信证明
C.参与采购活动前三年内在经营活动中没有重大违法记录的书
面声明
D.履行合同所必需的设备和专业技术能力的证明材料","

ABCD"
,,,
"多选题","

以下哪种关于批量集中采购的说法是正确的：( )","A.未列入集中采购目录以内的项目适合实施批量集中采购
B.批量集中采购只能采用公开招标采购方式
C.应当实行批量集中采购的，但紧急的小额零星货物项目和有
特殊要求的服务、工程项目可不实行批量集中采购
D.可以在电子商城中开辟批量集中采购频道，以电子拍卖方式
实施竞价采购","

CD"
"多选题","

以下情形中，属于《中华人民共和国政府采购法》第七十七
条第一款规定的“供应商之间恶意串通”情形的是( )。","A.供应商之间协商报价、技术方案等投标文件或者响应文件的
实质性内容
B.供应商直接或者间接从采购人或者采购代理机构处获得其他
供应商的相关情况
C.供应商之间事先约定由某一特定供应商中标、成交
D.供应商之间商定部分供应商放弃参加政府采购活动或者放弃
中标、成交","

ACD"
"多选题","

以下说法错误的是( )。","A.属于本单位有特殊要求的项目，经省级以上人民政府批准，
可以自行采购
B.属于本单位有特殊要求的项目，经市级以上人民政府批准，
可以自行采购
C.属于本单位有特殊要求的项目，经县级以上人民政府批准，
可以自行采购
D.属于本单位有特殊要求的项目，经单位领导批准，可以自行
采购","

BCD"
"
多选题","

有政府采购法第七十一条、第七十二条规定的违法行为之
一，影响或者可能影响中标、成交结果的，依照下列规定处
理：( )","A.未确定中标或者成交供应商的，纠正违法行为后，继续开展
政府采购活动
B.已确定中标或者成交供应商但尚未签订政府采购合同的，中
标或者成交结果无效，从合格的中标或者成交候选人中另行确
定中标或者成交供应商；没有合格的中标或者成交候选人的，
重新开展政府采购活动
C.政府采购合同已签订但尚未履行的，撤销合同，从合格的中
标或者成交候选人中另行确定中标或者成交供应商；没有合格
的中标或者成交候选人的，重新开展政府采购活动
D.政府采购合同已经履行，给采购人、供应商造成损失的，由
采购人、供应商自行承担损失责任","


BC"
,,,
"
多选题","
在招标采购中，出现下列情形之一的，应予废标( )","A.符合专业条件的供应商或者对招标文件作实质响应的供应商
不足三家的 ；
B.出现影响采购公正的违法、违规行为的；
C.投标人的报价均超过了采购预算，采购人不能支付的；
D.因重大变故，采购任务取消的。","
ABCD"
"
多选题","
政府采购当事人不得相互串通损害下列哪些利益，不得以任
何手段排斥其他供应商参与竞争。( )","A.国家利益
B.社会公共利益
C.其他当事人的合法利益
D.以上均不对","
ABC"
"
多选题","
政府采购当事人是指在政府采购活动中享有权利和承担义务
的各类主体，包括( )。","A.采购人
B.供应商
C.采购代理机构
D.财政部门","
ABC"
"
多选题","
政府采购当事人是指在政府采购活动中享有权利和承担义务
的各类主体，包括( )等。","A.采购人
B.供应商
C.采购代理机构
D.以上均不对","
ABC"
"
多选题","
政府采购当事人是指政府采购活动中享有权利和承担义务的
各类主体，下列选项不属于政府采购当事人的是( )。","A.社会各界
B.采购人和供应商
C.政府采购监督管理部门、采购单位、供应商
D.采购人、供应商和采购代理机构等","
AC"
"
多选题","
政府采购的采购主体为( )","A.国家机关
B.事业单位
C.团体组织
D.国企单位","
ABC"
"
多选题","
政府采购的对象( )","A.货物
B.工程
C.服务
D.以上都不对","
ABC"
"
多选题","
政府采购工程依法不进行招标的应采用以下哪种方式采购：
( )","A.竞争性谈判
B.询价
C.单一来源采购
D.竞争性磋商","
ACD"
,,,
"
多选题","政府采购工程以及与工程建设有关的货物、服务，采用( )
方式采购的，适用《中华人民共和国招标投标法》及其实施
条例。","A.公开招标
B.竞争性谈判
C.邀请招标
D.单一来源采购","
AC"
"
多选题","
政府采购可以采用以下哪些方式。( )","A.公开招标
B.邀请招标
C.竞争性谈判
D.单一来源采购","
ABCD"
"
多选题","
政府采购可以采用以下哪些方式。( )","A.询价
B.公开招标
C.邀请招标
D.竞争性谈判","
ABCD"
"
多选题","
政府采购可以采用以下哪些方式。( )","A.公开招标
B.邀请招标
C.竞争性谈判
D.国务院政府采购监督管理部门认定的其他采购方式","
ABCD"
"
多选题","
政府采购实行( )相结合。","A.集中采购
B.分散采购
C. 自主采购
D. 自由采购","
AB"
"
多选题","
政府采购项目的采购标准是指项目采购所依据的标准，包
括：( )","A.经费预算标准
B.资产配置标准
C.技术标准
D.服务标准","
ABCD"
"
多选题","
政府采购应当采购本国货物、工程和服务，但除外情形有(
)。","A.需要采购的货物、工程或者服务在中国境内无法获取或者无
法以合理的商业条件获取的
B.为在中国境外使用而进行采购的
C.其他法律、行政法规另有规定的
D.必须使用外汇结算的","
ABC"
"
多选题","
政府采购应当遵循( )原则。","A.公开透明
B.公正
C.公平竞争
D.诚实信用","
ABCD"
,,,
"
多选题","政府采购政策可以通过( )措施，实现节约能源、保护环境
、扶持不发达地区和少数民族地区、促进中小企业发展等目
标。","A.预留采购份额
B.价格评审优惠
C.优先采购
D.制定采购需求标准","
ABCD"
"
多选题","
政府采购中的货物，是指各种形态和种类的物品，包括( )","A.原材料
B.燃料
C.设备
D.产品","
ABCD"
"
多选题","
政府向社会公众提供的公共服务项目，正确的说法是( )","A.应当采用公开招标方式采购
B.应当就确定采购需求征求社会公众的意见
C.评审中应当邀请服务对象参与并出具意见
D.验收时应当邀请服务对象参与并出具意见","
BD"
"
多选题","
资格预审公告应当包括( )以及供应商提交资格预审申请文
件的时间和地点。","A.采购人
B.采购项目名称
C.采购需求
D.对供应商的资格要求","
ABCD"
"
多选题","
资格预审合格的供应商在评审阶段资格发生变化的，应当通
知( )","A.采购人
B.采购代理机构
C.本级政府
D.财政部门","
AB"
判断题,"《政府采购法》规定，政府采购应当遵循公开透明原则、公
平竞争原则、公正原则和诚实信用原则。( )","A.正确
B.错误",A
判断题,"《政府采购法》所称服务，是指除货物和工程以外的其他政
府采购对象。( )","A.正确
B.错误",A
判断题,"《政府采购法》所称工程，是指建设工程，包括建筑物和构
筑物的新建、改建、扩建、装修、拆除、修缮等。( )","A.正确
B.错误",A
判断题,"《政府采购法》所称货物，是指各种形态和种类的物品，包
括原材料、燃料、设备、产品等。( )","A.正确
B.错误",A
判断题,《政府采购法》自2003年1月1日起施行。( ),"A.正确
B.错误",A
判断题,"财政监管部门可以限制供应商自由进入本地区和本行业的政
府采购市场。( )","A.正确
B.错误",B
判断题,采购文件应当以纸制档案方式保存( ),"A.正确
B.错误",B
,,,
判断题,"诚实信用原则要求采购主体在项目发标、信息发布、评标审
标中要真实，不得有所隐瞒。( )","A.正确
B.错误",A
判断题,"发生了不可预见的紧急情况不能从其他供应商处采购的，可
以采用单一来源方式采购。( )","A.正确
B.错误",A
判断题,"法院应当对政府采购项目的采购活动进行检查，政府采购当
事人应当如实反映情况，提供有关材料。( )","A.正确
B.错误",B
"
判断题","各机构应当按照国家有关强制采购或者优先采购的规定，采
购列入节能产品、设备政府采购名录和环境标志产品政府采
购名录中的产品、设备，不得采购国家明令淘汰的用能产品
、设备。( )","
A.正确
B.错误","
A"
判断题,"各级人民政府审计部门是负责政府采购监督管理部门，依法
履行对政府采购活动的监督管理职责。( )","A.正确
B.错误",B
判断题,"供应商采取不正当手段诋 毁 、排挤其他供应商的，中标、
成交无效。( )","A.正确
B.错误",A
判断题,"供应商参加政府采购活动应当具有独立承担民事责任的能力
。( )","A.正确
B.错误",A
判断题,"供应商参加政府采购活动应当具有良好的商业信誉和健全的
财务会计制度。( )","A.正确
B.错误",A
判断题,"供应商参加政府采购活动应当有依法缴纳税收和社会保障资
金的良好记录。( )","A.正确
B.错误",A
判断题,"供应商参加政府采购活动应当在参加政府采购活动前三年内
经营活动中没有重大违法记录。( )","A.正确
B.错误",A
判断题,"供应商提供虚假材料谋取中标、成交的，中标、成交仍然有
效。( )","A.正确
B.错误",B
"
判断题","国家实行有利于循环经济发展的政府采购政策。使用财政性
资金进行采购的，应当优先采购节能节水节材和有利于保护
环境的产品及再生产品。( )","A.正确
B.错误","
A"
判断题,"货物服务采购项目达到公开招标数额标准的，可以采用公开
招标方式或其他方式。( )","A.正确
B.错误",B
判断题,"货物或者服务具有特殊性，只能从有限范围的供应商处采购
的可以采用竞争性谈判方式采购。( )","A.正确
B.错误",B
判断题,"集中采购的范围由省级以上人民政府公布的集中采购目录确
定。( )","A.正确
B.错误",A
,,,
"
判断题","集中采购机构进行政府采购活动，应当符合采购价格低于市
场平均价格、采购效率更高、采购质量优良和服务良好的要
求。( )","A.正确
B.错误","
A"
判断题,"监察部门应当对政府采购项目的采购活动进行检查，政府采
购当事人应当如实反映情况，提供有关材料。( )","A.正确
B.错误",B
判断题,"竞争性谈判应根据符合采购需求、质量和服务相等且报价最
低的原则确定成交供应商。( )","A.正确
B.错误",A
判断题,"联合体投标的，如果由联合体中的一方名义提交投标保证金
的，对联合体各方均具有约束力。( )","A.正确
B.错误",A
判断题,"联合体中有同类资质的供应商按照联合体分工承担相同工作
的，应当按照资质等级较低的供应商确定资质等级。( )","A.正确
B.错误",A
"
判断题","联合体中有同类资质的供应商按照联合体分工承担相同工作
的，应当按照资质等级较高的供应商确定资质等级。( )","A.正确
B.错误","
B"
判断题,"两个以上的自然人、法人或者其他组织可以组成一个联合
体，以一个供应商的身份共同参加政府采购。( )","A.正确
B.错误",A
"
判断题","强制采购的节能产品包含计算机设备、输入输出设备、制冷
空调设备、镇流器、生活用电电器、照明设备、电视设备、
视频设备(监视器)、水嘴。( )","A.正确
B.错误","
A"
判断题,"任何单位和个人不得采用任何方式，阻挠和限制供应商自由
进入本地区和本行业的政府采购市场。( )","A.正确
B.错误",A
判断题,审计机关应当对政府采购进行审计监督。( ),"A.正确
B.错误",A
判断题,"市级政府部门可以限制供应商自由进入本地区和本行业的政
府采购市场。( )","A.正确
B.错误",B
"
判断题","属于地方预算的政府采购项目，其集中采购目录和政府采购
限额标准由省、自治区、直辖市人民政府或者其授权的机构
确定并公布。( )","A.正确
B.错误","
A"
"
判断题","属于地方预算的政府采购项目，其集中采购目录由省、自治
区、直辖市人民政府或者其授权的机构确定并公布。( )","A.正确
B.错误","
A"
判断题,"属于地方预算的政府采购项目，其集中采购目录由市级人民
政府或者其授权的机构确定并公布。( )","A.正确
B.错误",B
,,,
判断题,"属于地方预算的政府采购项目，其集中采购目录由县级人民
政府或者其授权的机构确定并公布。( )","A.正确
B.错误",B
"
判断题","我国《政府采购法》规定，除极少数法定情形外，政府采购
应当采购本国货物、工程和服务。这一规定体现了政府采购
具有活跃市场经济的功能。( )","A.正确
B.错误","
A"
判断题,"我国政府采购法律制度由《政府采购法》、国务院颁布的一
系列部门规章，以及地方性法规和政府规章组成。( )","A.正确
B.错误",B
判断题,"在政府采购相关法律法规中，无效投标的概念等同于废标的
概念。( )","A.正确
B.错误",B
判断题,"在中华人民共和国境内进行的政府采购和军事采购适用《政
府采购法》。( )","A.正确
B.错误",B
判断题,"招标后没有供应商投标或者没有合格标的或者重新招标未能
成立的，可以采用竞争性谈判方式采购。( )","A.正确
B.错误",A
判断题,"政府采购，在同等条件下应当优先购买残疾人福利性单位的
产品或者服务。( )","A.正确
B.错误",A
"
判断题","政府采购当事人不得相互串通损害国家利益、社会公共利益
和其他当事人的合法权益；不得以任何手段排斥其他供应商
参与竞争。( )","A.正确
B.错误","
A"
判断题,政府采购的对象包括货物、工程、服务和知识产权。( ),"A.正确
B.错误",B
判断题,"政府采购的信息应当在政府采购监督管理部门指定的媒体上
及时向社会公开发布，但涉及企业名称的除外。( )","A.正确
B.错误",B
判断题,"政府采购的信息应当在政府采购监督管理部门指定的媒体上
及时向社会公开发布，但涉及商业秘密的除外。( )","A.正确
B.错误",A
判断题,"政府采购的信息应当在政府采购监督管理部门指定的媒体上
及时向社会公开发布，但涉及商业秘密的除外。( )","A.正确
B.错误",A
判断题,政府采购工程进行招标投标的，适用招标投标法。( ),"A.正确
B.错误",A
判断题,"政府采购监督管理部门、政府采购各当事人有关政府采购活
动，应当接受审计机关的审计监督。( )","A.正确
B.错误",A
判断题,政府采购实行集中采购和分散采购相结合。( ),"A.正确
B.错误",A
,,,
"
判断题","政府采购是指各级国家机关、企事业单位和团体组织，使用
财政性资金采购依法制定的集中采购目录内的或者采购限额
标准以上的货物、工程和服务的行为。( )","A.正确
B.错误","
B"
判断题,政府采购项目的采购标准应当公开。( ),"A.正确
B.错误",A
判断题,政府采购应当采购本国货物、工程和服务，没有例外。( ),"A.正确
B.错误",B
判断题,政府采购应当严格按照批准的预算执行。( ),"A.正确
B.错误",A
判断题,政府采购应当严格按照批准的预算执行。( ),"A.正确
B.错误",A
"
判断题","政府采购应当有助于实现国家的经济和社会发展政策目标，
包括保护环境，扶持不发达地区和少数民族地区，促进中小
企业发展等。( )","A.正确
B.错误","
A"
判断题,"政府采购制度是一项重要的财政支出管理制度，是公共财政
的重要组成部分。( )","A.正确
B.错误",A
判断题,政府采购中公开招标是政府采购的主要采购方式。( ),"A.正确
B.错误",A
判断题,政府采购中竞争性谈判是政府采购的主要采购方式。( ),"A.正确
B.错误",B
判断题,政府采购中邀请招标应作为政府采购的主要采购方式。( ),"A.正确
B.错误",B
判断题,"政府采购主体中的国家机关是指各级国家权力机关、行政机
关、司法机关、党务机关等。( )","A.正确
B.错误",A
判断题,"政府采购资金为财政性资金。按照财政部的现行规定，财政
性资金是指预算内资金、预算外资金的总和。( )","A.正确
B.错误",B
判断题,"政府集中采购目录和采购限额标准依照《政府采购法》规定
的权限制定。( )","A.正确
B.错误",A